Sales+Ops Demand Supply — Append1 (auto-computed),,,,,,,,,,,,,,,,,,,,,,,,,,,,,,,,,,,,,,,,,,,,,
Item Group,Item Code,Product Class,Original Forecast,Ops+Sales-Reviewed Forecast Committed,Ops Adjustment (vs Forecast),Actual Sales Demand,"Additional Demand (Punched, Not Committed)",Forecast Accuracy %,Opening Inventory,Actual Production,Stock Adjustment (Added),Stock Adjustment (Deducted),Total Available Inventory,Type (MTS/MTO),Actual Dispatch,Dispatch %,Closing Inventory,Green Level,Free Inventory (Above Green Level),Uncovered Shortfall,Dispatch Gap (Shippable from Stock),Shortfall on Additional Demand (Excluded from Ops),Demand Reduction Adjustment (Sales Pullback),Production-Driven Shortfall,Production Surplus,Excess Opening Stock (Above Demand+Safety),Excess Dispatched,Sales Insight Tag,Sales Narrative,Operations Insight Tag,Operations Narrative,Ops Capacity Gap Narrative,Surplus Production (₹),Excess Opening Stock Value (₹),Build Required,Production Counted,Production-Driven Shortfall (₹),Dispatch Gap (Shippable from Stock) (₹),Shortfall on Additional Demand (₹),Demand Reduction Adjustment (₹),Excess Dispatch Value (₹),Excess Dispatched from Op Stock,Excess Dispatch from Surplus Production,Excess Dispatch from Op Stock Value (₹),Excess Dispatch from Surplus Production Value (₹)
TB 74,2SQTX M05 B06 117 MH,Regular,600.0,600.0,,600.0,,100%,1545.0,,,,1545.0,MTO,,0.0%,1545.0,,1545.0,600.0,600.0,,,,,945.0,,Short Delivery | Forecast Bullseye,Dispatch 0% of committed (0 vs 600). MTO item — demand is order-driven. Forecast hit dead-on (0% variance) — strong demand sensing. Action: recover shortfall of 600 units.,Healthy Stock,Produced 0 units against committed 600 units.,Ops accepted Sales forecast in full. No capacity gap at plan stage.,,38209.15,,,,,,,,,,,
Brake Booster,BB2424TM1664,Regular,,,,,,,,,3960.0,1980.0,1980.0,TBC,1980.0,,0.0,,,,,,,,,,1980.0,Forecast Bullseye,"Dispatch 1,980 units (no committed demand). Forecast hit dead-on (0% variance) — strong demand sensing. Action: review over-commit of 1,980 units.",Healthy Stock,Produced 0 units against committed 0 units.,Ops accepted Sales forecast in full. No capacity gap at plan stage.,,,,,,,,,,,1980.0,,
Others,BC M01 B10 133 MRY4,Regular,,,,,,,,4425.0,9425.0,9425.0,4425.0,TBC,,,4425.0,,4425.0,,,,,,4425.0,,,Forecast Bullseye,Dispatch 0 units (no committed demand). Forecast hit dead-on (0% variance) — strong demand sensing. No open commitment gap.,Healthy Stock,"Produced 4,425 units against committed 0 units.",Ops accepted Sales forecast in full. No capacity gap at plan stage.,,,,,,,,,,,,,
Others,CC M11 B14 35 AL,Regular,5400.0,5400.0,,5400.0,,100%,25.0,,,,25.0,MTO,,0.0%,25.0,,25.0,5400.0,25.0,,,5375.0,,,,Short Delivery | Forecast Bullseye,"Dispatch 0% of committed (0 vs 5,400). MTO item — demand is order-driven. Forecast hit dead-on (0% variance) — strong demand sensing. Action: recover shortfall of 5,400 units.",Production Shortfall,"Produced 0 units against committed 5,400 units. Shortfall of 5,375 units — expedite production or procure.",Ops accepted Sales forecast in full. No capacity gap at plan stage.,,,5375.0,,,,,,,,,,
Others,CD M01 B01 50 X 40 (JNIL),Regular,,,,,,,,500.0,500.0,500.0,500.0,MTO,500.0,,0.0,,,,,,,,500.0,,500.0,Forecast Bullseye,Dispatch 500 units (no committed demand). MTO item — demand is order-driven. Forecast hit dead-on (0% variance) — strong demand sensing. Action: review over-commit of 500 units.,Over-Production,Produced 500 units against committed 0 units. Red flag — produced 500 units more than ordered. Investigate planning breakdown.,Ops accepted Sales forecast in full. No capacity gap at plan stage.,,,,,,,,,,,500.0,,
Coupling,CD M01 B01 75 X 50 (JNIL),Regular,,,,,,,,400.0,400.0,400.0,400.0,TBC,400.0,,0.0,,,,,,,,400.0,,400.0,Forecast Bullseye,Dispatch 400 units (no committed demand). Forecast hit dead-on (0% variance) — strong demand sensing. Action: review over-commit of 400 units.,Healthy Stock,Produced 400 units against committed 0 units.,Ops accepted Sales forecast in full. No capacity gap at plan stage.,,,,,,,,,,,400.0,,
Coupling,CW M01 B01 100 (JNIL),Regular,,,,,,,,65200.0,85000.0,85000.0,65200.0,MTS,55000.0,,10200.0,35450.0,,,,,,,29750.0,,55000.0,Forecast Bullseye,"Dispatch 55,000 units (no committed demand). MTS item — buffer stock + green level matters. Forecast hit dead-on (0% variance) — strong demand sensing. Action: review over-commit of 55,000 units.",Stock-Out Risk | Production Surplus,"Produced 65,200 units against committed 0 units. Closing 10,200 units. Green level 35,450 (0.3x cover) — ⚠ Safety breach — replenish urgently.",Ops accepted Sales forecast in full. No capacity gap at plan stage.,,,35450.0,35450.0,,,,,,,55000.0,,
Coupling,CW M01 B01 150(JNIL),Regular,,,,,,,,14250.0,11450.0,11450.0,14250.0,MTS,7450.0,,6800.0,3012.5,3787.5,,,,,,11237.5,,7450.0,Forecast Bullseye,"Dispatch 7,450 units (no committed demand). MTS item — buffer stock + green level matters. Forecast hit dead-on (0% variance) — strong demand sensing. Action: review over-commit of 7,450 units.",Production Surplus,"Produced 14,250 units against committed 0 units.",Ops accepted Sales forecast in full. No capacity gap at plan stage.,,,3012.5,3012.5,,,,,,,7450.0,,
Coupling,CW M01 B01 200 (JNIL),Regular,,,,,,,,960.0,1650.0,1650.0,960.0,MTS,1650.0,,-690.0,1198.0,,,,,,,,,1650.0,Forecast Bullseye,"Dispatch 1,650 units (no committed demand). MTS item — buffer stock + green level matters. Forecast hit dead-on (0% variance) — strong demand sensing. Action: review over-commit of 1,650 units.",Stock-Out Risk,"Produced 960 units against committed 0 units. Closing -690 units. Green level 1,198 (-0.6x cover) — ⚠ Safety breach — replenish urgently.",Ops accepted Sales forecast in full. No capacity gap at plan stage.,,,1198.0,960.0,,,,,,,1650.0,,
Coupling,CW M01 B01 250 (JNIL),Regular,,,,,,,,250.0,625.0,625.0,250.0,MTS,625.0,,-375.0,300.0,,,,,,,,,625.0,Forecast Bullseye,Dispatch 625 units (no committed demand). MTS item — buffer stock + green level matters. Forecast hit dead-on (0% variance) — strong demand sensing. Action: review over-commit of 625 units.,Stock-Out Risk,Produced 250 units against committed 0 units. Closing -375 units. Green level 300 (-1.2x cover) — ⚠ Safety breach — replenish urgently.,Ops accepted Sales forecast in full. No capacity gap at plan stage.,,,300.0,250.0,,,,,,,625.0,,
Coupling,CW M01 B01 300 (JNIL),Regular,,,,,,,,208.0,208.0,208.0,208.0,MTO,208.0,,0.0,,,,,,,,208.0,,208.0,Forecast Bullseye,Dispatch 208 units (no committed demand). MTO item — demand is order-driven. Forecast hit dead-on (0% variance) — strong demand sensing. Action: review over-commit of 208 units.,Over-Production,Produced 208 units against committed 0 units. Red flag — produced 208 units more than ordered. Investigate planning breakdown.,Ops accepted Sales forecast in full. No capacity gap at plan stage.,,,,,,,,,,,208.0,,
Coupling,CW M01 B01 50 (JNIL),Regular,,,,,,,,4000.0,5000.0,5000.0,4000.0,MTS,5000.0,,-1000.0,12300.0,,,,,,,,,5000.0,Forecast Bullseye,"Dispatch 5,000 units (no committed demand). MTS item — buffer stock + green level matters. Forecast hit dead-on (0% variance) — strong demand sensing. Action: review over-commit of 5,000 units.",Stock-Out Risk,"Produced 4,000 units against committed 0 units. Closing -1,000 units. Green level 12,300 (-0.1x cover) — ⚠ Safety breach — replenish urgently.",Ops accepted Sales forecast in full. No capacity gap at plan stage.,,,12300.0,4000.0,,,,,,,5000.0,,
Coupling,CW M01 B01 75 (JNIL),Regular,,,,,,,,17400.0,10000.0,10000.0,17400.0,MTS,10000.0,,7400.0,11725.0,,,,,,,5675.0,,10000.0,Forecast Bullseye,"Dispatch 10,000 units (no committed demand). MTS item — buffer stock + green level matters. Forecast hit dead-on (0% variance) — strong demand sensing. Action: review over-commit of 10,000 units.",Below Safety | Production Surplus,"Produced 17,400 units against committed 0 units. Closing 7,400 units. Green level 11,725 (0.6x cover) — ⚠ Safety breach — replenish urgently.",Ops accepted Sales forecast in full. No capacity gap at plan stage.,,,11725.0,11725.0,,,,,,,10000.0,,
Scrap,E-waste liquid,Regular,,,,,,,,,,,,TBC,1.0,,-1.0,,,,,,,,,,1.0,Forecast Bullseye,Dispatch 1 units (no committed demand). Forecast hit dead-on (0% variance) — strong demand sensing. Action: review over-commit of 1 units.,Healthy Stock,Produced 0 units against committed 0 units.,Ops accepted Sales forecast in full. No capacity gap at plan stage.,,,,,,,,,,,1.0,,
Scrap,E-waste solid,Regular,,,,,,,,,,,,TBC,2.0,,-2.0,,,,,,,,,,2.0,Forecast Bullseye,Dispatch 2 units (no committed demand). Forecast hit dead-on (0% variance) — strong demand sensing. Action: review over-commit of 2 units.,Healthy Stock,Produced 0 units against committed 0 units.,Ops accepted Sales forecast in full. No capacity gap at plan stage.,,,,,,,,,,,2.0,,
FD SS304-2,FD M01 B11 J3 MH,Regular,,,,,,,4608.0,,,,4608.0,MTO,,,4608.0,,4608.0,,,,,,,4608.0,,Forecast Bullseye,Dispatch 0 units (no committed demand). MTO item — demand is order-driven. Forecast hit dead-on (0% variance) — strong demand sensing. No open commitment gap.,Unsold MTO Stock,Produced 0 units against committed 0 units.,Ops accepted Sales forecast in full. No capacity gap at plan stage.,,26687.46,,,,,,,,,,,
12mm 2Way Serrated,FD M01 B11 J3 MH1,Regular,2800.0,2800.0,,2800.0,,100%,4739.0,,,,4739.0,MTS,1500.0,53.6%,3239.0,3033.33,205.67,1300.0,1300.0,,,,,,,Short Delivery | Forecast Bullseye,"Dispatch 54% of committed (1,500 vs 2,800). MTS item — buffer stock + green level matters. Forecast hit dead-on (0% variance) — strong demand sensing. Action: recover shortfall of 1,300 units.",Healthy Stock,"Produced 0 units against committed 2,800 units. Production and inventory in healthy state.",Ops accepted Sales forecast in full. No capacity gap at plan stage.,,,1094.33,,,20618.0,,,,,,,
12mm 2Way Serrated,FD M01 B11 J3 SBS,Regular,,,,,,,,32850.0,,,32850.0,MTO,,,32850.0,,32850.0,,,,,,32850.0,,,Forecast Bullseye,Dispatch 0 units (no committed demand). MTO item — demand is order-driven. Forecast hit dead-on (0% variance) — strong demand sensing. No open commitment gap.,Over-Production,"Produced 32,850 units against committed 0 units. Red flag — produced 32,850 units more than ordered. Investigate planning breakdown.",Ops accepted Sales forecast in full. No capacity gap at plan stage.,,,,,,,,,,,,,
,FD M01 B15 J00 OEM,Regular,,,,,,,24.0,,,,24.0,TBC,,,24.0,,24.0,,,,,,,24.0,,Forecast Bullseye,Dispatch 0 units (no committed demand). Forecast hit dead-on (0% variance) — strong demand sensing. No open commitment gap.,Healthy Stock,Produced 0 units against committed 0 units.,Ops accepted Sales forecast in full. No capacity gap at plan stage.,,105.87,,,,,,,,,,,
,FD M01 B15 J110A MH,Regular,,,,,,,2.0,,,,2.0,TBC,,,2.0,,2.0,,,,,,,2.0,,Forecast Bullseye,Dispatch 0 units (no committed demand). Forecast hit dead-on (0% variance) — strong demand sensing. No open commitment gap.,Healthy Stock,Produced 0 units against committed 0 units.,Ops accepted Sales forecast in full. No capacity gap at plan stage.,,17.03,,,,,,,,,,,
9mm 2 Way Serrated,FD M01 B15 J1X OEM,Regular,2300.0,2300.0,,2300.0,,100%,2126.0,1200.0,1200.0,1200.0,3326.0,MTO,4000.0,173.9%,-674.0,,,,,,,,1026.0,,1700.0,Over-Delivered | Forecast Bullseye,"Dispatch 174% of committed (4,000 vs 2,300). MTO item — demand is order-driven. Forecast hit dead-on (0% variance) — strong demand sensing. Action: review over-commit of 1,700 units.",Over-Production,"Produced 1,200 units against committed 2,300 units. Red flag — produced 1,026 units more than ordered. Investigate planning breakdown.",Ops accepted Sales forecast in full. No capacity gap at plan stage.,2870.86,,174.0,174.0,,,,,32963.0,,1700.0,,32963.0
9mm 2 Way Serrated,FD M01 B15 J2X MH,Regular,,,,,,,300.0,5500.0,5500.0,5500.0,5800.0,MTO,5000.0,,800.0,,800.0,,,,,,5500.0,300.0,5000.0,Forecast Bullseye,"Dispatch 5,000 units (no committed demand). MTO item — demand is order-driven. Forecast hit dead-on (0% variance) — strong demand sensing. Action: review over-commit of 5,000 units.",Over-Production,"Produced 5,500 units against committed 0 units. Red flag — produced 5,500 units more than ordered. Investigate planning breakdown.",Ops accepted Sales forecast in full. No capacity gap at plan stage.,36875.41,2011.39,,,,,,,96950.0,300.0,4700.0,5817.0,91133.0
,FD M01 B15 J2X OEM,Regular,,,,,,,10.0,,,,10.0,TBC,,,10.0,,10.0,,,,,,,10.0,,Forecast Bullseye,Dispatch 0 units (no committed demand). Forecast hit dead-on (0% variance) — strong demand sensing. No open commitment gap.,Healthy Stock,Produced 0 units against committed 0 units.,Ops accepted Sales forecast in full. No capacity gap at plan stage.,,62.47,,,,,,,,,,,
9mm 2 Way Serrated,FD M01 B15 J4X MH,Regular,1500.0,1500.0,,1500.0,,100%,1170.0,,,,1170.0,MTO,1150.0,76.7%,20.0,,20.0,350.0,20.0,,,330.0,,,,Short Delivery | Forecast Bullseye,"Dispatch 77% of committed (1,150 vs 1,500). MTO item — demand is order-driven. Forecast hit dead-on (0% variance) — strong demand sensing. Action: recover shortfall of 350 units.",Production Shortfall,"Produced 0 units against committed 1,500 units. Shortfall of 330 units — expedite production or procure.",Ops accepted Sales forecast in full. No capacity gap at plan stage.,,,330.0,,6398.7,387.8,,,,,,,
9mm 2 Way Serrated,FD M01 B15 J4X OEM,Regular,1700.0,1700.0,,2000.0,300.0,82%,,2250.0,250.0,250.0,2250.0,MTO,2000.0,100.0%,250.0,,250.0,,,,,,550.0,,,On Target | Forecast Drift (Moderate),"Dispatch 100% of committed (2,000 vs 2,000). MTO item — demand is order-driven. ⚠ Forecast raised by 18% post-commit — late orders pulled in. No open commitment gap.",Over-Production,"Produced 2,250 units against committed 2,000 units. Red flag — produced 550 units more than ordered. Investigate planning breakdown.",Ops accepted Sales forecast in full. No capacity gap at plan stage.,,,1700.0,1700.0,,,,,,,,,
12mm 2Way Serrated,FD M01 B15 J65A OEM,Regular,,,,,,,250.0,2200.0,200.0,200.0,2450.0,MTO,2000.0,,450.0,,450.0,,,,,,2200.0,250.0,2000.0,Forecast Bullseye,"Dispatch 2,000 units (no committed demand). MTO item — demand is order-driven. Forecast hit dead-on (0% variance) — strong demand sensing. Action: review over-commit of 2,000 units.",Over-Production,"Produced 2,200 units against committed 0 units. Red flag — produced 2,200 units more than ordered. Investigate planning breakdown.",Ops accepted Sales forecast in full. No capacity gap at plan stage.,14005.93,1591.58,,,,,,,31720.0,250.0,1750.0,3965.0,27755.0
12mm 2Way Serrated,FD M09 B15 J0 SDF,Regular,2100.0,2100.0,,2100.0,,100%,195.0,,,,195.0,MTO,,0.0%,195.0,,195.0,2100.0,195.0,,,1905.0,,,,Short Delivery | Forecast Bullseye,"Dispatch 0% of committed (0 vs 2,100). MTO item — demand is order-driven. Forecast hit dead-on (0% variance) — strong demand sensing. Action: recover shortfall of 2,100 units.",Production Shortfall,"Produced 0 units against committed 2,100 units. Shortfall of 1,905 units — expedite production or procure.",Ops accepted Sales forecast in full. No capacity gap at plan stage.,,,1905.0,,30213.3,3092.7,,,,,,,
FD SS430-1-9,FD M09 B15 J00 FL,Regular,500.0,500.0,,500.0,,100%,1952.0,,,,1952.0,MTO,,0.0%,1952.0,,1952.0,500.0,500.0,,,,,1452.0,,Short Delivery | Forecast Bullseye,Dispatch 0% of committed (0 vs 500). MTO item — demand is order-driven. Forecast hit dead-on (0% variance) — strong demand sensing. Action: recover shortfall of 500 units.,Healthy Stock,Produced 0 units against committed 500 units.,Ops accepted Sales forecast in full. No capacity gap at plan stage.,,5054.35,,,,,,,,,,,
,FD M09 B15 J00 SRB,Regular,,,,,,,1905.0,,,,1905.0,TBC,,,1905.0,,1905.0,,,,,,,1905.0,,Forecast Bullseye,Dispatch 0 units (no committed demand). Forecast hit dead-on (0% variance) — strong demand sensing. No open commitment gap.,Healthy Stock,Produced 0 units against committed 0 units.,Ops accepted Sales forecast in full. No capacity gap at plan stage.,,7068.94,,,,,,,,,,,
,FD M09 B15 J00M OEM,Regular,,,,,,,233.0,,,,233.0,TBC,,,233.0,,233.0,,,,,,,233.0,,Forecast Bullseye,Dispatch 0 units (no committed demand). Forecast hit dead-on (0% variance) — strong demand sensing. No open commitment gap.,Healthy Stock,Produced 0 units against committed 0 units.,Ops accepted Sales forecast in full. No capacity gap at plan stage.,,678.55,,,,,,,,,,,
,FD M09 B15 J0X SRB,Regular,,,,,,,53.0,,,,53.0,TBC,,,53.0,,53.0,,,,,,,53.0,,Forecast Bullseye,Dispatch 0 units (no committed demand). Forecast hit dead-on (0% variance) — strong demand sensing. No open commitment gap.,Healthy Stock,Produced 0 units against committed 0 units.,Ops accepted Sales forecast in full. No capacity gap at plan stage.,,53.0,,,,,,,,,,,
9mm 2 Way Serrated,FD M09 B15 J4 SBS,Regular,,,,,,,,64850.0,94862.0,94862.0,64850.0,TBC,,,64850.0,,64850.0,,,,,,64850.0,,,Forecast Bullseye,Dispatch 0 units (no committed demand). Forecast hit dead-on (0% variance) — strong demand sensing. No open commitment gap.,Healthy Stock,"Produced 64,850 units against committed 0 units.",Ops accepted Sales forecast in full. No capacity gap at plan stage.,,,,,,,,,,,,,
9mm 2 Way Serrated,FD M18 B15 16-29 WH,Regular,,,,,,,,,16000.0,8000.0,8000.0,TBC,8000.0,,0.0,,,,,,,,,,8000.0,Forecast Bullseye,"Dispatch 8,000 units (no committed demand). Forecast hit dead-on (0% variance) — strong demand sensing. Action: review over-commit of 8,000 units.",Healthy Stock,Produced 0 units against committed 0 units.,Ops accepted Sales forecast in full. No capacity gap at plan stage.,,,,,,,,,155120.0,,8000.0,,155120.0
FS SS304-2,FS M01 B11 65A MH,Regular,,,,,,,5200.0,,,,5200.0,MTO,,,5200.0,,5200.0,,,,,,,5200.0,,Forecast Bullseye,Dispatch 0 units (no committed demand). MTO item — demand is order-driven. Forecast hit dead-on (0% variance) — strong demand sensing. No open commitment gap.,Unsold MTO Stock,Produced 0 units against committed 0 units.,Ops accepted Sales forecast in full. No capacity gap at plan stage.,,104774.85,,,,,,,,,,,
12mm 1Way Serrated,FS M09 B11 J00 AL,Regular,,,,,,,200.0,200.0,,,400.0,TBC,,,400.0,,400.0,,,,,,200.0,200.0,,Forecast Bullseye,Dispatch 0 units (no committed demand). Forecast hit dead-on (0% variance) — strong demand sensing. No open commitment gap.,Healthy Stock,Produced 200 units against committed 0 units.,Ops accepted Sales forecast in full. No capacity gap at plan stage.,3710.0,3710.0,,,,,,,,,,,
FS SS430-1,FS M09 B11 J0X SDF,Regular,2700.0,2700.0,,2700.0,,100%,100.0,,,,100.0,MTS,,0.0%,100.0,3300.0,,2700.0,100.0,,,2600.0,,,,Short Delivery | Forecast Bullseye,"Dispatch 0% of committed (0 vs 2,700). MTS item — buffer stock + green level matters. Forecast hit dead-on (0% variance) — strong demand sensing. Action: recover shortfall of 2,700 units.",Production Shortfall | Stock-Out Risk,"Produced 0 units against committed 2,700 units. Shortfall of 2,600 units — expedite production or procure. Closing 100 units. Green level 3,300 (0.0x cover) — ⚠ Safety breach — replenish urgently.",Ops accepted Sales forecast in full. No capacity gap at plan stage.,,,5900.0,,,,,,,,,,
FS SS430-3,FS M09 B11 J110A SDF,Regular,,,,,,,50.0,,,,50.0,MTO,,,50.0,,50.0,,,,,,,50.0,,Forecast Bullseye,Dispatch 0 units (no committed demand). MTO item — demand is order-driven. Forecast hit dead-on (0% variance) — strong demand sensing. No open commitment gap.,Unsold MTO Stock,Produced 0 units against committed 0 units.,Ops accepted Sales forecast in full. No capacity gap at plan stage.,,531.73,,,,,,,,,,,
FS SS430-2,FS M09 B11 J1X CAT,Regular,200.0,200.0,,200.0,,100%,37.0,,,,37.0,MTO,,0.0%,37.0,,37.0,200.0,37.0,,,163.0,,,,Short Delivery | Forecast Bullseye,Dispatch 0% of committed (0 vs 200). MTO item — demand is order-driven. Forecast hit dead-on (0% variance) — strong demand sensing. Action: recover shortfall of 200 units.,Production Shortfall,Produced 0 units against committed 200 units. Shortfall of 163 units — expedite production or procure.,Ops accepted Sales forecast in full. No capacity gap at plan stage.,,,163.0,,,,,,,,,,
FS SS430-2,FS M09 B11 J2A SDF,Regular,2500.0,2500.0,,2500.0,,100%,3850.0,,,,3850.0,MTS,,0.0%,3850.0,4200.0,,2500.0,2500.0,,,,,,,Short Delivery | Forecast Bullseye,"Dispatch 0% of committed (0 vs 2,500). MTS item — buffer stock + green level matters. Forecast hit dead-on (0% variance) — strong demand sensing. Action: recover shortfall of 2,500 units.",Below Safety,"Produced 0 units against committed 2,500 units. Closing 3,850 units. Green level 4,200 (0.9x cover) — ⚠ Safety breach — replenish urgently.",Ops accepted Sales forecast in full. No capacity gap at plan stage.,,,2850.0,,,,,,,,,,
12mm 1Way Serrated,FS M09 B11 J2A WH,Regular,1000.0,1000.0,,1000.0,,100%,,,,,,MTO,3.0,0.3%,-3.0,,,997.0,,,,997.0,,,,Short Delivery | Forecast Bullseye,"Dispatch 0% of committed (3 vs 1,000). MTO item — demand is order-driven. Forecast hit dead-on (0% variance) — strong demand sensing. Action: recover shortfall of 997 units.",Production Shortfall,"Produced 0 units against committed 1,000 units. Shortfall of 1,000 units — expedite production or procure.",Ops accepted Sales forecast in full. No capacity gap at plan stage.,,,1000.0,,20857.24,,,,,,,,
12mm 1Way Serrated,FS M09 B11 J2X CAT,Regular,1400.0,1400.0,,1400.0,,100%,2444.0,2350.0,,,4794.0,MTO,3200.0,228.6%,1594.0,,1594.0,,,,,,2350.0,1044.0,1800.0,Over-Delivered | Forecast Bullseye,"Dispatch 229% of committed (3,200 vs 1,400). MTO item — demand is order-driven. Forecast hit dead-on (0% variance) — strong demand sensing. Action: review over-commit of 1,800 units.",Over-Production,"Produced 2,350 units against committed 1,400 units. Red flag — produced 2,350 units more than ordered. Investigate planning breakdown.",Ops accepted Sales forecast in full. No capacity gap at plan stage.,18114.46,8047.44,,,,,,,37656.0,1044.0,756.0,21840.48,15815.52
FS SS430-2,FS M09 B11 J2X SDF,Regular,2400.0,2400.0,,2400.0,,100%,3450.0,,,,3450.0,MTS,,0.0%,3450.0,4400.0,,2400.0,2400.0,,,,,,,Short Delivery | Forecast Bullseye,"Dispatch 0% of committed (0 vs 2,400). MTS item — buffer stock + green level matters. Forecast hit dead-on (0% variance) — strong demand sensing. Action: recover shortfall of 2,400 units.",Below Safety,"Produced 0 units against committed 2,400 units. Closing 3,450 units. Green level 4,400 (0.8x cover) — ⚠ Safety breach — replenish urgently.",Ops accepted Sales forecast in full. No capacity gap at plan stage.,,,3350.0,,,,,,,,,,
12mm 1Way Serrated,FS M09 B11 J3 MH,Regular,3800.0,3800.0,,3800.0,,100%,18004.0,,,,18004.0,MTO,12000.0,315.8%,6004.0,,6004.0,,,,,,,14204.0,8200.0,Over-Delivered | Forecast Bullseye,"Dispatch 316% of committed (12,000 vs 3,800). MTO item — demand is order-driven. Forecast hit dead-on (0% variance) — strong demand sensing. Action: review over-commit of 8,200 units.",Unsold MTO Stock,"Produced 0 units against committed 3,800 units.",Ops accepted Sales forecast in full. No capacity gap at plan stage.,,105601.48,,,,,,,171544.0,8200.0,,171544.0,
FS SS430-1,FS M09 B11 J32A SDF,Regular,5700.0,5700.0,,5700.0,,100%,9350.0,,,,9350.0,MTS,,0.0%,9350.0,7700.0,1650.0,5700.0,5700.0,,,,,,,Short Delivery | Forecast Bullseye,"Dispatch 0% of committed (0 vs 5,700). MTS item — buffer stock + green level matters. Forecast hit dead-on (0% variance) — strong demand sensing. Action: recover shortfall of 5,700 units.",Healthy Stock,"Produced 0 units against committed 5,700 units. Production and inventory in healthy state.",Ops accepted Sales forecast in full. No capacity gap at plan stage.,,,4050.0,,,,,,,,,,
12mm 1Way Serrated,FS M09 B11 J3X CAT,Regular,,,,,,,1200.0,600.0,,,1800.0,MTO,,,1800.0,,1800.0,,,,,,600.0,1200.0,,Forecast Bullseye,Dispatch 0 units (no committed demand). MTO item — demand is order-driven. Forecast hit dead-on (0% variance) — strong demand sensing. No open commitment gap.,Over-Production,Produced 600 units against committed 0 units. Red flag — produced 600 units more than ordered. Investigate planning breakdown.,Ops accepted Sales forecast in full. No capacity gap at plan stage.,711.66,1423.32,,,,,,,,,,,
12mm 1Way Serrated,FS M09 B11 J3X MH,Regular,1600.0,1600.0,,1600.0,,100%,11103.0,,,,11103.0,MTO,5000.0,312.5%,6103.0,,6103.0,,,,,,,9503.0,3400.0,Over-Delivered | Forecast Bullseye,"Dispatch 312% of committed (5,000 vs 1,600). MTO item — demand is order-driven. Forecast hit dead-on (0% variance) — strong demand sensing. Action: review over-commit of 3,400 units.",Unsold MTO Stock,"Produced 0 units against committed 1,600 units.",Ops accepted Sales forecast in full. No capacity gap at plan stage.,,87403.75,,,,,,,71128.0,3400.0,,71128.0,
12mm 1Way Serrated,FS M09 B11 J4 CAT,Regular,,,,,,,755.0,,,,755.0,MTO,175.0,,580.0,,580.0,,,,,,,755.0,175.0,Forecast Bullseye,Dispatch 175 units (no committed demand). MTO item — demand is order-driven. Forecast hit dead-on (0% variance) — strong demand sensing. Action: review over-commit of 175 units.,Unsold MTO Stock,Produced 0 units against committed 0 units.,Ops accepted Sales forecast in full. No capacity gap at plan stage.,,8262.07,,,,,,,3661.0,175.0,,3661.0,
FS SS430-3,FS M09 B11 J4 SRB,Regular,,,,,,,300.0,,,,300.0,MTO,,,300.0,,300.0,,,,,,,300.0,,Forecast Bullseye,Dispatch 0 units (no committed demand). MTO item — demand is order-driven. Forecast hit dead-on (0% variance) — strong demand sensing. No open commitment gap.,Unsold MTO Stock,Produced 0 units against committed 0 units.,Ops accepted Sales forecast in full. No capacity gap at plan stage.,,2978.78,,,,,,,,,,,
FS SS430-3,FS M09 B11 J4X SRB,Regular,,,,,,,33.0,,,,33.0,MTO,,,33.0,,33.0,,,,,,,33.0,,Forecast Bullseye,Dispatch 0 units (no committed demand). MTO item — demand is order-driven. Forecast hit dead-on (0% variance) — strong demand sensing. No open commitment gap.,Unsold MTO Stock,Produced 0 units against committed 0 units.,Ops accepted Sales forecast in full. No capacity gap at plan stage.,,33.0,,,,,,,,,,,
SLTB and HDSLTB,HTS M02 B08 102 TE,Regular,,,,,,,,34.0,2500.0,2500.0,34.0,MTO,,,34.0,,34.0,,,,,,34.0,,,Forecast Bullseye,Dispatch 0 units (no committed demand). MTO item — demand is order-driven. Forecast hit dead-on (0% variance) — strong demand sensing. No open commitment gap.,Over-Production,Produced 34 units against committed 0 units. Red flag — produced 34 units more than ordered. Investigate planning breakdown.,Ops accepted Sales forecast in full. No capacity gap at plan stage.,,,,,,,,,,,,,
HTS 85,HTS M02 B08 104 OEM,Regular,,,,,,,1038.0,,,,1038.0,MTO,,,1038.0,,1038.0,,,,,,,1038.0,,Forecast Bullseye,Dispatch 0 units (no committed demand). MTO item — demand is order-driven. Forecast hit dead-on (0% variance) — strong demand sensing. No open commitment gap.,Unsold MTO Stock,Produced 0 units against committed 0 units.,Ops accepted Sales forecast in full. No capacity gap at plan stage.,,54395.33,,,,,,,,,,,
SLTB and HDSLTB,HTS M02 B08 106 TE,Regular,,,,,,,,600.0,600.0,600.0,600.0,MTO,,,600.0,,600.0,,,,,,600.0,,,Forecast Bullseye,Dispatch 0 units (no committed demand). MTO item — demand is order-driven. Forecast hit dead-on (0% variance) — strong demand sensing. No open commitment gap.,Over-Production,Produced 600 units against committed 0 units. Red flag — produced 600 units more than ordered. Investigate planning breakdown.,Ops accepted Sales forecast in full. No capacity gap at plan stage.,,,,,,,,,,,,,
,HTS M02 B08 116,Regular,,,,,,,81.0,,,,81.0,TBC,,,81.0,,81.0,,,,,,,81.0,,Forecast Bullseye,Dispatch 0 units (no committed demand). Forecast hit dead-on (0% variance) — strong demand sensing. No open commitment gap.,Healthy Stock,Produced 0 units against committed 0 units.,Ops accepted Sales forecast in full. No capacity gap at plan stage.,,81.0,,,,,,,,,,,
SLTB and HDSLTB,HTS M02 B08 118 TE,Regular,,,,,,,,150.0,150.0,150.0,150.0,MTO,,,150.0,,150.0,,,,,,150.0,,,Forecast Bullseye,Dispatch 0 units (no committed demand). MTO item — demand is order-driven. Forecast hit dead-on (0% variance) — strong demand sensing. No open commitment gap.,Over-Production,Produced 150 units against committed 0 units. Red flag — produced 150 units more than ordered. Investigate planning breakdown.,Ops accepted Sales forecast in full. No capacity gap at plan stage.,,,,,,,,,,,,,
HTS 85,HTS M02 B08 124 OEM,Regular,200.0,200.0,,200.0,,100%,1767.0,,,,1767.0,MTO,,0.0%,1767.0,,1767.0,200.0,200.0,,,,,1567.0,,Short Delivery | Forecast Bullseye,Dispatch 0% of committed (0 vs 200). MTO item — demand is order-driven. Forecast hit dead-on (0% variance) — strong demand sensing. Action: recover shortfall of 200 units.,Healthy Stock,Produced 0 units against committed 200 units.,Ops accepted Sales forecast in full. No capacity gap at plan stage.,,94297.0,,,,,,,,,,,
HTS 85,HTS M02 B08 140 OEM,Regular,600.0,600.0,,600.0,,100%,3532.0,,,,3532.0,MTO,,0.0%,3532.0,,3532.0,600.0,600.0,,,,,2932.0,,Short Delivery | Forecast Bullseye,Dispatch 0% of committed (0 vs 600). MTO item — demand is order-driven. Forecast hit dead-on (0% variance) — strong demand sensing. Action: recover shortfall of 600 units.,Healthy Stock,Produced 0 units against committed 600 units.,Ops accepted Sales forecast in full. No capacity gap at plan stage.,,182711.07,,,,,,,,,,,
SLTB and HDSLTB,HTS M02 B08 38 TE,Regular,,,,,,,,100.0,100.0,100.0,100.0,MTO,,,100.0,,100.0,,,,,,100.0,,,Forecast Bullseye,Dispatch 0 units (no committed demand). MTO item — demand is order-driven. Forecast hit dead-on (0% variance) — strong demand sensing. No open commitment gap.,Over-Production,Produced 100 units against committed 0 units. Red flag — produced 100 units more than ordered. Investigate planning breakdown.,Ops accepted Sales forecast in full. No capacity gap at plan stage.,,,,,,,,,,,,,
SLTB and HDSLTB,HTS M02 B08 44 TE,Regular,,,,,,,,200.0,200.0,200.0,200.0,MTO,,,200.0,,200.0,,,,,,200.0,,,Forecast Bullseye,Dispatch 0 units (no committed demand). MTO item — demand is order-driven. Forecast hit dead-on (0% variance) — strong demand sensing. No open commitment gap.,Over-Production,Produced 200 units against committed 0 units. Red flag — produced 200 units more than ordered. Investigate planning breakdown.,Ops accepted Sales forecast in full. No capacity gap at plan stage.,,,,,,,,,,,,,
SLTB and HDSLTB,HTS M02 B08 60 TE,Regular,,,,,,,,450.0,500.0,500.0,450.0,MTO,,,450.0,,450.0,,,,,,450.0,,,Forecast Bullseye,Dispatch 0 units (no committed demand). MTO item — demand is order-driven. Forecast hit dead-on (0% variance) — strong demand sensing. No open commitment gap.,Over-Production,Produced 450 units against committed 0 units. Red flag — produced 450 units more than ordered. Investigate planning breakdown.,Ops accepted Sales forecast in full. No capacity gap at plan stage.,,,,,,,,,,,,,
SLTB and HDSLTB,HTS M02 B08 70 TE,Regular,,,,,,,,800.0,750.0,750.0,800.0,MTO,,,800.0,,800.0,,,,,,800.0,,,Forecast Bullseye,Dispatch 0 units (no committed demand). MTO item — demand is order-driven. Forecast hit dead-on (0% variance) — strong demand sensing. No open commitment gap.,Over-Production,Produced 800 units against committed 0 units. Red flag — produced 800 units more than ordered. Investigate planning breakdown.,Ops accepted Sales forecast in full. No capacity gap at plan stage.,,,,,,,,,,,,,
SLTB and HDSLTB,HTS M02 B08 72 WH,Regular,,,,,,,,5.0,,,5.0,TBC,,,5.0,,5.0,,,,,,5.0,,,Forecast Bullseye,Dispatch 0 units (no committed demand). Forecast hit dead-on (0% variance) — strong demand sensing. No open commitment gap.,Healthy Stock,Produced 5 units against committed 0 units.,Ops accepted Sales forecast in full. No capacity gap at plan stage.,,,,,,,,,,,,,
SLTB and HDSLTB,HTS M02 B08 82 TE,Regular,,,,,,,,450.0,450.0,450.0,450.0,MTO,,,450.0,,450.0,,,,,,450.0,,,Forecast Bullseye,Dispatch 0 units (no committed demand). MTO item — demand is order-driven. Forecast hit dead-on (0% variance) — strong demand sensing. No open commitment gap.,Over-Production,Produced 450 units against committed 0 units. Red flag — produced 450 units more than ordered. Investigate planning breakdown.,Ops accepted Sales forecast in full. No capacity gap at plan stage.,,,,,,,,,,,,,
,HTS M02 B08 84 VBS,Regular,,,,,,,10.0,,,,10.0,TBC,,,10.0,,10.0,,,,,,,10.0,,Forecast Bullseye,Dispatch 0 units (no committed demand). Forecast hit dead-on (0% variance) — strong demand sensing. No open commitment gap.,Healthy Stock,Produced 0 units against committed 0 units.,Ops accepted Sales forecast in full. No capacity gap at plan stage.,,427.29,,,,,,,,,,,
SLTB and HDSLTB,HTS M02 B08 86 TE,Regular,,,,,,,,250.0,350.0,350.0,250.0,MTO,,,250.0,,250.0,,,,,,250.0,,,Forecast Bullseye,Dispatch 0 units (no committed demand). MTO item — demand is order-driven. Forecast hit dead-on (0% variance) — strong demand sensing. No open commitment gap.,Over-Production,Produced 250 units against committed 0 units. Red flag — produced 250 units more than ordered. Investigate planning breakdown.,Ops accepted Sales forecast in full. No capacity gap at plan stage.,,,,,,,,,,,,,
SLTB and HDSLTB,HTS M02 B08 96 TE,Regular,,,,,,,,287.0,300.0,300.0,287.0,MTO,,,287.0,,287.0,,,,,,287.0,,,Forecast Bullseye,Dispatch 0 units (no committed demand). MTO item — demand is order-driven. Forecast hit dead-on (0% variance) — strong demand sensing. No open commitment gap.,Over-Production,Produced 287 units against committed 0 units. Red flag — produced 287 units more than ordered. Investigate planning breakdown.,Ops accepted Sales forecast in full. No capacity gap at plan stage.,,,,,,,,,,,,,
,HTSM02B08164,Regular,,,,,,,10.0,,,,10.0,TBC,,,10.0,,10.0,,,,,,,10.0,,Forecast Bullseye,Dispatch 0 units (no committed demand). Forecast hit dead-on (0% variance) — strong demand sensing. No open commitment gap.,Healthy Stock,Produced 0 units against committed 0 units.,Ops accepted Sales forecast in full. No capacity gap at plan stage.,,10.0,,,,,,,,,,,
Scrap,Miscellaneous Scrap,Regular,,,,,,,,,21700.0,,21700.0,TBC,21700.0,,0.0,,,,,,,,,,21700.0,Forecast Bullseye,"Dispatch 21,700 units (no committed demand). Forecast hit dead-on (0% variance) — strong demand sensing. Action: review over-commit of 21,700 units.",Healthy Stock,Produced 0 units against committed 0 units.,Ops accepted Sales forecast in full. No capacity gap at plan stage.,,,,,,,,,,,21700.0,,
Others,OBL M05 B06 121 X 231 MH,Regular,1600.0,1600.0,,1600.0,,100%,214.0,525.0,,,739.0,MTO,2600.0,162.5%,-1861.0,,,,,,,,,,1000.0,Over-Delivered | Forecast Bullseye,"Dispatch 162% of committed (2,600 vs 1,600). MTO item — demand is order-driven. Forecast hit dead-on (0% variance) — strong demand sensing. Action: review over-commit of 1,000 units.",Production Shortfall,"Produced 525 units against committed 1,600 units. Shortfall of 861 units — expedite production or procure.",Ops accepted Sales forecast in full. No capacity gap at plan stage.,,,1386.0,525.0,,,,,,,1000.0,,
Others,OBL M05 B06 235.8 X 68 FL,Regular,600.0,600.0,,600.0,,100%,147.0,,,,147.0,MTO,400.0,66.7%,-253.0,,,200.0,,,,200.0,,,,Short Delivery | Forecast Bullseye,Dispatch 67% of committed (400 vs 600). MTO item — demand is order-driven. Forecast hit dead-on (0% variance) — strong demand sensing. Action: recover shortfall of 200 units.,Production Shortfall,Produced 0 units against committed 600 units. Shortfall of 453 units — expedite production or procure.,Ops accepted Sales forecast in full. No capacity gap at plan stage.,,,453.0,,,,,,,,,,
SLTB and HDSLTB,OVTS M05 B06 142 MH,Regular,1000.0,1000.0,,1000.0,,100%,1080.0,,,,1080.0,MTO,400.0,40.0%,680.0,,680.0,600.0,600.0,,,,,80.0,,Short Delivery | Forecast Bullseye,"Dispatch 40% of committed (400 vs 1,000). MTO item — demand is order-driven. Forecast hit dead-on (0% variance) — strong demand sensing. Action: recover shortfall of 600 units.",Healthy Stock,"Produced 0 units against committed 1,000 units.",Ops accepted Sales forecast in full. No capacity gap at plan stage.,,1897.65,,,,23100.0,,,,,,,
SLTB 92,OVTS M05 B06 148 MH,Regular,1200.0,1200.0,,1200.0,,100%,1590.0,,,,1590.0,MTO,,0.0%,1590.0,,1590.0,1200.0,1200.0,,,,,390.0,,Short Delivery | Forecast Bullseye,"Dispatch 0% of committed (0 vs 1,200). MTO item — demand is order-driven. Forecast hit dead-on (0% variance) — strong demand sensing. Action: recover shortfall of 1,200 units.",Healthy Stock,"Produced 0 units against committed 1,200 units.",Ops accepted Sales forecast in full. No capacity gap at plan stage.,,9459.81,,,,,,,,,,,
SLTB and HDSLTB,OVTS M05 B06 194 X 74 MH,Regular,200.0,200.0,,200.0,,100%,271.0,,,,271.0,MTO,,0.0%,271.0,,271.0,200.0,200.0,,,,,71.0,,Short Delivery | Forecast Bullseye,Dispatch 0% of committed (0 vs 200). MTO item — demand is order-driven. Forecast hit dead-on (0% variance) — strong demand sensing. Action: recover shortfall of 200 units.,Healthy Stock,Produced 0 units against committed 200 units.,Ops accepted Sales forecast in full. No capacity gap at plan stage.,,1644.16,,,,7700.0,,,,,,,
TB 14 60,OVTX M05 B05 55 X 109,Regular,,,,,,,1140.0,,,,1140.0,MTO,,,1140.0,,1140.0,,,,,,,1140.0,,Forecast Bullseye,Dispatch 0 units (no committed demand). MTO item — demand is order-driven. Forecast hit dead-on (0% variance) — strong demand sensing. No open commitment gap.,Unsold MTO Stock,Produced 0 units against committed 0 units.,Ops accepted Sales forecast in full. No capacity gap at plan stage.,,15133.43,,,,,,,,,,,
TB 14 60,OVTX M05 B05 60 X 102,Regular,,,,,,,1550.0,,,,1550.0,MTO,,,1550.0,,1550.0,,,,,,,1550.0,,Forecast Bullseye,Dispatch 0 units (no committed demand). MTO item — demand is order-driven. Forecast hit dead-on (0% variance) — strong demand sensing. No open commitment gap.,Unsold MTO Stock,Produced 0 units against committed 0 units.,Ops accepted Sales forecast in full. No capacity gap at plan stage.,,20203.23,,,,,,,,,,,
P-Clips,PC M11 B10 40 AL,Regular,7900.0,7900.0,,7900.0,,100%,850.0,15600.0,,,16450.0,MTS,21000.0,265.8%,-4550.0,15667.0,,,,,,,,,13100.0,Over-Delivered | Forecast Bullseye,"Dispatch 266% of committed (21,000 vs 7,900). MTS item — buffer stock + green level matters. Forecast hit dead-on (0% variance) — strong demand sensing. Action: review over-commit of 13,100 units.",Stock-Out Risk,"Produced 15,600 units against committed 7,900 units. Closing -4,550 units. Green level 15,667 (-0.3x cover) — ⚠ Safety breach — replenish urgently.",Ops accepted Sales forecast in full. No capacity gap at plan stage.,,,22717.0,15600.0,,,,,154056.0,,13100.0,,154056.0
,PC M11 B11 26 AL,Regular,,,,,,,800.0,,,,800.0,TBC,,,800.0,,800.0,,,,,,,800.0,,Forecast Bullseye,Dispatch 0 units (no committed demand). Forecast hit dead-on (0% variance) — strong demand sensing. No open commitment gap.,Healthy Stock,Produced 0 units against committed 0 units.,Ops accepted Sales forecast in full. No capacity gap at plan stage.,,15560.0,,,,,,,,,,,
P-Clips,PC M11 B11 26A AL,Regular,6400.0,6400.0,,6400.0,,100%,500.0,2400.0,,,2900.0,MTS,2000.0,31.2%,900.0,9933.0,,4400.0,900.0,,,3500.0,,,,Short Delivery | Forecast Bullseye,"Dispatch 31% of committed (2,000 vs 6,400). MTS item — buffer stock + green level matters. Forecast hit dead-on (0% variance) — strong demand sensing. Action: recover shortfall of 4,400 units.",Production Shortfall | Stock-Out Risk,"Produced 2,400 units against committed 6,400 units. Shortfall of 3,500 units — expedite production or procure. Closing 900 units. Green level 9,933 (0.1x cover) — ⚠ Safety breach — replenish urgently.",Ops accepted Sales forecast in full. No capacity gap at plan stage.,,,15833.0,2400.0,41160.0,10584.0,,,,,,,
P-Clips,PC M11 B20 12,Regular,1800.0,1800.0,,500.0,-1300.0,28%,3300.0,1400.0,3.0,3.0,4700.0,MTO,1603.0,320.6%,3097.0,,3097.0,,,,,,1400.0,2800.0,1103.0,Over-Delivered | Forecast Drift (Major),"Dispatch 321% of committed (1,603 vs 500). MTO item — demand is order-driven. 🚩 Major forecast cut of 72% — severe over-promise. Action: review over-commit of 1,103 units.",Over-Production,"Produced 1,400 units against committed 500 units. Red flag — produced 1,400 units more than ordered. Investigate planning breakdown.",Ops accepted Sales forecast in full. No capacity gap at plan stage.,5161.39,10322.79,,,,,,,12971.28,1103.0,,12971.28,
P-Clips,PC M11 B20 20,Regular,95500.0,95500.0,,300.0,-95200.0,0%,43400.0,55100.0,,,98500.0,MTS,67600.0,22533.3%,30900.0,48900.0,,,,,,,,,67300.0,Over-Delivered | Forecast Drift (Major),"Dispatch 22533% of committed (67,600 vs 300). MTS item — buffer stock + green level matters. 🚩 Major forecast cut of 100% — severe over-promise. Action: review over-commit of 67,300 units.",Below Safety,"Produced 55,100 units against committed 300 units. Closing 30,900 units. Green level 48,900 (0.6x cover) — ⚠ Safety breach — replenish urgently.",Ops accepted Sales forecast in full. No capacity gap at plan stage.,,,101000.0,55100.0,,,,,791448.0,43100.0,24200.0,506856.0,284592.0
P-Clips,PC M11 B20 25,Regular,21100.0,21100.0,,21100.0,,100%,18550.0,16000.0,,,34550.0,MTS,6000.0,28.4%,28550.0,6333.0,22217.0,15100.0,15100.0,,,,7117.0,,,Short Delivery | Forecast Bullseye,"Dispatch 28% of committed (6,000 vs 21,100). MTS item — buffer stock + green level matters. Forecast hit dead-on (0% variance) — strong demand sensing. Action: recover shortfall of 15,100 units.",Production Surplus,"Produced 16,000 units against committed 21,100 units.",Ops accepted Sales forecast in full. No capacity gap at plan stage.,52069.47,,8883.0,8883.0,,177576.0,,,,,,,
P-Clips,PC M11 B20 35,Regular,32700.0,32700.0,,32700.0,,100%,7300.0,,,,7300.0,MTS,10800.0,33.0%,-3500.0,8800.0,,21900.0,,,,21900.0,,,,Short Delivery | Forecast Bullseye,"Dispatch 33% of committed (10,800 vs 32,700). MTS item — buffer stock + green level matters. Forecast hit dead-on (0% variance) — strong demand sensing. Action: recover shortfall of 21,900 units.",Production Shortfall | Stock-Out Risk,"Produced 0 units against committed 32,700 units. Shortfall of 25,400 units — expedite production or procure. Closing -3,500 units. Green level 8,800 (-0.4x cover) — ⚠ Safety breach — replenish urgently.",Ops accepted Sales forecast in full. No capacity gap at plan stage.,,,34200.0,,257544.0,,,,,,,,
P-Clips,PC M11 B20 40,Regular,27000.0,27000.0,,27000.0,,100%,17550.0,18225.0,,,35775.0,MTS,12000.0,44.4%,23775.0,15900.0,7875.0,15000.0,15000.0,,,,,,,Short Delivery | Forecast Bullseye,"Dispatch 44% of committed (12,000 vs 27,000). MTS item — buffer stock + green level matters. Forecast hit dead-on (0% variance) — strong demand sensing. Action: recover shortfall of 15,000 units.",Healthy Stock,"Produced 18,225 units against committed 27,000 units. Production and inventory in healthy state.",Ops accepted Sales forecast in full. No capacity gap at plan stage.,,,25350.0,18225.0,,176400.0,,,,,,,
P-Clips,PC M11 B20 60,Regular,15100.0,15100.0,,15100.0,,100%,1975.0,725.0,,,2700.0,MTS,6600.0,43.7%,-3900.0,5700.0,,8500.0,,,,8500.0,,,,Short Delivery | Forecast Bullseye,"Dispatch 44% of committed (6,600 vs 15,100). MTS item — buffer stock + green level matters. Forecast hit dead-on (0% variance) — strong demand sensing. Action: recover shortfall of 8,500 units.",Production Shortfall | Stock-Out Risk,"Produced 725 units against committed 15,100 units. Shortfall of 12,400 units — expedite production or procure. Closing -3,900 units. Green level 5,700 (-0.7x cover) — ⚠ Safety breach — replenish urgently.",Ops accepted Sales forecast in full. No capacity gap at plan stage.,,,18825.0,725.0,99960.0,,,,,,,,
P-Clips,PCGE 15908 NS 06 JBM,Regular,,,,,,,,40.0,,,40.0,TBC,,,40.0,,40.0,,,,,,40.0,,,Forecast Bullseye,Dispatch 0 units (no committed demand). Forecast hit dead-on (0% variance) — strong demand sensing. No open commitment gap.,Healthy Stock,Produced 40 units against committed 0 units.,Ops accepted Sales forecast in full. No capacity gap at plan stage.,,,,,,,,,,,,,
P-Clips,PCGE 15908 NS 10 JBM,Regular,,,,,,,,40.0,,,40.0,TBC,,,40.0,,40.0,,,,,,40.0,,,Forecast Bullseye,Dispatch 0 units (no committed demand). Forecast hit dead-on (0% variance) — strong demand sensing. No open commitment gap.,Healthy Stock,Produced 40 units against committed 0 units.,Ops accepted Sales forecast in full. No capacity gap at plan stage.,,,,,,,,,,,,,
P-Clips,PCGE 15908 NS 13 JBM,Regular,,,,,,,,465.0,,,465.0,TBC,,,465.0,,465.0,,,,,,465.0,,,Forecast Bullseye,Dispatch 0 units (no committed demand). Forecast hit dead-on (0% variance) — strong demand sensing. No open commitment gap.,Healthy Stock,Produced 465 units against committed 0 units.,Ops accepted Sales forecast in full. No capacity gap at plan stage.,,,,,,,,,,,,,
P-Clips,PCGE 15908 NS 22 JBM,Regular,,,,,,,,260.0,,,260.0,TBC,,,260.0,,260.0,,,,,,260.0,,,Forecast Bullseye,Dispatch 0 units (no committed demand). Forecast hit dead-on (0% variance) — strong demand sensing. No open commitment gap.,Healthy Stock,Produced 260 units against committed 0 units.,Ops accepted Sales forecast in full. No capacity gap at plan stage.,,,,,,,,,,,,,
,PCM11B2025DTF,Regular,,,,,,,1001.0,,,,1001.0,TBC,,,1001.0,,1001.0,,,,,,,1001.0,,Forecast Bullseye,Dispatch 0 units (no committed demand). Forecast hit dead-on (0% variance) — strong demand sensing. No open commitment gap.,Healthy Stock,Produced 0 units against committed 0 units.,Ops accepted Sales forecast in full. No capacity gap at plan stage.,,13232.22,,,,,,,,,,,
,PCM11B2046STF,Regular,,,,,,,200.0,,,,200.0,TBC,,,200.0,,200.0,,,,,,,200.0,,Forecast Bullseye,Dispatch 0 units (no committed demand). Forecast hit dead-on (0% variance) — strong demand sensing. No open commitment gap.,Healthy Stock,Produced 0 units against committed 0 units.,Ops accepted Sales forecast in full. No capacity gap at plan stage.,,2388.0,,,,,,,,,,,
VTB 5/16 85,QTV M01 B06 127 OEM,Regular,,,,,,,19.0,,,,19.0,MTO,,,19.0,,19.0,,,,,,,19.0,,Forecast Bullseye,Dispatch 0 units (no committed demand). MTO item — demand is order-driven. Forecast hit dead-on (0% variance) — strong demand sensing. No open commitment gap.,Unsold MTO Stock,Produced 0 units against committed 0 units.,Ops accepted Sales forecast in full. No capacity gap at plan stage.,,2148.6,,,,,,,,,,,
VTB and QVTB,QTV M01 B10 121 PM,Regular,,,,,,,509.0,,25.0,25.0,509.0,MTO,25.0,,484.0,,484.0,,,,,,,509.0,25.0,Forecast Bullseye,Dispatch 25 units (no committed demand). MTO item — demand is order-driven. Forecast hit dead-on (0% variance) — strong demand sensing. Action: review over-commit of 25 units.,Unsold MTO Stock,Produced 0 units against committed 0 units.,Ops accepted Sales forecast in full. No capacity gap at plan stage.,,67124.58,,,,,,,3487.25,25.0,,3487.25,
VTB and QVTB,QTV M01 B10 132 PM,Regular,,,,,,,781.0,,50.0,50.0,781.0,MTO,50.0,,731.0,,731.0,,,,,,,781.0,50.0,Forecast Bullseye,Dispatch 50 units (no committed demand). MTO item — demand is order-driven. Forecast hit dead-on (0% variance) — strong demand sensing. Action: review over-commit of 50 units.,Unsold MTO Stock,Produced 0 units against committed 0 units.,Ops accepted Sales forecast in full. No capacity gap at plan stage.,,113785.55,,,,,,,6974.5,50.0,,6974.5,
VTB and QVTB,QTV M01 B10 160 PM,Regular,,,,,,,321.0,,25.0,25.0,321.0,MTO,25.0,,296.0,,296.0,,,,,,,321.0,25.0,Forecast Bullseye,Dispatch 25 units (no committed demand). MTO item — demand is order-driven. Forecast hit dead-on (0% variance) — strong demand sensing. Action: review over-commit of 25 units.,Unsold MTO Stock,Produced 0 units against committed 0 units.,Ops accepted Sales forecast in full. No capacity gap at plan stage.,,40044.12,,,,,,,3487.25,25.0,,3487.25,
VTB and QVTB,QTV M01 B10 87 PM,Regular,,,,,,,794.0,,50.0,50.0,794.0,MTO,50.0,,744.0,,744.0,,,,,,,794.0,50.0,Forecast Bullseye,Dispatch 50 units (no committed demand). MTO item — demand is order-driven. Forecast hit dead-on (0% variance) — strong demand sensing. Action: review over-commit of 50 units.,Unsold MTO Stock,Produced 0 units against committed 0 units.,Ops accepted Sales forecast in full. No capacity gap at plan stage.,,87220.3,,,,,,,6974.5,50.0,,6974.5,
VTB and QVTB,QTV M03 B10 93.5 AL,Regular,200.0,200.0,,200.0,,100%,1625.0,,,200.0,1425.0,MTO,100.0,50.0%,1325.0,,1325.0,100.0,100.0,,,,,1425.0,,Short Delivery | Forecast Bullseye,Dispatch 50% of committed (100 vs 200). MTO item — demand is order-driven. Forecast hit dead-on (0% variance) — strong demand sensing. Action: recover shortfall of 100 units.,Healthy Stock,Produced 0 units against committed 200 units.,Ops accepted Sales forecast in full. No capacity gap at plan stage.,,119655.2,,,,13949.0,,,,,,,
VTB and QVTB,QTV M03 B10 93.5 ALV,Regular,400.0,400.0,,400.0,,100%,131.0,,,,131.0,MTO,100.0,25.0%,31.0,,31.0,300.0,31.0,,,269.0,,,,Short Delivery | Forecast Bullseye,Dispatch 25% of committed (100 vs 400). MTO item — demand is order-driven. Forecast hit dead-on (0% variance) — strong demand sensing. Action: recover shortfall of 300 units.,Production Shortfall,Produced 0 units against committed 400 units. Shortfall of 269 units — expedite production or procure.,Ops accepted Sales forecast in full. No capacity gap at plan stage.,,,269.0,,37522.81,4324.19,,,,,,,
VTB and QVTB,QTV M03 B10 93.5 WH,Regular,50.0,50.0,,50.0,,100%,,,400.0,200.0,200.0,TBC,,0.0%,200.0,,200.0,50.0,50.0,,,,,,,Short Delivery | Forecast Bullseye,Dispatch 0% of committed (0 vs 50). Forecast hit dead-on (0% variance) — strong demand sensing. Action: recover shortfall of 50 units.,Healthy Stock,Produced 0 units against committed 50 units.,Ops accepted Sales forecast in full. No capacity gap at plan stage.,,,50.0,,,6974.5,,,,,,,
VTB and QVTB,QTV M03 B14 121 AL,Regular,,,,,,,23.0,200.0,,,223.0,MTO,200.0,,23.0,,23.0,,,,,,200.0,23.0,200.0,Forecast Bullseye,Dispatch 200 units (no committed demand). MTO item — demand is order-driven. Forecast hit dead-on (0% variance) — strong demand sensing. Action: review over-commit of 200 units.,Over-Production,Produced 200 units against committed 0 units. Red flag — produced 200 units more than ordered. Investigate planning breakdown.,Ops accepted Sales forecast in full. No capacity gap at plan stage.,20117.58,2313.52,,,,,,,27898.0,23.0,177.0,3208.27,24689.73
VTB and QVTB,QTV M03 B14 121 WH,Regular,,,,,,,,,,,,TBC,25.0,,-25.0,,,,,,,,,,25.0,Forecast Bullseye,Dispatch 25 units (no committed demand). Forecast hit dead-on (0% variance) — strong demand sensing. Action: review over-commit of 25 units.,Healthy Stock,Produced 0 units against committed 0 units.,Ops accepted Sales forecast in full. No capacity gap at plan stage.,,,,,,,,,3487.25,,25.0,,3487.25
SLTB and HDSLTB,RCTX M05 B08 336 X 156 MH,Regular,100.0,100.0,,100.0,,100%,158.0,,,,158.0,MTO,600.0,600.0%,-442.0,,,,,,,,,58.0,500.0,Over-Delivered | Forecast Bullseye,Dispatch 600% of committed (600 vs 100). MTO item — demand is order-driven. Forecast hit dead-on (0% variance) — strong demand sensing. Action: review over-commit of 500 units.,Healthy Stock,Produced 0 units against committed 100 units.,Ops accepted Sales forecast in full. No capacity gap at plan stage.,,2707.06,,,,,,,19250.0,58.0,442.0,2233.0,17017.0
Scrap,SCRAPMS,Regular,,,,,,,,,11317.0,,11317.0,TBC,16728.0,,-5411.0,,,,,,,,,,16728.0,Forecast Bullseye,"Dispatch 16,728 units (no committed demand). Forecast hit dead-on (0% variance) — strong demand sensing. Action: review over-commit of 16,728 units.",Healthy Stock,Produced 0 units against committed 0 units.,Ops accepted Sales forecast in full. No capacity gap at plan stage.,,,,,,,,,,,16728.0,,
9mm 2 Way Serrated,SFD M09 B15 J00 AL,Regular,9800.0,9800.0,,9800.0,,100%,4768.0,6650.0,6650.0,6650.0,11418.0,MTS,7000.0,71.4%,4418.0,14716.67,,2800.0,2800.0,,,,,,,Short Delivery | Forecast Bullseye,"Dispatch 71% of committed (7,000 vs 9,800). MTS item — buffer stock + green level matters. Forecast hit dead-on (0% variance) — strong demand sensing. Action: recover shortfall of 2,800 units.",Stock-Out Risk,"Produced 6,650 units against committed 9,800 units. Closing 4,418 units. Green level 14,717 (0.3x cover) — ⚠ Safety breach — replenish urgently.",Ops accepted Sales forecast in full. No capacity gap at plan stage.,,,19748.67,6650.0,,54292.0,,,,,,,
12mm 2Way Spring Insert,SFD M09 B15 J0X LSM,Regular,,,,,,,,5200.0,10200.0,10200.0,5200.0,TBC,,,5200.0,,5200.0,,,,,,5200.0,,,Forecast Bullseye,Dispatch 0 units (no committed demand). Forecast hit dead-on (0% variance) — strong demand sensing. No open commitment gap.,Healthy Stock,"Produced 5,200 units against committed 0 units.",Ops accepted Sales forecast in full. No capacity gap at plan stage.,,,,,,,,,,,,,
9mm 2 Way Serrated,SFD M09 B15 J3 SBS,Regular,,,,,,,,25150.0,45162.0,45162.0,25150.0,TBC,,,25150.0,,25150.0,,,,,,25150.0,,,Forecast Bullseye,Dispatch 0 units (no committed demand). Forecast hit dead-on (0% variance) — strong demand sensing. No open commitment gap.,Healthy Stock,"Produced 25,150 units against committed 0 units.",Ops accepted Sales forecast in full. No capacity gap at plan stage.,,,,,,,,,,,,,
12mm 1Way Spring Insert,SFS M09 B11 J0X AL,Regular,7400.0,7400.0,,7400.0,,100%,1325.0,10800.0,,,12125.0,MTS,10000.0,135.1%,2125.0,10416.67,,,,,,,,,2600.0,Over-Delivered | Forecast Bullseye,"Dispatch 135% of committed (10,000 vs 7,400). MTS item — buffer stock + green level matters. Forecast hit dead-on (0% variance) — strong demand sensing. Action: review over-commit of 2,600 units.",Stock-Out Risk,"Produced 10,800 units against committed 7,400 units. Closing 2,125 units. Green level 10,417 (0.2x cover) — ⚠ Safety breach — replenish urgently.",Ops accepted Sales forecast in full. No capacity gap at plan stage.,,,16491.67,10800.0,,,,,71032.0,,2600.0,,71032.0
SFS SS430-1,SFS M09 B11 J0X SRB,Regular,,,,,,,100.0,,,,100.0,MTO,,,100.0,,100.0,,,,,,,100.0,,Forecast Bullseye,Dispatch 0 units (no committed demand). MTO item — demand is order-driven. Forecast hit dead-on (0% variance) — strong demand sensing. No open commitment gap.,Unsold MTO Stock,Produced 0 units against committed 0 units.,Ops accepted Sales forecast in full. No capacity gap at plan stage.,,620.89,,,,,,,,,,,
SFS SS430-1,SFS M09 B11 J1X AL,Regular,8700.0,8700.0,,8700.0,,100%,12789.0,,,,12789.0,MTS,,0.0%,12789.0,20000.0,,8700.0,8700.0,,,,,,,Short Delivery | Forecast Bullseye,"Dispatch 0% of committed (0 vs 8,700). MTS item — buffer stock + green level matters. Forecast hit dead-on (0% variance) — strong demand sensing. Action: recover shortfall of 8,700 units.",Below Safety,"Produced 0 units against committed 8,700 units. Closing 12,789 units. Green level 20,000 (0.6x cover) — ⚠ Safety breach — replenish urgently.",Ops accepted Sales forecast in full. No capacity gap at plan stage.,,,15911.0,,,,,,,,,,
SFS SS430-2,SFS M09 B11 J1X FL,Regular,600.0,600.0,,600.0,,100%,82.0,,,,82.0,MTO,,0.0%,82.0,,82.0,600.0,82.0,,,518.0,,,,Short Delivery | Forecast Bullseye,Dispatch 0% of committed (0 vs 600). MTO item — demand is order-driven. Forecast hit dead-on (0% variance) — strong demand sensing. Action: recover shortfall of 600 units.,Production Shortfall,Produced 0 units against committed 600 units. Shortfall of 518 units — expedite production or procure.,Ops accepted Sales forecast in full. No capacity gap at plan stage.,,,518.0,,,,,,,,,,
SFS SS430-2,SFS M09 B11 J2A SDF,Regular,1800.0,1800.0,,1800.0,,100%,3450.0,,,,3450.0,MTS,,0.0%,3450.0,4000.0,,1800.0,1800.0,,,,,,,Short Delivery | Forecast Bullseye,"Dispatch 0% of committed (0 vs 1,800). MTS item — buffer stock + green level matters. Forecast hit dead-on (0% variance) — strong demand sensing. Action: recover shortfall of 1,800 units.",Below Safety,"Produced 0 units against committed 1,800 units. Closing 3,450 units. Green level 4,000 (0.9x cover) — ⚠ Safety breach — replenish urgently.",Ops accepted Sales forecast in full. No capacity gap at plan stage.,,,2350.0,,,,,,,,,,
12mm 1Way Spring Insert,SFS M09 B11 J2X AL,Regular,4200.0,4200.0,,4200.0,,100%,55545.0,,,,55545.0,MTS,5000.0,119.0%,50545.0,7500.0,43045.0,,,,,,,43845.0,800.0,Over-Delivered | Forecast Bullseye,"Dispatch 119% of committed (5,000 vs 4,200). MTS item — buffer stock + green level matters. Forecast hit dead-on (0% variance) — strong demand sensing. Action: review over-commit of 800 units.",Healthy Stock,"Produced 0 units against committed 4,200 units. Production and inventory in healthy state.",Ops accepted Sales forecast in full. No capacity gap at plan stage.,,383353.06,,,,,,,21856.0,800.0,,21856.0,
,SFS M09 B11 J3 SA,Regular,,,,,,,100.0,,,,100.0,TBC,,,100.0,,100.0,,,,,,,100.0,,Forecast Bullseye,Dispatch 0 units (no committed demand). Forecast hit dead-on (0% variance) — strong demand sensing. No open commitment gap.,Healthy Stock,Produced 0 units against committed 0 units.,Ops accepted Sales forecast in full. No capacity gap at plan stage.,,2500.0,,,,,,,,,,,
SFS SS430-2,SFS M09 B11 J3 SRB,Regular,,,,,,,222.0,,,,222.0,MTO,,,222.0,,222.0,,,,,,,222.0,,Forecast Bullseye,Dispatch 0 units (no committed demand). MTO item — demand is order-driven. Forecast hit dead-on (0% variance) — strong demand sensing. No open commitment gap.,Unsold MTO Stock,Produced 0 units against committed 0 units.,Ops accepted Sales forecast in full. No capacity gap at plan stage.,,2323.48,,,,,,,,,,,
12mm 2Way Spring Insert,SFS M09 B11 J32A LSM,Regular,,,,,,,,3250.0,3000.0,3000.0,3250.0,MTO,,,3250.0,,3250.0,,,,,,3250.0,,,Forecast Bullseye,Dispatch 0 units (no committed demand). MTO item — demand is order-driven. Forecast hit dead-on (0% variance) — strong demand sensing. No open commitment gap.,Over-Production,"Produced 3,250 units against committed 0 units. Red flag — produced 3,250 units more than ordered. Investigate planning breakdown.",Ops accepted Sales forecast in full. No capacity gap at plan stage.,,,,,,,,,,,,,
12mm 1Way Spring Insert,SFS M09 B11 J3X IFE,Regular,,,,,,,,20100.0,20000.0,20000.0,20100.0,MTO,,,20100.0,,20100.0,,,,,,20100.0,,,Forecast Bullseye,Dispatch 0 units (no committed demand). MTO item — demand is order-driven. Forecast hit dead-on (0% variance) — strong demand sensing. No open commitment gap.,Over-Production,"Produced 20,100 units against committed 0 units. Red flag — produced 20,100 units more than ordered. Investigate planning breakdown.",Ops accepted Sales forecast in full. No capacity gap at plan stage.,,,,,,,,,,,,,
12mm 1Way Spring Insert,SFS M09 B11 J3X LSM,Regular,,,,,,,,3850.0,3500.0,3500.0,3850.0,MTO,,,3850.0,,3850.0,,,,,,3850.0,,,Forecast Bullseye,Dispatch 0 units (no committed demand). MTO item — demand is order-driven. Forecast hit dead-on (0% variance) — strong demand sensing. No open commitment gap.,Over-Production,"Produced 3,850 units against committed 0 units. Red flag — produced 3,850 units more than ordered. Investigate planning breakdown.",Ops accepted Sales forecast in full. No capacity gap at plan stage.,,,,,,,,,,,,,
,SFS M09 B11 J3X PS,Regular,,,,,,,450.0,,,,450.0,TBC,,,450.0,,450.0,,,,,,,450.0,,Forecast Bullseye,Dispatch 0 units (no committed demand). Forecast hit dead-on (0% variance) — strong demand sensing. No open commitment gap.,Healthy Stock,Produced 0 units against committed 0 units.,Ops accepted Sales forecast in full. No capacity gap at plan stage.,,1232.91,,,,,,,,,,,
SFS SS430-3,SFS M09 B11 J3X SRB,Regular,,,,,,,100.0,,,,100.0,MTO,,,100.0,,100.0,,,,,,,100.0,,Forecast Bullseye,Dispatch 0 units (no committed demand). MTO item — demand is order-driven. Forecast hit dead-on (0% variance) — strong demand sensing. No open commitment gap.,Unsold MTO Stock,Produced 0 units against committed 0 units.,Ops accepted Sales forecast in full. No capacity gap at plan stage.,,1163.11,,,,,,,,,,,
12mm 1Way Spring Insert,SFS M09 B11 J45A AL,Regular,12000.0,12000.0,,12000.0,,100%,31247.0,,,,31247.0,MTO,24000.0,200.0%,7247.0,,7247.0,,,,,,,19247.0,12000.0,Over-Delivered | Forecast Bullseye,"Dispatch 200% of committed (24,000 vs 12,000). MTO item — demand is order-driven. Forecast hit dead-on (0% variance) — strong demand sensing. Action: review over-commit of 12,000 units.",Unsold MTO Stock,"Produced 0 units against committed 12,000 units.",Ops accepted Sales forecast in full. No capacity gap at plan stage.,,133954.89,,,,,,,327840.0,12000.0,,327840.0,
SFS SS430-2,SFS M09 B11 J45A SRB,Regular,,,,,,,100.0,,,,100.0,MTO,,,100.0,,100.0,,,,,,,100.0,,Forecast Bullseye,Dispatch 0 units (no committed demand). MTO item — demand is order-driven. Forecast hit dead-on (0% variance) — strong demand sensing. No open commitment gap.,Unsold MTO Stock,Produced 0 units against committed 0 units.,Ops accepted Sales forecast in full. No capacity gap at plan stage.,,742.8,,,,,,,,,,,
12mm 2Way Spring Insert,SFS M09 B11 J65A LSM,Regular,,,,,,,,7550.0,7500.0,7500.0,7550.0,MTS,,,7550.0,3000.0,4550.0,,,,,,4550.0,,,Forecast Bullseye,Dispatch 0 units (no committed demand). MTS item — buffer stock + green level matters. Forecast hit dead-on (0% variance) — strong demand sensing. No open commitment gap.,Production Surplus,"Produced 7,550 units against committed 0 units.",Ops accepted Sales forecast in full. No capacity gap at plan stage.,,,3000.0,3000.0,,,,,,,,,
12mm 1Way Spring Insert,SFS M09 B11 J75A AL,Regular,24400.0,24400.0,,24400.0,,100%,26541.0,13750.0,,,40291.0,MTS,25000.0,102.5%,15291.0,25333.33,,,,,,,,,600.0,On Target | Forecast Bullseye,"Dispatch 102% of committed (25,000 vs 24,400). MTS item — buffer stock + green level matters. Forecast hit dead-on (0% variance) — strong demand sensing. Action: review over-commit of 600 units.",Below Safety,"Produced 13,750 units against committed 24,400 units. Closing 15,291 units. Green level 25,333 (0.6x cover) — ⚠ Safety breach — replenish urgently.",Ops accepted Sales forecast in full. No capacity gap at plan stage.,,,23192.33,13750.0,,,,,16392.0,600.0,,16392.0,
V Screw Clamp,SP CPS V-Clamp 4001271,Regular,35200.0,35200.0,,35200.0,,100%,32925.0,,,,32925.0,MTS,,0.0%,32925.0,19800.0,13125.0,35200.0,32925.0,,,2275.0,,,,Short Delivery | Forecast Bullseye,"Dispatch 0% of committed (0 vs 35,200). MTS item — buffer stock + green level matters. Forecast hit dead-on (0% variance) — strong demand sensing. Action: recover shortfall of 35,200 units.",Production Shortfall,"Produced 0 units against committed 35,200 units. Shortfall of 2,275 units — expedite production or procure.",Ops accepted Sales forecast in full. No capacity gap at plan stage.,,,22075.0,,,,,,,,,,
,Sample T-Bolt 14mm,Regular,,,,,,,14.0,,,,14.0,TBC,,,14.0,,14.0,,,,,,,14.0,,Forecast Bullseye,Dispatch 0 units (no committed demand). Forecast hit dead-on (0% variance) — strong demand sensing. No open commitment gap.,Healthy Stock,Produced 0 units against committed 0 units.,Ops accepted Sales forecast in full. No capacity gap at plan stage.,,3635.1,,,,,,,,,,,
Scrap,Scrap SS,Regular,,,,,,,,,37616.0,15027.0,22589.0,TBC,32155.0,,-9566.0,,,,,,,,,,32155.0,Forecast Bullseye,"Dispatch 32,155 units (no committed demand). Forecast hit dead-on (0% variance) — strong demand sensing. Action: review over-commit of 32,155 units.",Healthy Stock,Produced 0 units against committed 0 units.,Ops accepted Sales forecast in full. No capacity gap at plan stage.,,,,,,,,,,,32155.0,,
TB-19mm TL,TL M01 B06 118 GLH,Regular,,,,,,,,2000.0,2000.0,2000.0,2000.0,MTO,,,2000.0,,2000.0,,,,,,2000.0,,,Forecast Bullseye,Dispatch 0 units (no committed demand). MTO item — demand is order-driven. Forecast hit dead-on (0% variance) — strong demand sensing. No open commitment gap.,Over-Production,"Produced 2,000 units against committed 0 units. Red flag — produced 2,000 units more than ordered. Investigate planning breakdown.",Ops accepted Sales forecast in full. No capacity gap at plan stage.,,,,,,,,,,,,,
TB-19mm TL,TL M01 B06 180 GLH,Regular,,,,,,,,625.0,600.0,600.0,625.0,MTO,,,625.0,,625.0,,,,,,625.0,,,Forecast Bullseye,Dispatch 0 units (no committed demand). MTO item — demand is order-driven. Forecast hit dead-on (0% variance) — strong demand sensing. No open commitment gap.,Over-Production,Produced 625 units against committed 0 units. Red flag — produced 625 units more than ordered. Investigate planning breakdown.,Ops accepted Sales forecast in full. No capacity gap at plan stage.,,,,,,,,,,,,,
TB-19mm TL,TL M01 B06 300 GLH,Regular,,,,,,,,490.0,500.0,500.0,490.0,MTO,,,490.0,,490.0,,,,,,490.0,,,Forecast Bullseye,Dispatch 0 units (no committed demand). MTO item — demand is order-driven. Forecast hit dead-on (0% variance) — strong demand sensing. No open commitment gap.,Over-Production,Produced 490 units against committed 0 units. Red flag — produced 490 units more than ordered. Investigate planning breakdown.,Ops accepted Sales forecast in full. No capacity gap at plan stage.,,,,,,,,,,,,,
TB-19mm TL,TL M01 B06 36 GLH,Regular,,,,,,,,2034.0,2100.0,2100.0,2034.0,MTO,,,2034.0,,2034.0,,,,,,2034.0,,,Forecast Bullseye,Dispatch 0 units (no committed demand). MTO item — demand is order-driven. Forecast hit dead-on (0% variance) — strong demand sensing. No open commitment gap.,Over-Production,"Produced 2,034 units against committed 0 units. Red flag — produced 2,034 units more than ordered. Investigate planning breakdown.",Ops accepted Sales forecast in full. No capacity gap at plan stage.,,,,,,,,,,,,,
TB-19mm TL,TL M01 B06 44 GLH,Regular,,,,,,,,2200.0,2100.0,2100.0,2200.0,MTO,,,2200.0,,2200.0,,,,,,2200.0,,,Forecast Bullseye,Dispatch 0 units (no committed demand). MTO item — demand is order-driven. Forecast hit dead-on (0% variance) — strong demand sensing. No open commitment gap.,Over-Production,"Produced 2,200 units against committed 0 units. Red flag — produced 2,200 units more than ordered. Investigate planning breakdown.",Ops accepted Sales forecast in full. No capacity gap at plan stage.,,,,,,,,,,,,,
TB-19mm TL,TL M01 B06 48 GLH,Regular,,,,,,,,1950.0,2000.0,2000.0,1950.0,MTO,,,1950.0,,1950.0,,,,,,1950.0,,,Forecast Bullseye,Dispatch 0 units (no committed demand). MTO item — demand is order-driven. Forecast hit dead-on (0% variance) — strong demand sensing. No open commitment gap.,Over-Production,"Produced 1,950 units against committed 0 units. Red flag — produced 1,950 units more than ordered. Investigate planning breakdown.",Ops accepted Sales forecast in full. No capacity gap at plan stage.,,,,,,,,,,,,,
TB-19mm TL,TL M01 B06 70 GLH,Regular,,,,,,,,2200.0,2000.0,2000.0,2200.0,MTO,,,2200.0,,2200.0,,,,,,2200.0,,,Forecast Bullseye,Dispatch 0 units (no committed demand). MTO item — demand is order-driven. Forecast hit dead-on (0% variance) — strong demand sensing. No open commitment gap.,Over-Production,"Produced 2,200 units against committed 0 units. Red flag — produced 2,200 units more than ordered. Investigate planning breakdown.",Ops accepted Sales forecast in full. No capacity gap at plan stage.,,,,,,,,,,,,,
,TL M01 B06 70 WH,Regular,2000.0,2000.0,,2000.0,,100%,,,,,,TBC,,0.0%,0,,,2000.0,,,,2000.0,,,,Short Delivery | Forecast Bullseye,"Dispatch 0% of committed (0 vs 2,000). Forecast hit dead-on (0% variance) — strong demand sensing. Action: recover shortfall of 2,000 units.",Production Shortfall,"Produced 0 units against committed 2,000 units. Shortfall of 2,000 units — expedite production or procure.",Ops accepted Sales forecast in full. No capacity gap at plan stage.,,,2000.0,,,,,,,,,,
TB-19mm TL,TL M01 B06 80 GLH,Regular,,,,,,,,2000.0,2000.0,2000.0,2000.0,MTO,,,2000.0,,2000.0,,,,,,2000.0,,,Forecast Bullseye,Dispatch 0 units (no committed demand). MTO item — demand is order-driven. Forecast hit dead-on (0% variance) — strong demand sensing. No open commitment gap.,Over-Production,"Produced 2,000 units against committed 0 units. Red flag — produced 2,000 units more than ordered. Investigate planning breakdown.",Ops accepted Sales forecast in full. No capacity gap at plan stage.,,,,,,,,,,,,,
TB-19mm TL,TL M01 B06 94 GLH,Regular,,,,,,,,2050.0,2000.0,2000.0,2050.0,MTO,,,2050.0,,2050.0,,,,,,2050.0,,,Forecast Bullseye,Dispatch 0 units (no committed demand). MTO item — demand is order-driven. Forecast hit dead-on (0% variance) — strong demand sensing. No open commitment gap.,Over-Production,"Produced 2,050 units against committed 0 units. Red flag — produced 2,050 units more than ordered. Investigate planning breakdown.",Ops accepted Sales forecast in full. No capacity gap at plan stage.,,,,,,,,,,,,,
TB-19mm TL,TL M02 B06 146 TE,Regular,,,,,,,,100.0,100.0,100.0,100.0,MTO,,,100.0,,100.0,,,,,,100.0,,,Forecast Bullseye,Dispatch 0 units (no committed demand). MTO item — demand is order-driven. Forecast hit dead-on (0% variance) — strong demand sensing. No open commitment gap.,Over-Production,Produced 100 units against committed 0 units. Red flag — produced 100 units more than ordered. Investigate planning breakdown.,Ops accepted Sales forecast in full. No capacity gap at plan stage.,,,,,,,,,,,,,
TB-19mm TL,TL M02 B06 178 TE,Regular,,,,,,,,100.0,100.0,100.0,100.0,MTO,,,100.0,,100.0,,,,,,100.0,,,Forecast Bullseye,Dispatch 0 units (no committed demand). MTO item — demand is order-driven. Forecast hit dead-on (0% variance) — strong demand sensing. No open commitment gap.,Over-Production,Produced 100 units against committed 0 units. Red flag — produced 100 units more than ordered. Investigate planning breakdown.,Ops accepted Sales forecast in full. No capacity gap at plan stage.,,,,,,,,,,,,,
TB-19mm TL,TL M02 B06 54 TE,Regular,,,,,,,,200.0,200.0,200.0,200.0,MTO,,,200.0,,200.0,,,,,,200.0,,,Forecast Bullseye,Dispatch 0 units (no committed demand). MTO item — demand is order-driven. Forecast hit dead-on (0% variance) — strong demand sensing. No open commitment gap.,Over-Production,Produced 200 units against committed 0 units. Red flag — produced 200 units more than ordered. Investigate planning breakdown.,Ops accepted Sales forecast in full. No capacity gap at plan stage.,,,,,,,,,,,,,
TB-19mm TL,TL M02 B06 58 TE,Regular,,,,,,,,300.0,300.0,300.0,300.0,MTO,,,300.0,,300.0,,,,,,300.0,,,Forecast Bullseye,Dispatch 0 units (no committed demand). MTO item — demand is order-driven. Forecast hit dead-on (0% variance) — strong demand sensing. No open commitment gap.,Over-Production,Produced 300 units against committed 0 units. Red flag — produced 300 units more than ordered. Investigate planning breakdown.,Ops accepted Sales forecast in full. No capacity gap at plan stage.,,,,,,,,,,,,,
,TL M02 B06 98 SI,Regular,,,,,,,122.0,,,,122.0,TBC,,,122.0,,122.0,,,,,,,122.0,,Forecast Bullseye,Dispatch 0 units (no committed demand). Forecast hit dead-on (0% variance) — strong demand sensing. No open commitment gap.,Healthy Stock,Produced 0 units against committed 0 units.,Ops accepted Sales forecast in full. No capacity gap at plan stage.,,122.0,,,,,,,,,,,
TB-14mm,TL M05 B05 38 MM,Regular,400.0,400.0,,400.0,,100%,2505.0,,1900.0,1900.0,2505.0,MTO,1800.0,450.0%,705.0,,705.0,,,,,,,2105.0,1400.0,Over-Delivered | Forecast Bullseye,"Dispatch 450% of committed (1,800 vs 400). MTO item — demand is order-driven. Forecast hit dead-on (0% variance) — strong demand sensing. Action: review over-commit of 1,400 units.",Unsold MTO Stock,Produced 0 units against committed 400 units.,Ops accepted Sales forecast in full. No capacity gap at plan stage.,,22943.55,,,,,,,28378.0,1400.0,,28378.0,
TB-14mm,TL M05 B05 48 WIP,Regular,400.0,400.0,,400.0,,100%,255.0,,,,255.0,MTO,100.0,25.0%,155.0,,155.0,300.0,155.0,,,145.0,,,,Short Delivery | Forecast Bullseye,Dispatch 25% of committed (100 vs 400). MTO item — demand is order-driven. Forecast hit dead-on (0% variance) — strong demand sensing. Action: recover shortfall of 300 units.,Production Shortfall,Produced 0 units against committed 400 units. Shortfall of 145 units — expedite production or procure.,Ops accepted Sales forecast in full. No capacity gap at plan stage.,,,145.0,,2939.15,3141.85,,,,,,,
TB-14mm,TL M05 B05 56 FG,Regular,8700.0,8700.0,,8700.0,,100%,2053.0,7402.0,,,9455.0,MTS,7150.0,82.2%,2305.0,2850.0,,1550.0,1550.0,,,,,,,Short Delivery | Forecast Bullseye,"Dispatch 82% of committed (7,150 vs 8,700). MTS item — buffer stock + green level matters. Forecast hit dead-on (0% variance) — strong demand sensing. Action: recover shortfall of 1,550 units.",Below Safety,"Produced 7,402 units against committed 8,700 units. Closing 2,305 units. Green level 2,850 (0.8x cover) — ⚠ Safety breach — replenish urgently.",Ops accepted Sales forecast in full. No capacity gap at plan stage.,,,9497.0,7402.0,,31418.5,,,,,,,
TB-19mm TL,TL M05 B05 64 FL,Regular,8600.0,8600.0,,8600.0,,100%,4993.0,9065.0,,,14058.0,MTS,8400.0,97.7%,5658.0,2159.0,3499.0,200.0,200.0,,,,3299.0,,,On Target | Forecast Bullseye,"Dispatch 98% of committed (8,400 vs 8,600). MTS item — buffer stock + green level matters. Forecast hit dead-on (0% variance) — strong demand sensing. Action: recover shortfall of 200 units.",Production Surplus,"Produced 9,065 units against committed 8,600 units.",Ops accepted Sales forecast in full. No capacity gap at plan stage.,41235.39,,5766.0,5766.0,,4832.0,,,,,,,
TB 14 60,TL M05 B05 68 MM,Regular,800.0,800.0,,800.0,,100%,584.0,,,,584.0,MTO,,0.0%,584.0,,584.0,800.0,584.0,,,216.0,,,,Short Delivery | Forecast Bullseye,Dispatch 0% of committed (0 vs 800). MTO item — demand is order-driven. Forecast hit dead-on (0% variance) — strong demand sensing. Action: recover shortfall of 800 units.,Production Shortfall,Produced 0 units against committed 800 units. Shortfall of 216 units — expedite production or procure.,Ops accepted Sales forecast in full. No capacity gap at plan stage.,,,216.0,,,,,,,,,,
TB-14mm,TL M05 B05 72 FG,Regular,18900.0,18900.0,,18900.0,,100%,7439.0,14750.0,,,22189.0,MTS,22800.0,120.6%,-611.0,18000.0,,,,,,,,,3900.0,Over-Delivered | Forecast Bullseye,"Dispatch 121% of committed (22,800 vs 18,900). MTS item — buffer stock + green level matters. Forecast hit dead-on (0% variance) — strong demand sensing. Action: review over-commit of 3,900 units.",Stock-Out Risk,"Produced 14,750 units against committed 18,900 units. Closing -611 units. Green level 18,000 (-0.0x cover) — ⚠ Safety breach — replenish urgently.",Ops accepted Sales forecast in full. No capacity gap at plan stage.,,,29461.0,14750.0,,,,,79053.0,,3900.0,,79053.0
TB-19mm TL,TL M05 B05 82 FL,Regular,2000.0,2000.0,,2000.0,,100%,3.0,2542.0,,,2545.0,MTO,1575.0,78.8%,970.0,,970.0,425.0,425.0,,,,545.0,,,Short Delivery | Forecast Bullseye,"Dispatch 79% of committed (1,575 vs 2,000). MTO item — demand is order-driven. Forecast hit dead-on (0% variance) — strong demand sensing. Action: recover shortfall of 425 units.",Over-Production,"Produced 2,542 units against committed 2,000 units. Red flag — produced 545 units more than ordered. Investigate planning breakdown.",Ops accepted Sales forecast in full. No capacity gap at plan stage.,6929.56,,1997.0,1997.0,,10268.0,,,,,,,
TB 74,TL M05 B06 114,Regular,,,,,,,198.0,,,,198.0,MTO,,,198.0,,198.0,,,,,,,198.0,,Forecast Bullseye,Dispatch 0 units (no committed demand). MTO item — demand is order-driven. Forecast hit dead-on (0% variance) — strong demand sensing. No open commitment gap.,Unsold MTO Stock,Produced 0 units against committed 0 units.,Ops accepted Sales forecast in full. No capacity gap at plan stage.,,6003.36,,,,,,,,,,,
TB 74,TL M05 B06 142 CM,Regular,,,,,,,1505.0,,,,1505.0,MTO,,,1505.0,,1505.0,,,,,,,1505.0,,Forecast Bullseye,Dispatch 0 units (no committed demand). MTO item — demand is order-driven. Forecast hit dead-on (0% variance) — strong demand sensing. No open commitment gap.,Unsold MTO Stock,Produced 0 units against committed 0 units.,Ops accepted Sales forecast in full. No capacity gap at plan stage.,,37866.07,,,,,,,,,,,
TB 74,TL M05 B06 144 GC,Regular,,,,,,,113.0,,,,113.0,MTO,,,113.0,,113.0,,,,,,,113.0,,Forecast Bullseye,Dispatch 0 units (no committed demand). MTO item — demand is order-driven. Forecast hit dead-on (0% variance) — strong demand sensing. No open commitment gap.,Unsold MTO Stock,Produced 0 units against committed 0 units.,Ops accepted Sales forecast in full. No capacity gap at plan stage.,,2582.01,,,,,,,,,,,
TB-19mm TL,TL M05 B06 36 ML,Regular,19000.0,19000.0,,19000.0,,100%,15886.0,12500.0,,,28386.0,MTS,7800.0,41.1%,20586.0,21120.0,,11200.0,11200.0,,,,,,,Short Delivery | Forecast Bullseye,"Dispatch 41% of committed (7,800 vs 19,000). MTS item — buffer stock + green level matters. Forecast hit dead-on (0% variance) — strong demand sensing. Action: recover shortfall of 11,200 units.",Below Safety,"Produced 12,500 units against committed 19,000 units. Closing 20,586 units. Green level 21,120 (1.0x cover) — ⚠ Safety breach — replenish urgently.",Ops accepted Sales forecast in full. No capacity gap at plan stage.,,,24234.0,12500.0,,270592.0,,,,,,,
TB-19mm TL,TL M05 B06 54 ML,Regular,6600.0,6600.0,,6600.0,,100%,3.0,,,,3.0,MTS,6000.0,90.9%,-5997.0,5640.0,,600.0,,,,600.0,,,,On Target | Forecast Bullseye,"Dispatch 91% of committed (6,000 vs 6,600). MTS item — buffer stock + green level matters. Forecast hit dead-on (0% variance) — strong demand sensing. Action: recover shortfall of 600 units.",Production Shortfall | Stock-Out Risk,"Produced 0 units against committed 6,600 units. Shortfall of 6,597 units — expedite production or procure. Closing -5,997 units. Green level 5,640 (-1.1x cover) — ⚠ Safety breach — replenish urgently.",Ops accepted Sales forecast in full. No capacity gap at plan stage.,,,12237.0,,14496.0,,,,,,,,
TB 74,TL M05 B06 82 CM,Regular,400.0,400.0,,400.0,,100%,3605.0,,,,3605.0,MTO,,0.0%,3605.0,,3605.0,400.0,400.0,,,,,3205.0,,Short Delivery | Forecast Bullseye,Dispatch 0% of committed (0 vs 400). MTO item — demand is order-driven. Forecast hit dead-on (0% variance) — strong demand sensing. Action: recover shortfall of 400 units.,Healthy Stock,Produced 0 units against committed 400 units.,Ops accepted Sales forecast in full. No capacity gap at plan stage.,,59996.19,,,,,,,,,,,
TB 74,TL M05 B06 90 CM,Regular,,,,,,,1034.0,,,,1034.0,MTO,,,1034.0,,1034.0,,,,,,,1034.0,,Forecast Bullseye,Dispatch 0 units (no committed demand). MTO item — demand is order-driven. Forecast hit dead-on (0% variance) — strong demand sensing. No open commitment gap.,Unsold MTO Stock,Produced 0 units against committed 0 units.,Ops accepted Sales forecast in full. No capacity gap at plan stage.,,20990.86,,,,,,,,,,,
SLTB and HDSLTB,TS M02 B06 104 CM,Regular,200.0,200.0,,200.0,,100%,5.0,,,,5.0,MTO,,0.0%,5.0,,5.0,200.0,5.0,,,195.0,,,,Short Delivery | Forecast Bullseye,Dispatch 0% of committed (0 vs 200). MTO item — demand is order-driven. Forecast hit dead-on (0% variance) — strong demand sensing. Action: recover shortfall of 200 units.,Production Shortfall,Produced 0 units against committed 200 units. Shortfall of 195 units — expedite production or procure.,Ops accepted Sales forecast in full. No capacity gap at plan stage.,,,195.0,,7507.5,192.5,,,,,,,
SLTB and HDSLTB,TS M02 B08 102 KSI,Regular,,,,,,,,2.0,,,2.0,MTO,,,2.0,,2.0,,,,,,2.0,,,Forecast Bullseye,Dispatch 0 units (no committed demand). MTO item — demand is order-driven. Forecast hit dead-on (0% variance) — strong demand sensing. No open commitment gap.,Over-Production,Produced 2 units against committed 0 units. Red flag — produced 2 units more than ordered. Investigate planning breakdown.,Ops accepted Sales forecast in full. No capacity gap at plan stage.,,,,,,,,,,,,,
SLTB and HDSLTB,TS M02 B08 102 MRY1,Regular,,,,,,,,454.0,500.0,500.0,454.0,MTO,,,454.0,,454.0,,,,,,454.0,,,Forecast Bullseye,Dispatch 0 units (no committed demand). MTO item — demand is order-driven. Forecast hit dead-on (0% variance) — strong demand sensing. No open commitment gap.,Over-Production,Produced 454 units against committed 0 units. Red flag — produced 454 units more than ordered. Investigate planning breakdown.,Ops accepted Sales forecast in full. No capacity gap at plan stage.,,,,,,,,,,,,,
SLTB and HDSLTB,TS M02 B08 104 CAT,Regular,27400.0,27400.0,,27400.0,,100%,9854.0,8400.0,,,18254.0,MTS,17280.0,63.1%,974.0,15063.33,,10120.0,974.0,,,9146.0,,,,Short Delivery | Forecast Bullseye,"Dispatch 63% of committed (17,280 vs 27,400). MTS item — buffer stock + green level matters. Forecast hit dead-on (0% variance) — strong demand sensing. Action: recover shortfall of 10,120 units.",Production Shortfall | Stock-Out Risk,"Produced 8,400 units against committed 27,400 units. Shortfall of 9,146 units — expedite production or procure. Closing 974 units. Green level 15,063 (0.1x cover) — ⚠ Safety breach — replenish urgently.",Ops accepted Sales forecast in full. No capacity gap at plan stage.,,,32609.33,8400.0,352121.0,37499.0,,,,,,,
SLTB and HDSLTB,TS M02 B08 110 CAT,Regular,,,,,,,50.0,20.0,,,70.0,MTO,10.0,,60.0,,60.0,,,,,,20.0,50.0,10.0,Forecast Bullseye,Dispatch 10 units (no committed demand). MTO item — demand is order-driven. Forecast hit dead-on (0% variance) — strong demand sensing. Action: review over-commit of 10 units.,Over-Production,Produced 20 units against committed 0 units. Red flag — produced 20 units more than ordered. Investigate planning breakdown.,Ops accepted Sales forecast in full. No capacity gap at plan stage.,907.65,2269.12,,,,,,,385.0,10.0,,385.0,
SLTB and HDSLTB,TS M02 B08 110 MRY1,Regular,,,,,,,,502.0,500.0,500.0,502.0,MTO,,,502.0,,502.0,,,,,,502.0,,,Forecast Bullseye,Dispatch 0 units (no committed demand). MTO item — demand is order-driven. Forecast hit dead-on (0% variance) — strong demand sensing. No open commitment gap.,Over-Production,Produced 502 units against committed 0 units. Red flag — produced 502 units more than ordered. Investigate planning breakdown.,Ops accepted Sales forecast in full. No capacity gap at plan stage.,,,,,,,,,,,,,
SLTB 92,TS M02 B08 110 TC,Regular,,,,,,,5.0,,,,5.0,MTO,,,5.0,,5.0,,,,,,,5.0,,Forecast Bullseye,Dispatch 0 units (no committed demand). MTO item — demand is order-driven. Forecast hit dead-on (0% variance) — strong demand sensing. No open commitment gap.,Unsold MTO Stock,Produced 0 units against committed 0 units.,Ops accepted Sales forecast in full. No capacity gap at plan stage.,,155.0,,,,,,,,,,,
SLTB 92,TS M02 B08 114 CAT,Regular,,,,,,,374.0,,,,374.0,MTO,,,374.0,,374.0,,,,,,,374.0,,Forecast Bullseye,Dispatch 0 units (no committed demand). MTO item — demand is order-driven. Forecast hit dead-on (0% variance) — strong demand sensing. No open commitment gap.,Unsold MTO Stock,Produced 0 units against committed 0 units.,Ops accepted Sales forecast in full. No capacity gap at plan stage.,,17840.7,,,,,,,,,,,
SLTB and HDSLTB,TS M02 B08 126 MRY,Regular,,,,,,,,3210.0,4200.0,4200.0,3210.0,MTO,,,3210.0,,3210.0,,,,,,3210.0,,,Forecast Bullseye,Dispatch 0 units (no committed demand). MTO item — demand is order-driven. Forecast hit dead-on (0% variance) — strong demand sensing. No open commitment gap.,Over-Production,"Produced 3,210 units against committed 0 units. Red flag — produced 3,210 units more than ordered. Investigate planning breakdown.",Ops accepted Sales forecast in full. No capacity gap at plan stage.,,,,,,,,,,,,,
,TS M02 B08 136 CM,Regular,,,,,,,5.0,,,,5.0,TBC,,,5.0,,5.0,,,,,,,5.0,,Forecast Bullseye,Dispatch 0 units (no committed demand). Forecast hit dead-on (0% variance) — strong demand sensing. No open commitment gap.,Healthy Stock,Produced 0 units against committed 0 units.,Ops accepted Sales forecast in full. No capacity gap at plan stage.,,205.4,,,,,,,,,,,
SLTB and HDSLTB,TS M02 B08 138 CAT,Regular,765.0,765.0,,765.0,,100%,37.0,1290.0,,,1327.0,MTO,1275.0,166.7%,52.0,,52.0,,,,,,562.0,,510.0,Over-Delivered | Forecast Bullseye,"Dispatch 167% of committed (1,275 vs 765). MTO item — demand is order-driven. Forecast hit dead-on (0% variance) — strong demand sensing. Action: review over-commit of 510 units.",Over-Production,"Produced 1,290 units against committed 765 units. Red flag — produced 562 units more than ordered. Investigate planning breakdown.",Ops accepted Sales forecast in full. No capacity gap at plan stage.,28213.97,,728.0,728.0,,,,,19635.0,,510.0,,19635.0
SLTB and HDSLTB,TS M02 B08 142 CM,Regular,,,,,,,5.0,,,,5.0,MTO,,,5.0,,5.0,,,,,,,5.0,,Forecast Bullseye,Dispatch 0 units (no committed demand). MTO item — demand is order-driven. Forecast hit dead-on (0% variance) — strong demand sensing. No open commitment gap.,Unsold MTO Stock,Produced 0 units against committed 0 units.,Ops accepted Sales forecast in full. No capacity gap at plan stage.,,182.3,,,,,,,,,,,
SLTB 92   1mm,TS M02 B08 144 CAT,Regular,470.0,470.0,,470.0,,100%,55.0,,,,55.0,MTO,,0.0%,55.0,,55.0,470.0,55.0,,,415.0,,,,Short Delivery | Forecast Bullseye,Dispatch 0% of committed (0 vs 470). MTO item — demand is order-driven. Forecast hit dead-on (0% variance) — strong demand sensing. Action: recover shortfall of 470 units.,Production Shortfall,Produced 0 units against committed 470 units. Shortfall of 415 units — expedite production or procure.,Ops accepted Sales forecast in full. No capacity gap at plan stage.,,,415.0,,,,,,,,,,
SLTB 102,TS M02 B08 148 CAT,Regular,400.0,400.0,,400.0,,100%,121.0,,,,121.0,MTO,,0.0%,121.0,,121.0,400.0,121.0,,,279.0,,,,Short Delivery | Forecast Bullseye,Dispatch 0% of committed (0 vs 400). MTO item — demand is order-driven. Forecast hit dead-on (0% variance) — strong demand sensing. Action: recover shortfall of 400 units.,Production Shortfall,Produced 0 units against committed 400 units. Shortfall of 279 units — expedite production or procure.,Ops accepted Sales forecast in full. No capacity gap at plan stage.,,,279.0,,,,,,,,,,
SLTB and HDSLTB,TS M02 B08 150 CAT,Regular,,,,,,,67.0,990.0,,,1057.0,MTO,1000.0,,57.0,,57.0,,,,,,990.0,67.0,1000.0,Forecast Bullseye,"Dispatch 1,000 units (no committed demand). MTO item — demand is order-driven. Forecast hit dead-on (0% variance) — strong demand sensing. Action: review over-commit of 1,000 units.",Over-Production,Produced 990 units against committed 0 units. Red flag — produced 990 units more than ordered. Investigate planning breakdown.,Ops accepted Sales forecast in full. No capacity gap at plan stage.,52095.89,3525.68,,,,,,,38500.0,67.0,933.0,2579.5,35920.5
SLTB and HDSLTB,TS M02 B08 174 CAT,Regular,2400.0,2400.0,,2400.0,,100%,380.0,1490.0,,,1870.0,MTO,1500.0,62.5%,370.0,,370.0,900.0,370.0,,,530.0,,,,Short Delivery | Forecast Bullseye,"Dispatch 62% of committed (1,500 vs 2,400). MTO item — demand is order-driven. Forecast hit dead-on (0% variance) — strong demand sensing. Action: recover shortfall of 900 units.",Production Shortfall,"Produced 1,490 units against committed 2,400 units. Shortfall of 530 units — expedite production or procure.",Ops accepted Sales forecast in full. No capacity gap at plan stage.,,,2020.0,1490.0,20405.0,14245.0,,,,,,,
CAT SLTB,TS M02 B08 174 CAT1,Regular,1940.0,1940.0,,1940.0,,100%,296.0,1144.0,,,1440.0,MTO,1280.0,66.0%,160.0,,160.0,660.0,160.0,,,500.0,,,,Short Delivery | Forecast Bullseye,"Dispatch 66% of committed (1,280 vs 1,940). MTO item — demand is order-driven. Forecast hit dead-on (0% variance) — strong demand sensing. Action: recover shortfall of 660 units.",Production Shortfall,"Produced 1,144 units against committed 1,940 units. Shortfall of 500 units — expedite production or procure.",Ops accepted Sales forecast in full. No capacity gap at plan stage.,,,1644.0,1144.0,36525.0,11688.0,,,,,,,
SLTB and HDSLTB,TS M02 B08 174 MRY,Regular,,,,,,,,3902.0,3850.0,3850.0,3902.0,MTO,,,3902.0,,3902.0,,,,,,3902.0,,,Forecast Bullseye,Dispatch 0 units (no committed demand). MTO item — demand is order-driven. Forecast hit dead-on (0% variance) — strong demand sensing. No open commitment gap.,Over-Production,"Produced 3,902 units against committed 0 units. Red flag — produced 3,902 units more than ordered. Investigate planning breakdown.",Ops accepted Sales forecast in full. No capacity gap at plan stage.,,,,,,,,,,,,,
SLTB and HDSLTB,TS M02 B08 30 CL,Regular,,,,,,,134.0,3000.0,3000.0,3000.0,3134.0,MTO,,,3134.0,,3134.0,,,,,,3000.0,134.0,,Forecast Bullseye,Dispatch 0 units (no committed demand). MTO item — demand is order-driven. Forecast hit dead-on (0% variance) — strong demand sensing. No open commitment gap.,Over-Production,"Produced 3,000 units against committed 0 units. Red flag — produced 3,000 units more than ordered. Investigate planning breakdown.",Ops accepted Sales forecast in full. No capacity gap at plan stage.,70569.51,3152.1,,,,,,,,,,,
,TS M02 B08 312 CAT,Regular,,,,,,,5.0,,,,5.0,TBC,,,5.0,,5.0,,,,,,,5.0,,Forecast Bullseye,Dispatch 0 units (no committed demand). Forecast hit dead-on (0% variance) — strong demand sensing. No open commitment gap.,Healthy Stock,Produced 0 units against committed 0 units.,Ops accepted Sales forecast in full. No capacity gap at plan stage.,,755.0,,,,,,,,,,,
SLTB and HDSLTB,TS M02 B08 34 MRY1,Regular,,,,,,,,502.0,500.0,500.0,502.0,MTO,,,502.0,,502.0,,,,,,502.0,,,Forecast Bullseye,Dispatch 0 units (no committed demand). MTO item — demand is order-driven. Forecast hit dead-on (0% variance) — strong demand sensing. No open commitment gap.,Over-Production,Produced 502 units against committed 0 units. Red flag — produced 502 units more than ordered. Investigate planning breakdown.,Ops accepted Sales forecast in full. No capacity gap at plan stage.,,,,,,,,,,,,,
SLTB and HDSLTB,TS M02 B08 38 MRY1,Regular,,,,,,,,483.0,500.0,500.0,483.0,MTO,,,483.0,,483.0,,,,,,483.0,,,Forecast Bullseye,Dispatch 0 units (no committed demand). MTO item — demand is order-driven. Forecast hit dead-on (0% variance) — strong demand sensing. No open commitment gap.,Over-Production,Produced 483 units against committed 0 units. Red flag — produced 483 units more than ordered. Investigate planning breakdown.,Ops accepted Sales forecast in full. No capacity gap at plan stage.,,,,,,,,,,,,,
CAT SLTB,TS M02 B08 42 CAT,Regular,800.0,800.0,,800.0,,100%,45.0,560.0,,,605.0,MTO,580.0,72.5%,25.0,,25.0,220.0,25.0,,,195.0,,,,Short Delivery | Forecast Bullseye,Dispatch 72% of committed (580 vs 800). MTO item — demand is order-driven. Forecast hit dead-on (0% variance) — strong demand sensing. Action: recover shortfall of 220 units.,Production Shortfall,Produced 560 units against committed 800 units. Shortfall of 195 units — expedite production or procure.,Ops accepted Sales forecast in full. No capacity gap at plan stage.,,,755.0,560.0,14244.75,1826.25,,,,,,,
SLTB 92 B,TS M02 B08 44 FM,Regular,1100.0,1100.0,,1100.0,,100%,103.0,,,,103.0,MTO,,0.0%,103.0,,103.0,1100.0,103.0,,,997.0,,,,Short Delivery | Forecast Bullseye,"Dispatch 0% of committed (0 vs 1,100). MTO item — demand is order-driven. Forecast hit dead-on (0% variance) — strong demand sensing. Action: recover shortfall of 1,100 units.",Production Shortfall,"Produced 0 units against committed 1,100 units. Shortfall of 997 units — expedite production or procure.",Ops accepted Sales forecast in full. No capacity gap at plan stage.,,,997.0,,,,,,,,,,
SLTB and HDSLTB,TS M02 B08 46 MRY1,Regular,,,,,,,,484.0,500.0,500.0,484.0,MTO,,,484.0,,484.0,,,,,,484.0,,,Forecast Bullseye,Dispatch 0 units (no committed demand). MTO item — demand is order-driven. Forecast hit dead-on (0% variance) — strong demand sensing. No open commitment gap.,Over-Production,Produced 484 units against committed 0 units. Red flag — produced 484 units more than ordered. Investigate planning breakdown.,Ops accepted Sales forecast in full. No capacity gap at plan stage.,,,,,,,,,,,,,
SLTB 92 B,TS M02 B08 50 FM,Regular,1800.0,1800.0,,1800.0,,100%,40.0,,,,40.0,MTO,,0.0%,40.0,,40.0,1800.0,40.0,,,1760.0,,,,Short Delivery | Forecast Bullseye,"Dispatch 0% of committed (0 vs 1,800). MTO item — demand is order-driven. Forecast hit dead-on (0% variance) — strong demand sensing. Action: recover shortfall of 1,800 units.",Production Shortfall,"Produced 0 units against committed 1,800 units. Shortfall of 1,760 units — expedite production or procure.",Ops accepted Sales forecast in full. No capacity gap at plan stage.,,,1760.0,,,,,,,,,,
SLTB and HDSLTB,TS M02 B08 54 MRY1,Regular,,,,,,,,502.0,500.0,500.0,502.0,MTO,,,502.0,,502.0,,,,,,502.0,,,Forecast Bullseye,Dispatch 0 units (no committed demand). MTO item — demand is order-driven. Forecast hit dead-on (0% variance) — strong demand sensing. No open commitment gap.,Over-Production,Produced 502 units against committed 0 units. Red flag — produced 502 units more than ordered. Investigate planning breakdown.,Ops accepted Sales forecast in full. No capacity gap at plan stage.,,,,,,,,,,,,,
SLTB and HDSLTB,TS M02 B08 56 TC,Regular,,,,,,,10.0,200.0,,,210.0,MTO,,,210.0,,210.0,,,,,,200.0,10.0,,Forecast Bullseye,Dispatch 0 units (no committed demand). MTO item — demand is order-driven. Forecast hit dead-on (0% variance) — strong demand sensing. No open commitment gap.,Over-Production,Produced 200 units against committed 0 units. Red flag — produced 200 units more than ordered. Investigate planning breakdown.,Ops accepted Sales forecast in full. No capacity gap at plan stage.,5400.0,270.0,,,,,,,,,,,
SLTB 92,TS M02 B08 58 FM,Regular,1200.0,1200.0,,1200.0,,100%,30.0,,,,30.0,MTO,,0.0%,30.0,,30.0,1200.0,30.0,,,1170.0,,,,Short Delivery | Forecast Bullseye,"Dispatch 0% of committed (0 vs 1,200). MTO item — demand is order-driven. Forecast hit dead-on (0% variance) — strong demand sensing. Action: recover shortfall of 1,200 units.",Production Shortfall,"Produced 0 units against committed 1,200 units. Shortfall of 1,170 units — expedite production or procure.",Ops accepted Sales forecast in full. No capacity gap at plan stage.,,,1170.0,,,,,,,,,,
SLTB and HDSLTB,TS M02 B08 62 MRY1,Regular,,,,,,,,500.0,500.0,500.0,500.0,MTO,,,500.0,,500.0,,,,,,500.0,,,Forecast Bullseye,Dispatch 0 units (no committed demand). MTO item — demand is order-driven. Forecast hit dead-on (0% variance) — strong demand sensing. No open commitment gap.,Over-Production,Produced 500 units against committed 0 units. Red flag — produced 500 units more than ordered. Investigate planning breakdown.,Ops accepted Sales forecast in full. No capacity gap at plan stage.,,,,,,,,,,,,,
SLTB 92B   1mm,TS M02 B08 64 CAT,Regular,200.0,200.0,,200.0,,100%,131.0,,,,131.0,MTO,,0.0%,131.0,,131.0,200.0,131.0,,,69.0,,,,Short Delivery | Forecast Bullseye,Dispatch 0% of committed (0 vs 200). MTO item — demand is order-driven. Forecast hit dead-on (0% variance) — strong demand sensing. Action: recover shortfall of 200 units.,Production Shortfall,Produced 0 units against committed 200 units. Shortfall of 69 units — expedite production or procure.,Ops accepted Sales forecast in full. No capacity gap at plan stage.,,,69.0,,,,,,,,,,
SLTB and HDSLTB,TS M02 B08 70 MRY,Regular,,,,,,,,2596.0,18000.0,18000.0,2596.0,MTO,,,2596.0,,2596.0,,,,,,2596.0,,,Forecast Bullseye,Dispatch 0 units (no committed demand). MTO item — demand is order-driven. Forecast hit dead-on (0% variance) — strong demand sensing. No open commitment gap.,Over-Production,"Produced 2,596 units against committed 0 units. Red flag — produced 2,596 units more than ordered. Investigate planning breakdown.",Ops accepted Sales forecast in full. No capacity gap at plan stage.,,,,,,,,,,,,,
SLTB and HDSLTB,TS M02 B08 70 MRY1,Regular,,,,,,,,502.0,500.0,500.0,502.0,MTO,,,502.0,,502.0,,,,,,502.0,,,Forecast Bullseye,Dispatch 0 units (no committed demand). MTO item — demand is order-driven. Forecast hit dead-on (0% variance) — strong demand sensing. No open commitment gap.,Over-Production,Produced 502 units against committed 0 units. Red flag — produced 502 units more than ordered. Investigate planning breakdown.,Ops accepted Sales forecast in full. No capacity gap at plan stage.,,,,,,,,,,,,,
SLTB 92B   1mm,TS M02 B08 72 CAT,Regular,,,,,,,6.0,,,,6.0,MTO,,,6.0,,6.0,,,,,,,6.0,,Forecast Bullseye,Dispatch 0 units (no committed demand). MTO item — demand is order-driven. Forecast hit dead-on (0% variance) — strong demand sensing. No open commitment gap.,Unsold MTO Stock,Produced 0 units against committed 0 units.,Ops accepted Sales forecast in full. No capacity gap at plan stage.,,236.28,,,,,,,,,,,
SLTB 92,TS M02 B08 80 CAT,Regular,500.0,500.0,,500.0,,100%,55.0,,,,55.0,MTO,,0.0%,55.0,,55.0,500.0,55.0,,,445.0,,,,Short Delivery | Forecast Bullseye,Dispatch 0% of committed (0 vs 500). MTO item — demand is order-driven. Forecast hit dead-on (0% variance) — strong demand sensing. Action: recover shortfall of 500 units.,Production Shortfall,Produced 0 units against committed 500 units. Shortfall of 445 units — expedite production or procure.,Ops accepted Sales forecast in full. No capacity gap at plan stage.,,,445.0,,,,,,,,,,
SLTB 92,TS M02 B08 82 CAT,Regular,1400.0,1400.0,,1400.0,,100%,244.0,,,,244.0,MTO,,0.0%,244.0,,244.0,1400.0,244.0,,,1156.0,,,,Short Delivery | Forecast Bullseye,"Dispatch 0% of committed (0 vs 1,400). MTO item — demand is order-driven. Forecast hit dead-on (0% variance) — strong demand sensing. Action: recover shortfall of 1,400 units.",Production Shortfall,"Produced 0 units against committed 1,400 units. Shortfall of 1,156 units — expedite production or procure.",Ops accepted Sales forecast in full. No capacity gap at plan stage.,,,1156.0,,,,,,,,,,
SLTB and HDSLTB,TS M02 B08 82 CM,Regular,,,,,,,,15.0,,,15.0,MTO,10.0,,5.0,,5.0,,,,,,15.0,,10.0,Forecast Bullseye,Dispatch 10 units (no committed demand). MTO item — demand is order-driven. Forecast hit dead-on (0% variance) — strong demand sensing. Action: review over-commit of 10 units.,Over-Production,Produced 15 units against committed 0 units. Red flag — produced 15 units more than ordered. Investigate planning breakdown.,Ops accepted Sales forecast in full. No capacity gap at plan stage.,,,,,,,,,385.0,,10.0,,385.0
SLTB and HDSLTB,TS M02 B08 86 MRY1,Regular,,,,,,,,466.0,500.0,500.0,466.0,MTO,,,466.0,,466.0,,,,,,466.0,,,Forecast Bullseye,Dispatch 0 units (no committed demand). MTO item — demand is order-driven. Forecast hit dead-on (0% variance) — strong demand sensing. No open commitment gap.,Over-Production,Produced 466 units against committed 0 units. Red flag — produced 466 units more than ordered. Investigate planning breakdown.,Ops accepted Sales forecast in full. No capacity gap at plan stage.,,,,,,,,,,,,,
SLTB and HDSLTB,TS M02 B08 88 WH,Regular,,,,,,,,5.0,,,5.0,TBC,,,5.0,,5.0,,,,,,5.0,,,Forecast Bullseye,Dispatch 0 units (no committed demand). Forecast hit dead-on (0% variance) — strong demand sensing. No open commitment gap.,Healthy Stock,Produced 5 units against committed 0 units.,Ops accepted Sales forecast in full. No capacity gap at plan stage.,,,,,,,,,,,,,
SLTB and HDSLTB,TS M02 B08 91.2 MRY,Regular,,,,,,,,4350.0,20000.0,20000.0,4350.0,MTO,,,4350.0,,4350.0,,,,,,4350.0,,,Forecast Bullseye,Dispatch 0 units (no committed demand). MTO item — demand is order-driven. Forecast hit dead-on (0% variance) — strong demand sensing. No open commitment gap.,Over-Production,"Produced 4,350 units against committed 0 units. Red flag — produced 4,350 units more than ordered. Investigate planning breakdown.",Ops accepted Sales forecast in full. No capacity gap at plan stage.,,,,,,,,,,,,,
SLTB and HDSLTB,TS M02 B08 91.2 MRY1,Regular,,,,,,,,500.0,500.0,500.0,500.0,MTO,,,500.0,,500.0,,,,,,500.0,,,Forecast Bullseye,Dispatch 0 units (no committed demand). MTO item — demand is order-driven. Forecast hit dead-on (0% variance) — strong demand sensing. No open commitment gap.,Over-Production,Produced 500 units against committed 0 units. Red flag — produced 500 units more than ordered. Investigate planning breakdown.,Ops accepted Sales forecast in full. No capacity gap at plan stage.,,,,,,,,,,,,,
SLTB and HDSLTB,TS M05 B08 102,Regular,1100.0,1100.0,,1100.0,,100%,89.0,1500.0,,,1589.0,MTO,1500.0,136.4%,89.0,,89.0,,,,,,489.0,,400.0,Over-Delivered | Forecast Bullseye,"Dispatch 136% of committed (1,500 vs 1,100). MTO item — demand is order-driven. Forecast hit dead-on (0% variance) — strong demand sensing. Action: review over-commit of 400 units.",Over-Production,"Produced 1,500 units against committed 1,100 units. Red flag — produced 489 units more than ordered. Investigate planning breakdown.",Ops accepted Sales forecast in full. No capacity gap at plan stage.,10706.25,,1011.0,1011.0,,,,,15400.0,,400.0,,15400.0
SLTB 92,TS M05 B08 102 (W/J),Regular,,,,,,,200.0,,,,200.0,MTO,,,200.0,,200.0,,,,,,,200.0,,Forecast Bullseye,Dispatch 0 units (no committed demand). MTO item — demand is order-driven. Forecast hit dead-on (0% variance) — strong demand sensing. No open commitment gap.,Unsold MTO Stock,Produced 0 units against committed 0 units.,Ops accepted Sales forecast in full. No capacity gap at plan stage.,,6753.84,,,,,,,,,,,
SLTB and HDSLTB,TS M05 B08 102 TTR,Regular,600.0,600.0,,600.0,,100%,952.0,,,,952.0,MTO,900.0,150.0%,52.0,,52.0,,,,,,,352.0,300.0,Over-Delivered | Forecast Bullseye,Dispatch 150% of committed (900 vs 600). MTO item — demand is order-driven. Forecast hit dead-on (0% variance) — strong demand sensing. Action: review over-commit of 300 units.,Unsold MTO Stock,Produced 0 units against committed 600 units.,Ops accepted Sales forecast in full. No capacity gap at plan stage.,,7780.74,,,,,,,11550.0,300.0,,11550.0,
SLTB and HDSLTB,TS M05 B08 104 FL,Regular,400.0,400.0,,400.0,,100%,121.0,500.0,,,621.0,MTO,500.0,125.0%,121.0,,121.0,,,,,,221.0,,100.0,Over-Delivered | Forecast Bullseye,Dispatch 125% of committed (500 vs 400). MTO item — demand is order-driven. Forecast hit dead-on (0% variance) — strong demand sensing. Action: review over-commit of 100 units.,Over-Production,Produced 500 units against committed 400 units. Red flag — produced 221 units more than ordered. Investigate planning breakdown.,Ops accepted Sales forecast in full. No capacity gap at plan stage.,4769.21,,279.0,279.0,,,,,3850.0,,100.0,,3850.0
SLTB and HDSLTB,TS M05 B08 104 MH,Regular,1000.0,1000.0,,1000.0,,100%,734.0,1770.0,,,2504.0,MTO,1365.0,136.5%,1139.0,,1139.0,,,,,,1504.0,,365.0,Over-Delivered | Forecast Bullseye,"Dispatch 136% of committed (1,365 vs 1,000). MTO item — demand is order-driven. Forecast hit dead-on (0% variance) — strong demand sensing. Action: review over-commit of 365 units.",Over-Production,"Produced 1,770 units against committed 1,000 units. Red flag — produced 1,504 units more than ordered. Investigate planning breakdown.",Ops accepted Sales forecast in full. No capacity gap at plan stage.,33707.05,,266.0,266.0,,,,,14052.5,,365.0,,14052.5
SLTB and HDSLTB,TS M05 B08 106 FL,Regular,14400.0,14400.0,,14400.0,,100%,6473.0,12026.0,,,18499.0,MTS,12125.0,84.2%,6374.0,2083.0,4291.0,2275.0,2275.0,,,,2016.0,,,Short Delivery | Forecast Bullseye,"Dispatch 84% of committed (12,125 vs 14,400). MTS item — buffer stock + green level matters. Forecast hit dead-on (0% variance) — strong demand sensing. Action: recover shortfall of 2,275 units.",Production Surplus,"Produced 12,026 units against committed 14,400 units.",Ops accepted Sales forecast in full. No capacity gap at plan stage.,44065.85,,10010.0,10010.0,,87587.5,,,,,,,
SLTB 92,TS M05 B08 106 TTR,Regular,200.0,200.0,,200.0,,100%,903.0,,,,903.0,MTO,,0.0%,903.0,,903.0,200.0,200.0,,,,,703.0,,Short Delivery | Forecast Bullseye,Dispatch 0% of committed (0 vs 200). MTO item — demand is order-driven. Forecast hit dead-on (0% variance) — strong demand sensing. Action: recover shortfall of 200 units.,Healthy Stock,Produced 0 units against committed 200 units.,Ops accepted Sales forecast in full. No capacity gap at plan stage.,,15782.57,,,,,,,,,,,
SLTB and HDSLTB,TS M05 B08 108 MH,Regular,7400.0,7400.0,,7400.0,,100%,3259.0,9915.0,,,13174.0,MTS,6435.0,87.0%,6739.0,6960.0,,965.0,965.0,,,,,,,Short Delivery | Forecast Bullseye,"Dispatch 87% of committed (6,435 vs 7,400). MTS item — buffer stock + green level matters. Forecast hit dead-on (0% variance) — strong demand sensing. Action: recover shortfall of 965 units.",Below Safety,"Produced 9,915 units against committed 7,400 units. Closing 6,739 units. Green level 6,960 (1.0x cover) — ⚠ Safety breach — replenish urgently.",Ops accepted Sales forecast in full. No capacity gap at plan stage.,,,11101.0,9915.0,,37152.5,,,,,,,
SLTB and HDSLTB,TS M05 B08 108 MH 1,Regular,1200.0,1200.0,,1200.0,,100%,1486.0,1524.0,,,3010.0,MTO,792.0,66.0%,2218.0,,2218.0,408.0,408.0,,,,1524.0,286.0,,Short Delivery | Forecast Bullseye,"Dispatch 66% of committed (792 vs 1,200). MTO item — demand is order-driven. Forecast hit dead-on (0% variance) — strong demand sensing. Action: recover shortfall of 408 units.",Over-Production,"Produced 1,524 units against committed 1,200 units. Red flag — produced 1,524 units more than ordered. Investigate planning breakdown.",Ops accepted Sales forecast in full. No capacity gap at plan stage.,37905.43,7113.49,,,,15708.0,,,,,,,
SLTB 92,TS M05 B08 108 PS,Regular,,,,,,,459.0,,,,459.0,MTO,,,459.0,,459.0,,,,,,,459.0,,Forecast Bullseye,Dispatch 0 units (no committed demand). MTO item — demand is order-driven. Forecast hit dead-on (0% variance) — strong demand sensing. No open commitment gap.,Unsold MTO Stock,Produced 0 units against committed 0 units.,Ops accepted Sales forecast in full. No capacity gap at plan stage.,,12082.21,,,,,,,,,,,
SLTB 92,TS M05 B08 110 MH,Regular,200.0,200.0,,200.0,,100%,142.0,,,,142.0,MTO,,0.0%,142.0,,142.0,200.0,142.0,,,58.0,,,,Short Delivery | Forecast Bullseye,Dispatch 0% of committed (0 vs 200). MTO item — demand is order-driven. Forecast hit dead-on (0% variance) — strong demand sensing. Action: recover shortfall of 200 units.,Production Shortfall,Produced 0 units against committed 200 units. Shortfall of 58 units — expedite production or procure.,Ops accepted Sales forecast in full. No capacity gap at plan stage.,,,58.0,,,,,,,,,,
SLTB and HDSLTB,TS M05 B08 110 MM,Regular,1000.0,1000.0,,1000.0,,100%,1393.0,1050.0,1200.0,1200.0,2443.0,MTO,1200.0,120.0%,1243.0,,1243.0,,,,,,1050.0,393.0,200.0,Over-Delivered | Forecast Bullseye,"Dispatch 120% of committed (1,200 vs 1,000). MTO item — demand is order-driven. Forecast hit dead-on (0% variance) — strong demand sensing. Action: review over-commit of 200 units.",Over-Production,"Produced 1,050 units against committed 1,000 units. Red flag — produced 1,050 units more than ordered. Investigate planning breakdown.",Ops accepted Sales forecast in full. No capacity gap at plan stage.,24807.47,9285.08,,,,,,,7700.0,200.0,,7700.0,
SLTB and HDSLTB,TS M05 B08 114 MH,Regular,,,,,,,8.0,8.0,,,16.0,TBC,,,16.0,,16.0,,,,,,8.0,8.0,,Forecast Bullseye,Dispatch 0 units (no committed demand). Forecast hit dead-on (0% variance) — strong demand sensing. No open commitment gap.,Healthy Stock,Produced 8 units against committed 0 units.,Ops accepted Sales forecast in full. No capacity gap at plan stage.,200.0,200.0,,,,,,,,,,,
SLTB and HDSLTB,TS M05 B08 115 FL,Regular,6700.0,6700.0,,6700.0,,100%,2500.0,2550.0,,,5050.0,MTS,3000.0,44.8%,2050.0,664.0,1386.0,3700.0,2050.0,,,1650.0,,,,Short Delivery | Forecast Bullseye,"Dispatch 45% of committed (3,000 vs 6,700). MTS item — buffer stock + green level matters. Forecast hit dead-on (0% variance) — strong demand sensing. Action: recover shortfall of 3,700 units.",Production Shortfall,"Produced 2,550 units against committed 6,700 units. Shortfall of 1,650 units — expedite production or procure.",Ops accepted Sales forecast in full. No capacity gap at plan stage.,,,4864.0,2550.0,63525.0,78925.0,,,,,,,
SLTB 92,TS M05 B08 118 FL,Regular,2600.0,2600.0,,2600.0,,100%,1373.0,,,,1373.0,MTS,,0.0%,1373.0,696.0,677.0,2600.0,1373.0,,,1227.0,,,,Short Delivery | Forecast Bullseye,"Dispatch 0% of committed (0 vs 2,600). MTS item — buffer stock + green level matters. Forecast hit dead-on (0% variance) — strong demand sensing. Action: recover shortfall of 2,600 units.",Production Shortfall,"Produced 0 units against committed 2,600 units. Shortfall of 1,227 units — expedite production or procure.",Ops accepted Sales forecast in full. No capacity gap at plan stage.,,,1923.0,,,,,,,,,,
SLTB 92,TS M05 B08 118 MM,Regular,1000.0,1000.0,,1000.0,,100%,1633.0,,,,1633.0,MTO,,0.0%,1633.0,,1633.0,1000.0,1000.0,,,,,633.0,,Short Delivery | Forecast Bullseye,"Dispatch 0% of committed (0 vs 1,000). MTO item — demand is order-driven. Forecast hit dead-on (0% variance) — strong demand sensing. Action: recover shortfall of 1,000 units.",Healthy Stock,"Produced 0 units against committed 1,000 units.",Ops accepted Sales forecast in full. No capacity gap at plan stage.,,15115.44,,,,,,,,,,,
SLTB and HDSLTB,TS M05 B08 120 FL,Regular,1300.0,1300.0,,1300.0,,100%,126.0,3025.0,,,3151.0,MTO,1000.0,76.9%,2151.0,,2151.0,300.0,300.0,,,,1851.0,,,Short Delivery | Forecast Bullseye,"Dispatch 77% of committed (1,000 vs 1,300). MTO item — demand is order-driven. Forecast hit dead-on (0% variance) — strong demand sensing. Action: recover shortfall of 300 units.",Over-Production,"Produced 3,025 units against committed 1,300 units. Red flag — produced 1,851 units more than ordered. Investigate planning breakdown.",Ops accepted Sales forecast in full. No capacity gap at plan stage.,42867.42,,1174.0,1174.0,,11550.0,,,,,,,
SLTB and HDSLTB,TS M05 B08 120 FL2,Regular,1800.0,1800.0,,1800.0,,100%,85.0,25.0,,,110.0,MTO,925.0,51.4%,-815.0,,,875.0,,,,875.0,,,,Short Delivery | Forecast Bullseye,"Dispatch 51% of committed (925 vs 1,800). MTO item — demand is order-driven. Forecast hit dead-on (0% variance) — strong demand sensing. Action: recover shortfall of 875 units.",Production Shortfall,"Produced 25 units against committed 1,800 units. Shortfall of 1,690 units — expedite production or procure.",Ops accepted Sales forecast in full. No capacity gap at plan stage.,,,1715.0,25.0,33687.5,,,,,,,,
SLTB 92,TS M05 B08 122 FL,Regular,900.0,900.0,,900.0,,100%,524.0,,,,524.0,MTO,,0.0%,524.0,,524.0,900.0,524.0,,,376.0,,,,Short Delivery | Forecast Bullseye,Dispatch 0% of committed (0 vs 900). MTO item — demand is order-driven. Forecast hit dead-on (0% variance) — strong demand sensing. Action: recover shortfall of 900 units.,Production Shortfall,Produced 0 units against committed 900 units. Shortfall of 376 units — expedite production or procure.,Ops accepted Sales forecast in full. No capacity gap at plan stage.,,,376.0,,,,,,,,,,
SLTB and HDSLTB,TS M05 B08 122 MH,Regular,1900.0,1900.0,,1900.0,,100%,1221.0,1002.0,,,2223.0,MTO,1560.0,82.1%,663.0,,663.0,340.0,340.0,,,,323.0,,,Short Delivery | Forecast Bullseye,"Dispatch 82% of committed (1,560 vs 1,900). MTO item — demand is order-driven. Forecast hit dead-on (0% variance) — strong demand sensing. Action: recover shortfall of 340 units.",Over-Production,"Produced 1,002 units against committed 1,900 units. Red flag — produced 323 units more than ordered. Investigate planning breakdown.",Ops accepted Sales forecast in full. No capacity gap at plan stage.,7914.34,,679.0,679.0,,13090.0,,,,,,,
SLTB and HDSLTB,TS M05 B08 124 FG,Regular,1000.0,1000.0,,1000.0,,100%,120.0,500.0,,,620.0,MTO,,0.0%,620.0,,620.0,1000.0,620.0,,,380.0,,,,Short Delivery | Forecast Bullseye,"Dispatch 0% of committed (0 vs 1,000). MTO item — demand is order-driven. Forecast hit dead-on (0% variance) — strong demand sensing. Action: recover shortfall of 1,000 units.",Production Shortfall,"Produced 500 units against committed 1,000 units. Shortfall of 380 units — expedite production or procure.",Ops accepted Sales forecast in full. No capacity gap at plan stage.,,,880.0,500.0,14630.0,23870.0,,,,,,,
SLTB and HDSLTB,TS M05 B08 126 MH,Regular,1500.0,1500.0,,1500.0,,100%,4211.0,50.0,,,4261.0,MTO,2600.0,173.3%,1661.0,,1661.0,,,,,,50.0,2711.0,1100.0,Over-Delivered | Forecast Bullseye,"Dispatch 173% of committed (2,600 vs 1,500). MTO item — demand is order-driven. Forecast hit dead-on (0% variance) — strong demand sensing. Action: review over-commit of 1,100 units.",Over-Production,"Produced 50 units against committed 1,500 units. Red flag — produced 50 units more than ordered. Investigate planning breakdown.",Ops accepted Sales forecast in full. No capacity gap at plan stage.,1217.31,66002.52,,,,,,,42350.0,1100.0,,42350.0,
SLTB and HDSLTB,TS M05 B08 130 MH,Regular,200.0,200.0,,200.0,,100%,3377.0,,,,3377.0,MTO,400.0,200.0%,2977.0,,2977.0,,,,,,,3177.0,200.0,Over-Delivered | Forecast Bullseye,Dispatch 200% of committed (400 vs 200). MTO item — demand is order-driven. Forecast hit dead-on (0% variance) — strong demand sensing. Action: review over-commit of 200 units.,Unsold MTO Stock,Produced 0 units against committed 200 units.,Ops accepted Sales forecast in full. No capacity gap at plan stage.,,85181.06,,,,,,,7700.0,200.0,,7700.0,
SLTB 92,TS M05 B08 134 FL,Regular,3200.0,3200.0,,3200.0,,100%,1418.0,,,,1418.0,MTS,,0.0%,1418.0,333.0,1085.0,3200.0,1418.0,,,1782.0,,,,Short Delivery | Forecast Bullseye,"Dispatch 0% of committed (0 vs 3,200). MTS item — buffer stock + green level matters. Forecast hit dead-on (0% variance) — strong demand sensing. Action: recover shortfall of 3,200 units.",Production Shortfall,"Produced 0 units against committed 3,200 units. Shortfall of 1,782 units — expedite production or procure.",Ops accepted Sales forecast in full. No capacity gap at plan stage.,,,2115.0,,,,,,,,,,
SLTB and HDSLTB,TS M05 B08 134 MH,Regular,,,,,,,104.0,104.0,,,208.0,TBC,,,208.0,,208.0,,,,,,104.0,104.0,,Forecast Bullseye,Dispatch 0 units (no committed demand). Forecast hit dead-on (0% variance) — strong demand sensing. No open commitment gap.,Healthy Stock,Produced 104 units against committed 0 units.,Ops accepted Sales forecast in full. No capacity gap at plan stage.,3550.81,3550.81,,,,,,,,,,,
SLTB 92,TS M05 B08 136 FL,Regular,,,,,,,4.0,,,,4.0,MTO,,,4.0,,4.0,,,,,,,4.0,,Forecast Bullseye,Dispatch 0 units (no committed demand). MTO item — demand is order-driven. Forecast hit dead-on (0% variance) — strong demand sensing. No open commitment gap.,Unsold MTO Stock,Produced 0 units against committed 0 units.,Ops accepted Sales forecast in full. No capacity gap at plan stage.,,113.1,,,,,,,,,,,
SLTB 92,TS M05 B08 136 FL2,Regular,400.0,400.0,,400.0,,100%,248.0,,,,248.0,MTO,,0.0%,248.0,,248.0,400.0,248.0,,,152.0,,,,Short Delivery | Forecast Bullseye,Dispatch 0% of committed (0 vs 400). MTO item — demand is order-driven. Forecast hit dead-on (0% variance) — strong demand sensing. Action: recover shortfall of 400 units.,Production Shortfall,Produced 0 units against committed 400 units. Shortfall of 152 units — expedite production or procure.,Ops accepted Sales forecast in full. No capacity gap at plan stage.,,,152.0,,,,,,,,,,
SLTB and HDSLTB,TS M05 B08 138 FL,Regular,7900.0,7900.0,,7900.0,,100%,983.0,10.0,,,993.0,MTS,3050.0,38.6%,-2057.0,8560.0,,4850.0,,,,4850.0,,,,Short Delivery | Forecast Bullseye,"Dispatch 39% of committed (3,050 vs 7,900). MTS item — buffer stock + green level matters. Forecast hit dead-on (0% variance) — strong demand sensing. Action: recover shortfall of 4,850 units.",Production Shortfall | Stock-Out Risk,"Produced 10 units against committed 7,900 units. Shortfall of 6,907 units — expedite production or procure. Closing -2,057 units. Green level 8,560 (-0.2x cover) — ⚠ Safety breach — replenish urgently.",Ops accepted Sales forecast in full. No capacity gap at plan stage.,,,15477.0,10.0,186725.0,,,,,,,,
SLTB 92,TS M05 B08 138 FL1,Regular,600.0,600.0,,600.0,,100%,16.0,,,,16.0,MTO,,0.0%,16.0,,16.0,600.0,16.0,,,584.0,,,,Short Delivery | Forecast Bullseye,Dispatch 0% of committed (0 vs 600). MTO item — demand is order-driven. Forecast hit dead-on (0% variance) — strong demand sensing. Action: recover shortfall of 600 units.,Production Shortfall,Produced 0 units against committed 600 units. Shortfall of 584 units — expedite production or procure.,Ops accepted Sales forecast in full. No capacity gap at plan stage.,,,584.0,,,,,,,,,,
SLTB and HDSLTB,TS M05 B08 138 MH,Regular,1600.0,1600.0,,1600.0,,100%,3852.0,2625.0,,,6477.0,MTO,3000.0,187.5%,3477.0,,3477.0,,,,,,2625.0,2252.0,1400.0,Over-Delivered | Forecast Bullseye,"Dispatch 188% of committed (3,000 vs 1,600). MTO item — demand is order-driven. Forecast hit dead-on (0% variance) — strong demand sensing. Action: review over-commit of 1,400 units.",Over-Production,"Produced 2,625 units against committed 1,600 units. Red flag — produced 2,625 units more than ordered. Investigate planning breakdown.",Ops accepted Sales forecast in full. No capacity gap at plan stage.,68902.21,59111.53,,,,,,,53900.0,1400.0,,53900.0,
SLTB and HDSLTB,TS M05 B08 140 FL,Regular,13600.0,13600.0,,13600.0,,100%,4913.0,2875.0,,,7788.0,MTS,7500.0,55.1%,288.0,2732.0,,6100.0,288.0,,,5812.0,,,,Short Delivery | Forecast Bullseye,"Dispatch 55% of committed (7,500 vs 13,600). MTS item — buffer stock + green level matters. Forecast hit dead-on (0% variance) — strong demand sensing. Action: recover shortfall of 6,100 units.",Production Shortfall | Stock-Out Risk,"Produced 2,875 units against committed 13,600 units. Shortfall of 5,812 units — expedite production or procure. Closing 288 units. Green level 2,732 (0.1x cover) — ⚠ Safety breach — replenish urgently.",Ops accepted Sales forecast in full. No capacity gap at plan stage.,,,11419.0,2875.0,223762.0,11088.0,,,,,,,
SLTB and HDSLTB,TS M05 B08 140 FL1,Regular,2800.0,2800.0,,2800.0,,100%,1106.0,25.0,,,1131.0,MTO,550.0,19.6%,581.0,,581.0,2250.0,581.0,,,1669.0,,,,Short Delivery | Forecast Bullseye,"Dispatch 20% of committed (550 vs 2,800). MTO item — demand is order-driven. Forecast hit dead-on (0% variance) — strong demand sensing. Action: recover shortfall of 2,250 units.",Production Shortfall,"Produced 25 units against committed 2,800 units. Shortfall of 1,669 units — expedite production or procure.",Ops accepted Sales forecast in full. No capacity gap at plan stage.,,,1694.0,25.0,64256.5,22368.5,,,,,,,
SLTB and HDSLTB,TS M05 B08 140 MH 1,Regular,4700.0,4700.0,,4700.0,,100%,2527.0,3930.0,,,6457.0,MTS,3960.0,84.3%,2497.0,1000.0,1497.0,740.0,740.0,,,,757.0,,,Short Delivery | Forecast Bullseye,"Dispatch 84% of committed (3,960 vs 4,700). MTS item — buffer stock + green level matters. Forecast hit dead-on (0% variance) — strong demand sensing. Action: recover shortfall of 740 units.",Production Surplus,"Produced 3,930 units against committed 4,700 units.",Ops accepted Sales forecast in full. No capacity gap at plan stage.,19192.23,,3173.0,3173.0,,28490.0,,,,,,,
SLTB 92,TS M05 B08 140 PS,Regular,,,,,,,475.0,,,,475.0,MTO,,,475.0,,475.0,,,,,,,475.0,,Forecast Bullseye,Dispatch 0 units (no committed demand). MTO item — demand is order-driven. Forecast hit dead-on (0% variance) — strong demand sensing. No open commitment gap.,Unsold MTO Stock,Produced 0 units against committed 0 units.,Ops accepted Sales forecast in full. No capacity gap at plan stage.,,8206.86,,,,,,,,,,,
SLTB 92,TS M05 B08 142 FL,Regular,1800.0,1800.0,,1800.0,,100%,576.0,,,,576.0,MTO,,0.0%,576.0,,576.0,1800.0,576.0,,,1224.0,,,,Short Delivery | Forecast Bullseye,"Dispatch 0% of committed (0 vs 1,800). MTO item — demand is order-driven. Forecast hit dead-on (0% variance) — strong demand sensing. Action: recover shortfall of 1,800 units.",Production Shortfall,"Produced 0 units against committed 1,800 units. Shortfall of 1,224 units — expedite production or procure.",Ops accepted Sales forecast in full. No capacity gap at plan stage.,,,1224.0,,,,,,,,,,
SLTB and HDSLTB,TS M05 B08 142 MH,Regular,1200.0,1200.0,,1200.0,,100%,898.0,2505.0,,,3403.0,MTS,2535.0,211.2%,868.0,1000.0,,,,,,,1203.0,,1335.0,Over-Delivered | Forecast Bullseye,"Dispatch 211% of committed (2,535 vs 1,200). MTS item — buffer stock + green level matters. Forecast hit dead-on (0% variance) — strong demand sensing. Action: review over-commit of 1,335 units.",Below Safety | Excess Inventory,"Produced 2,505 units against committed 1,200 units. Closing 868 units. Green level 1,000 (0.9x cover) — ⚠ Safety breach — replenish urgently. Excess build-up of 1,203 units — throttle production.",Ops accepted Sales forecast in full. No capacity gap at plan stage.,30783.33,,1302.0,1302.0,,,,,51397.5,,1335.0,,51397.5
SLTB and HDSLTB,TS M05 B08 142 MH 1,Regular,900.0,900.0,,900.0,,100%,294.0,795.0,,,1089.0,MTO,780.0,86.7%,309.0,,309.0,120.0,120.0,,,,189.0,,,Short Delivery | Forecast Bullseye,Dispatch 87% of committed (780 vs 900). MTO item — demand is order-driven. Forecast hit dead-on (0% variance) — strong demand sensing. Action: recover shortfall of 120 units.,Over-Production,Produced 795 units against committed 900 units. Red flag — produced 189 units more than ordered. Investigate planning breakdown.,Ops accepted Sales forecast in full. No capacity gap at plan stage.,4836.3,,606.0,606.0,,4620.0,,,,,,,
SLTB and HDSLTB,TS M05 B08 142 MM,Regular,1300.0,1300.0,,1300.0,,100%,2047.0,,1200.0,1200.0,2047.0,MTO,1200.0,92.3%,847.0,,847.0,100.0,100.0,,,,,747.0,,On Target | Forecast Bullseye,"Dispatch 92% of committed (1,200 vs 1,300). MTO item — demand is order-driven. Forecast hit dead-on (0% variance) — strong demand sensing. Action: recover shortfall of 100 units.",Healthy Stock,"Produced 0 units against committed 1,300 units.",Ops accepted Sales forecast in full. No capacity gap at plan stage.,,19264.67,,,,3850.0,,,,,,,
SLTB and HDSLTB,TS M05 B08 144 MH,Regular,1100.0,1100.0,,1100.0,,100%,3139.0,,,,3139.0,MTS,390.0,35.5%,2749.0,1000.0,1749.0,710.0,710.0,,,,,1039.0,,Short Delivery | Forecast Bullseye,"Dispatch 35% of committed (390 vs 1,100). MTS item — buffer stock + green level matters. Forecast hit dead-on (0% variance) — strong demand sensing. Action: recover shortfall of 710 units.",Healthy Stock,"Produced 0 units against committed 1,100 units. Production and inventory in healthy state.",Ops accepted Sales forecast in full. No capacity gap at plan stage.,,26805.69,,,,27335.0,,,,,,,
SLTB 92,TS M05 B08 146 FL,Regular,2100.0,2100.0,,2100.0,,100%,2082.0,,,,2082.0,MTO,,0.0%,2082.0,,2082.0,2100.0,2082.0,,,18.0,,,,Short Delivery | Forecast Bullseye,"Dispatch 0% of committed (0 vs 2,100). MTO item — demand is order-driven. Forecast hit dead-on (0% variance) — strong demand sensing. Action: recover shortfall of 2,100 units.",Production Shortfall,"Produced 0 units against committed 2,100 units. Shortfall of 18 units — expedite production or procure.",Ops accepted Sales forecast in full. No capacity gap at plan stage.,,,18.0,,,,,,,,,,
SLTB 92,TS M05 B08 156 MH 1,Regular,100.0,100.0,,100.0,,100%,1234.0,,,,1234.0,MTO,,0.0%,1234.0,,1234.0,100.0,100.0,,,,,1134.0,,Short Delivery | Forecast Bullseye,Dispatch 0% of committed (0 vs 100). MTO item — demand is order-driven. Forecast hit dead-on (0% variance) — strong demand sensing. Action: recover shortfall of 100 units.,Healthy Stock,Produced 0 units against committed 100 units.,Ops accepted Sales forecast in full. No capacity gap at plan stage.,,33039.35,,,,,,,,,,,
SLTB and HDSLTB,TS M05 B08 162 MH,Regular,3100.0,3100.0,,3100.0,,100%,536.0,2160.0,,,2696.0,MTS,1755.0,56.6%,941.0,1000.0,,1345.0,941.0,,,404.0,,,,Short Delivery | Forecast Bullseye,"Dispatch 57% of committed (1,755 vs 3,100). MTS item — buffer stock + green level matters. Forecast hit dead-on (0% variance) — strong demand sensing. Action: recover shortfall of 1,345 units.",Production Shortfall | Below Safety,"Produced 2,160 units against committed 3,100 units. Shortfall of 404 units — expedite production or procure. Closing 941 units. Green level 1,000 (0.9x cover) — ⚠ Safety breach — replenish urgently.",Ops accepted Sales forecast in full. No capacity gap at plan stage.,,,3564.0,2160.0,15554.0,36228.5,,,,,,,
SLTB and HDSLTB,TS M05 B08 162 MH 1,Regular,100.0,100.0,,100.0,,100%,1367.0,,,,1367.0,MTO,198.0,198.0%,1169.0,,1169.0,,,,,,,1267.0,98.0,Over-Delivered | Forecast Bullseye,Dispatch 198% of committed (198 vs 100). MTO item — demand is order-driven. Forecast hit dead-on (0% variance) — strong demand sensing. Action: review over-commit of 98 units.,Unsold MTO Stock,Produced 0 units against committed 100 units.,Ops accepted Sales forecast in full. No capacity gap at plan stage.,,36893.34,,,,,,,3773.0,98.0,,3773.0,
SLTB and HDSLTB,TS M05 B08 168 MM,Regular,700.0,700.0,,700.0,,100%,235.0,,500.0,500.0,235.0,MTO,500.0,71.4%,-265.0,,,200.0,,,,200.0,,,,Short Delivery | Forecast Bullseye,Dispatch 71% of committed (500 vs 700). MTO item — demand is order-driven. Forecast hit dead-on (0% variance) — strong demand sensing. Action: recover shortfall of 200 units.,Production Shortfall,Produced 0 units against committed 700 units. Shortfall of 465 units — expedite production or procure.,Ops accepted Sales forecast in full. No capacity gap at plan stage.,,,465.0,,7700.0,,,,,,,,
SLTB and HDSLTB,TS M05 B08 170 FL,Regular,6800.0,6800.0,,6800.0,,100%,1917.0,,,,1917.0,MTS,1000.0,14.7%,917.0,237.0,680.0,5800.0,917.0,,,4883.0,,,,Short Delivery | Forecast Bullseye,"Dispatch 15% of committed (1,000 vs 6,800). MTS item — buffer stock + green level matters. Forecast hit dead-on (0% variance) — strong demand sensing. Action: recover shortfall of 5,800 units.",Production Shortfall,"Produced 0 units against committed 6,800 units. Shortfall of 4,883 units — expedite production or procure.",Ops accepted Sales forecast in full. No capacity gap at plan stage.,,,5120.0,,187995.5,35304.5,,,,,,,
SLTB 92,TS M05 B08 172 FL,Regular,,,,,,,200.0,,,,200.0,MTO,,,200.0,,200.0,,,,,,,200.0,,Forecast Bullseye,Dispatch 0 units (no committed demand). MTO item — demand is order-driven. Forecast hit dead-on (0% variance) — strong demand sensing. No open commitment gap.,Unsold MTO Stock,Produced 0 units against committed 0 units.,Ops accepted Sales forecast in full. No capacity gap at plan stage.,,5839.95,,,,,,,,,,,
SLTB and HDSLTB,TS M05 B08 174 MM,Regular,1000.0,1000.0,,1000.0,,100%,1056.0,,500.0,500.0,1056.0,MTO,500.0,50.0%,556.0,,556.0,500.0,500.0,,,,,56.0,,Short Delivery | Forecast Bullseye,"Dispatch 50% of committed (500 vs 1,000). MTO item — demand is order-driven. Forecast hit dead-on (0% variance) — strong demand sensing. Action: recover shortfall of 500 units.",Healthy Stock,"Produced 0 units against committed 1,000 units.",Ops accepted Sales forecast in full. No capacity gap at plan stage.,,1534.49,,,,19250.0,,,,,,,
SLTB and HDSLTB,TS M05 B08 180 MH,Regular,1300.0,1300.0,,1300.0,,100%,3279.0,,,,3279.0,MTO,1800.0,138.5%,1479.0,,1479.0,,,,,,,1979.0,500.0,Over-Delivered | Forecast Bullseye,"Dispatch 138% of committed (1,800 vs 1,300). MTO item — demand is order-driven. Forecast hit dead-on (0% variance) — strong demand sensing. Action: review over-commit of 500 units.",Unsold MTO Stock,"Produced 0 units against committed 1,300 units.",Ops accepted Sales forecast in full. No capacity gap at plan stage.,,53666.21,,,,,,,19250.0,500.0,,19250.0,
SLTB and HDSLTB,TS M05 B08 180 MM,Regular,800.0,800.0,,800.0,,100%,2297.0,,1000.0,1000.0,2297.0,MTO,1000.0,125.0%,1297.0,,1297.0,,,,,,,1497.0,200.0,Over-Delivered | Forecast Bullseye,"Dispatch 125% of committed (1,000 vs 800). MTO item — demand is order-driven. Forecast hit dead-on (0% variance) — strong demand sensing. Action: review over-commit of 200 units.",Unsold MTO Stock,Produced 0 units against committed 800 units.,Ops accepted Sales forecast in full. No capacity gap at plan stage.,,41481.2,,,,,,,7700.0,200.0,,7700.0,
SLTB and HDSLTB,TS M05 B08 186 FL,Regular,2100.0,2100.0,,2100.0,,100%,2993.0,41.0,,,3034.0,MTO,3000.0,142.9%,34.0,,34.0,,,,,,41.0,893.0,900.0,Over-Delivered | Forecast Bullseye,"Dispatch 143% of committed (3,000 vs 2,100). MTO item — demand is order-driven. Forecast hit dead-on (0% variance) — strong demand sensing. Action: review over-commit of 900 units.",Over-Production,"Produced 41 units against committed 2,100 units. Red flag — produced 41 units more than ordered. Investigate planning breakdown.",Ops accepted Sales forecast in full. No capacity gap at plan stage.,1197.3,26077.71,,,,,,,34650.0,893.0,7.0,34380.5,269.5
SLTB and HDSLTB,TS M05 B08 206 MH,Regular,1100.0,1100.0,,1100.0,,100%,418.0,732.0,,,1150.0,MTO,990.0,90.0%,160.0,,160.0,110.0,110.0,,,,50.0,,,On Target | Forecast Bullseye,"Dispatch 90% of committed (990 vs 1,100). MTO item — demand is order-driven. Forecast hit dead-on (0% variance) — strong demand sensing. Action: recover shortfall of 110 units.",Over-Production,"Produced 732 units against committed 1,100 units. Red flag — produced 50 units more than ordered. Investigate planning breakdown.",Ops accepted Sales forecast in full. No capacity gap at plan stage.,1591.97,,682.0,682.0,,4235.0,,,,,,,
SLTB and HDSLTB,TS M05 B08 208 FL,Regular,800.0,800.0,,800.0,,100%,449.0,100.0,,,549.0,MTO,500.0,62.5%,49.0,,49.0,300.0,49.0,,,251.0,,,,Short Delivery | Forecast Bullseye,Dispatch 62% of committed (500 vs 800). MTO item — demand is order-driven. Forecast hit dead-on (0% variance) — strong demand sensing. Action: recover shortfall of 300 units.,Production Shortfall,Produced 100 units against committed 800 units. Shortfall of 251 units — expedite production or procure.,Ops accepted Sales forecast in full. No capacity gap at plan stage.,,,351.0,100.0,9663.5,1886.5,,,,,,,
SLTB and HDSLTB,TS M05 B08 32 OEM,Regular,,,,,,,,9.0,,,9.0,MTO,6.0,,3.0,,3.0,,,,,,9.0,,6.0,Forecast Bullseye,Dispatch 6 units (no committed demand). MTO item — demand is order-driven. Forecast hit dead-on (0% variance) — strong demand sensing. Action: review over-commit of 6 units.,Over-Production,Produced 9 units against committed 0 units. Red flag — produced 9 units more than ordered. Investigate planning breakdown.,Ops accepted Sales forecast in full. No capacity gap at plan stage.,,,,,,,,,231.0,,6.0,,231.0
SLTB and HDSLTB,TS M05 B08 34 MM,Regular,500.0,500.0,,500.0,,100%,1917.0,,200.0,200.0,1917.0,MTO,200.0,40.0%,1717.0,,1717.0,300.0,300.0,,,,,1417.0,,Short Delivery | Forecast Bullseye,Dispatch 40% of committed (200 vs 500). MTO item — demand is order-driven. Forecast hit dead-on (0% variance) — strong demand sensing. Action: recover shortfall of 300 units.,Healthy Stock,Produced 0 units against committed 500 units.,Ops accepted Sales forecast in full. No capacity gap at plan stage.,,25240.18,,,,11550.0,,,,,,,
SLTB and HDSLTB,TS M05 B08 38 OEM,Regular,,,,,,,,39.0,,,39.0,MTO,36.0,,3.0,,3.0,,,,,,39.0,,36.0,Forecast Bullseye,Dispatch 36 units (no committed demand). MTO item — demand is order-driven. Forecast hit dead-on (0% variance) — strong demand sensing. Action: review over-commit of 36 units.,Over-Production,Produced 39 units against committed 0 units. Red flag — produced 39 units more than ordered. Investigate planning breakdown.,Ops accepted Sales forecast in full. No capacity gap at plan stage.,,,,,,,,,1386.0,,36.0,,1386.0
SLTB 92,TS M05 B08 40 OEM,Regular,,,,,,,200.0,,,,200.0,MTO,,,200.0,,200.0,,,,,,,200.0,,Forecast Bullseye,Dispatch 0 units (no committed demand). MTO item — demand is order-driven. Forecast hit dead-on (0% variance) — strong demand sensing. No open commitment gap.,Unsold MTO Stock,Produced 0 units against committed 0 units.,Ops accepted Sales forecast in full. No capacity gap at plan stage.,,6886.0,,,,,,,,,,,
SLTB 92 B,TS M05 B08 42 MM,Regular,,,,,,,100.0,,,,100.0,MTO,,,100.0,,100.0,,,,,,,100.0,,Forecast Bullseye,Dispatch 0 units (no committed demand). MTO item — demand is order-driven. Forecast hit dead-on (0% variance) — strong demand sensing. No open commitment gap.,Unsold MTO Stock,Produced 0 units against committed 0 units.,Ops accepted Sales forecast in full. No capacity gap at plan stage.,,1903.98,,,,,,,,,,,
SLTB and HDSLTB,TS M05 B08 42 MM 250N,Regular,6200.0,6200.0,,6200.0,,100%,2316.0,3350.0,400.0,400.0,5666.0,MTO,400.0,6.5%,5266.0,,5266.0,5800.0,5266.0,,,534.0,,,,Short Delivery | Forecast Bullseye,"Dispatch 6% of committed (400 vs 6,200). MTO item — demand is order-driven. Forecast hit dead-on (0% variance) — strong demand sensing. Action: recover shortfall of 5,800 units.",Production Shortfall,"Produced 3,350 units against committed 6,200 units. Shortfall of 534 units — expedite production or procure.",Ops accepted Sales forecast in full. No capacity gap at plan stage.,,,3884.0,3350.0,20559.0,202741.0,,,,,,,
SLTB and HDSLTB,TS M05 B08 44,Regular,,,,,,,,,200.0,100.0,100.0,TBC,100.0,,0.0,,,,,,,,,,100.0,Forecast Bullseye,Dispatch 100 units (no committed demand). Forecast hit dead-on (0% variance) — strong demand sensing. Action: review over-commit of 100 units.,Healthy Stock,Produced 0 units against committed 0 units.,Ops accepted Sales forecast in full. No capacity gap at plan stage.,,,,,,,,,3850.0,,100.0,,3850.0
SLTB and HDSLTB,TS M05 B08 44 (AL),Regular,1900.0,1900.0,,1900.0,,100%,221.0,,,,221.0,MTO,1000.0,52.6%,-779.0,,,900.0,,,,900.0,,,,Short Delivery | Forecast Bullseye,"Dispatch 53% of committed (1,000 vs 1,900). MTO item — demand is order-driven. Forecast hit dead-on (0% variance) — strong demand sensing. Action: recover shortfall of 900 units.",Production Shortfall,"Produced 0 units against committed 1,900 units. Shortfall of 1,679 units — expedite production or procure.",Ops accepted Sales forecast in full. No capacity gap at plan stage.,,,1679.0,,34650.0,,,,,,,,
SLTB and HDSLTB,TS M05 B08 44 (FM),Regular,2100.0,2100.0,,2100.0,,100%,322.0,2000.0,,100.0,2222.0,MTS,1000.0,47.6%,1222.0,2500.0,,1100.0,1100.0,,,,,,,Short Delivery | Forecast Bullseye,"Dispatch 48% of committed (1,000 vs 2,100). MTS item — buffer stock + green level matters. Forecast hit dead-on (0% variance) — strong demand sensing. Action: recover shortfall of 1,100 units.",Stock-Out Risk,"Produced 2,000 units against committed 2,100 units. Closing 1,222 units. Green level 2,500 (0.5x cover) — ⚠ Safety breach — replenish urgently.",Ops accepted Sales forecast in full. No capacity gap at plan stage.,,,4278.0,2000.0,,42350.0,,,,,,,
SLTB 92 B,TS M05 B08 44 MM,Regular,,,,,,,50.0,,,,50.0,MTO,,,50.0,,50.0,,,,,,,50.0,,Forecast Bullseye,Dispatch 0 units (no committed demand). MTO item — demand is order-driven. Forecast hit dead-on (0% variance) — strong demand sensing. No open commitment gap.,Unsold MTO Stock,Produced 0 units against committed 0 units.,Ops accepted Sales forecast in full. No capacity gap at plan stage.,,957.25,,,,,,,,,,,
SLTB 92 B,TS M05 B08 48 MM,Regular,800.0,800.0,,800.0,,100%,701.0,,,,701.0,MTO,,0.0%,701.0,,701.0,800.0,701.0,,,99.0,,,,Short Delivery | Forecast Bullseye,Dispatch 0% of committed (0 vs 800). MTO item — demand is order-driven. Forecast hit dead-on (0% variance) — strong demand sensing. Action: recover shortfall of 800 units.,Production Shortfall,Produced 0 units against committed 800 units. Shortfall of 99 units — expedite production or procure.,Ops accepted Sales forecast in full. No capacity gap at plan stage.,,,99.0,,,,,,,,,,
SLTB and HDSLTB,TS M05 B08 50 FM,Regular,1900.0,1900.0,,1900.0,,100%,20.0,2500.0,,,2520.0,MTS,2000.0,105.3%,520.0,2558.33,,,,,,,,,100.0,On Target | Forecast Bullseye,"Dispatch 105% of committed (2,000 vs 1,900). MTS item — buffer stock + green level matters. Forecast hit dead-on (0% variance) — strong demand sensing. Action: review over-commit of 100 units.",Stock-Out Risk,"Produced 2,500 units against committed 1,900 units. Closing 520 units. Green level 2,558 (0.2x cover) — ⚠ Safety breach — replenish urgently.",Ops accepted Sales forecast in full. No capacity gap at plan stage.,,,4438.33,2500.0,,,,,3850.0,,100.0,,3850.0
SLTB and HDSLTB,TS M05 B08 50 OEM,Regular,,,,,,,,27.0,,,27.0,MTO,24.0,,3.0,,3.0,,,,,,27.0,,24.0,Forecast Bullseye,Dispatch 24 units (no committed demand). MTO item — demand is order-driven. Forecast hit dead-on (0% variance) — strong demand sensing. Action: review over-commit of 24 units.,Over-Production,Produced 27 units against committed 0 units. Red flag — produced 27 units more than ordered. Investigate planning breakdown.,Ops accepted Sales forecast in full. No capacity gap at plan stage.,,,,,,,,,924.0,,24.0,,924.0
SLTB 92 B,TS M05 B08 52 MM,Regular,,,,,,,17.0,,,,17.0,MTO,,,17.0,,17.0,,,,,,,17.0,,Forecast Bullseye,Dispatch 0 units (no committed demand). MTO item — demand is order-driven. Forecast hit dead-on (0% variance) — strong demand sensing. No open commitment gap.,Unsold MTO Stock,Produced 0 units against committed 0 units.,Ops accepted Sales forecast in full. No capacity gap at plan stage.,,420.58,,,,,,,,,,,
SLTB and HDSLTB,TS M05 B08 52 WH,Regular,1500.0,1500.0,,1500.0,,100%,,650.0,600.0,600.0,650.0,MTO,800.0,53.3%,-150.0,,,700.0,,,,700.0,,,,Short Delivery | Forecast Bullseye,"Dispatch 53% of committed (800 vs 1,500). MTO item — demand is order-driven. Forecast hit dead-on (0% variance) — strong demand sensing. Action: recover shortfall of 700 units.",Production Shortfall,"Produced 650 units against committed 1,500 units. Shortfall of 850 units — expedite production or procure.",Ops accepted Sales forecast in full. No capacity gap at plan stage.,,,1500.0,650.0,26950.0,,,,,,,,
SLTB and HDSLTB,TS M05 B08 54 TTR,Regular,400.0,400.0,,400.0,,100%,74.0,850.0,,,924.0,MTO,300.0,75.0%,624.0,,624.0,100.0,100.0,,,,524.0,,,Short Delivery | Forecast Bullseye,Dispatch 75% of committed (300 vs 400). MTO item — demand is order-driven. Forecast hit dead-on (0% variance) — strong demand sensing. Action: recover shortfall of 100 units.,Over-Production,Produced 850 units against committed 400 units. Red flag — produced 524 units more than ordered. Investigate planning breakdown.,Ops accepted Sales forecast in full. No capacity gap at plan stage.,9914.32,,326.0,326.0,,3850.0,,,,,,,
SLTB and HDSLTB,TS M05 B08 56 AL,Regular,,,,,,,761.0,12.0,,,773.0,MTO,,,773.0,,773.0,,,,,,12.0,761.0,,Forecast Bullseye,Dispatch 0 units (no committed demand). MTO item — demand is order-driven. Forecast hit dead-on (0% variance) — strong demand sensing. No open commitment gap.,Over-Production,Produced 12 units against committed 0 units. Red flag — produced 12 units more than ordered. Investigate planning breakdown.,Ops accepted Sales forecast in full. No capacity gap at plan stage.,452.94,28723.9,,,,,,,,,,,
SLTB 92,TS M05 B08 56 MM,Regular,,,,,,,600.0,,,,600.0,MTO,,,600.0,,600.0,,,,,,,600.0,,Forecast Bullseye,Dispatch 0 units (no committed demand). MTO item — demand is order-driven. Forecast hit dead-on (0% variance) — strong demand sensing. No open commitment gap.,Unsold MTO Stock,Produced 0 units against committed 0 units.,Ops accepted Sales forecast in full. No capacity gap at plan stage.,,13002.55,,,,,,,,,,,
SLTB and HDSLTB,TS M05 B08 56 VBS,Regular,,,,,,,,12.0,,,12.0,MTO,10.0,,2.0,,2.0,,,,,,12.0,,10.0,Forecast Bullseye,Dispatch 10 units (no committed demand). MTO item — demand is order-driven. Forecast hit dead-on (0% variance) — strong demand sensing. Action: review over-commit of 10 units.,Over-Production,Produced 12 units against committed 0 units. Red flag — produced 12 units more than ordered. Investigate planning breakdown.,Ops accepted Sales forecast in full. No capacity gap at plan stage.,,,,,,,,,385.0,,10.0,,385.0
SLTB and HDSLTB,TS M05 B08 60 AL1,Regular,8200.0,8200.0,,8200.0,,100%,734.0,18700.0,,,19434.0,MTS,14000.0,170.7%,5434.0,8333.33,,,,,,,2900.67,,5800.0,Over-Delivered | Forecast Bullseye,"Dispatch 171% of committed (14,000 vs 8,200). MTS item — buffer stock + green level matters. Forecast hit dead-on (0% variance) — strong demand sensing. Action: review over-commit of 5,800 units.",Below Safety | Production Surplus,"Produced 18,700 units against committed 8,200 units. Closing 5,434 units. Green level 8,333 (0.7x cover) — ⚠ Safety breach — replenish urgently.",Ops accepted Sales forecast in full. No capacity gap at plan stage.,61762.33,,15799.33,15799.33,,,,,223300.0,,5800.0,,223300.0
SLTB and HDSLTB,TS M05 B08 60 MM,Regular,2500.0,2500.0,,2500.0,,100%,93.0,,1000.0,1000.0,93.0,MTO,1000.0,40.0%,-907.0,,,1500.0,,,,1500.0,,,,Short Delivery | Forecast Bullseye,"Dispatch 40% of committed (1,000 vs 2,500). MTO item — demand is order-driven. Forecast hit dead-on (0% variance) — strong demand sensing. Action: recover shortfall of 1,500 units.",Production Shortfall,"Produced 0 units against committed 2,500 units. Shortfall of 2,407 units — expedite production or procure.",Ops accepted Sales forecast in full. No capacity gap at plan stage.,,,2407.0,,57750.0,,,,,,,,
SLTB and HDSLTB,TS M05 B08 60 OEM,Regular,,,,,,,,45.0,,,45.0,MTO,42.0,,3.0,,3.0,,,,,,45.0,,42.0,Forecast Bullseye,Dispatch 42 units (no committed demand). MTO item — demand is order-driven. Forecast hit dead-on (0% variance) — strong demand sensing. Action: review over-commit of 42 units.,Over-Production,Produced 45 units against committed 0 units. Red flag — produced 45 units more than ordered. Investigate planning breakdown.,Ops accepted Sales forecast in full. No capacity gap at plan stage.,,,,,,,,,1617.0,,42.0,,1617.0
SLTB and HDSLTB,TS M05 B08 60 TM,Regular,,,,,,,3643.0,,,800.0,2843.0,MTO,,,2843.0,,2843.0,,,,,,,3643.0,,Forecast Bullseye,Dispatch 0 units (no committed demand). MTO item — demand is order-driven. Forecast hit dead-on (0% variance) — strong demand sensing. No open commitment gap.,Unsold MTO Stock,Produced 0 units against committed 0 units.,Ops accepted Sales forecast in full. No capacity gap at plan stage.,,71981.49,,,,,,,,,,,
SLTB and HDSLTB,TS M05 B08 60 TTR,Regular,1000.0,1000.0,,1000.0,,100%,74.0,800.0,800.0,,1674.0,MTO,1600.0,160.0%,74.0,,74.0,,,,,,,,600.0,Over-Delivered | Forecast Bullseye,"Dispatch 160% of committed (1,600 vs 1,000). MTO item — demand is order-driven. Forecast hit dead-on (0% variance) — strong demand sensing. Action: review over-commit of 600 units.",Unsold MTO Stock,"Produced 800 units against committed 1,000 units.",Ops accepted Sales forecast in full. No capacity gap at plan stage.,,,926.0,800.0,,,,,23100.0,,600.0,,23100.0
SLTB and HDSLTB,TS M05 B08 62 FL,Regular,4500.0,4500.0,,4500.0,,100%,1166.0,,,,1166.0,MTS,2750.0,61.1%,-1584.0,352.0,,1750.0,,,,1750.0,,,,Short Delivery | Forecast Bullseye,"Dispatch 61% of committed (2,750 vs 4,500). MTS item — buffer stock + green level matters. Forecast hit dead-on (0% variance) — strong demand sensing. Action: recover shortfall of 1,750 units.",Production Shortfall | Stock-Out Risk,"Produced 0 units against committed 4,500 units. Shortfall of 3,334 units — expedite production or procure. Closing -1,584 units. Green level 352 (-4.5x cover) — ⚠ Safety breach — replenish urgently.",Ops accepted Sales forecast in full. No capacity gap at plan stage.,,,3686.0,,67375.0,,,,,,,,
SLTB and HDSLTB,TS M05 B08 64,Regular,17500.0,17500.0,,17500.0,,100%,17376.0,23050.0,,,40426.0,MTS,28500.0,162.9%,11926.0,19000.0,,,,,,,3926.0,,11000.0,Over-Delivered | Forecast Bullseye,"Dispatch 163% of committed (28,500 vs 17,500). MTS item — buffer stock + green level matters. Forecast hit dead-on (0% variance) — strong demand sensing. Action: review over-commit of 11,000 units.",Below Safety | Production Surplus,"Produced 23,050 units against committed 17,500 units. Closing 11,926 units. Green level 19,000 (0.6x cover) — ⚠ Safety breach — replenish urgently.",Ops accepted Sales forecast in full. No capacity gap at plan stage.,83506.65,,19124.0,19124.0,,,,,423500.0,,11000.0,,423500.0
SLTB 92,TS M05 B08 64 (W/J),Regular,,,,,,,500.0,,,,500.0,MTO,,,500.0,,500.0,,,,,,,500.0,,Forecast Bullseye,Dispatch 0 units (no committed demand). MTO item — demand is order-driven. Forecast hit dead-on (0% variance) — strong demand sensing. No open commitment gap.,Unsold MTO Stock,Produced 0 units against committed 0 units.,Ops accepted Sales forecast in full. No capacity gap at plan stage.,,11377.55,,,,,,,,,,,
SLTB and HDSLTB,TS M05 B08 64 FM,Regular,15900.0,15900.0,,15900.0,,100%,12897.0,25800.0,,,38697.0,MTS,30000.0,188.7%,8697.0,18166.67,,,,,,,4630.33,,14100.0,Over-Delivered | Forecast Bullseye,"Dispatch 189% of committed (30,000 vs 15,900). MTS item — buffer stock + green level matters. Forecast hit dead-on (0% variance) — strong demand sensing. Action: review over-commit of 14,100 units.",Stock-Out Risk | Production Surplus,"Produced 25,800 units against committed 15,900 units. Closing 8,697 units. Green level 18,167 (0.5x cover) — ⚠ Safety breach — replenish urgently.",Ops accepted Sales forecast in full. No capacity gap at plan stage.,100611.63,,21169.67,21169.67,,,,,542850.0,,14100.0,,542850.0
SLTB and HDSLTB,TS M05 B08 68 FL,Regular,1300.0,1300.0,,1300.0,,100%,355.0,975.0,,,1330.0,MTO,1450.0,111.5%,-120.0,,,,,,,,30.0,,150.0,Over-Delivered | Forecast Bullseye,"Dispatch 112% of committed (1,450 vs 1,300). MTO item — demand is order-driven. Forecast hit dead-on (0% variance) — strong demand sensing. Action: review over-commit of 150 units.",Over-Production,"Produced 975 units against committed 1,300 units. Red flag — produced 30 units more than ordered. Investigate planning breakdown.",Ops accepted Sales forecast in full. No capacity gap at plan stage.,593.09,,945.0,945.0,,,,,5775.0,,150.0,,5775.0
SLTB 92,TS M05 B08 70 OEM,Regular,,,,,,,150.0,,,,150.0,MTO,,,150.0,,150.0,,,,,,,150.0,,Forecast Bullseye,Dispatch 0 units (no committed demand). MTO item — demand is order-driven. Forecast hit dead-on (0% variance) — strong demand sensing. No open commitment gap.,Unsold MTO Stock,Produced 0 units against committed 0 units.,Ops accepted Sales forecast in full. No capacity gap at plan stage.,,3368.09,,,,,,,,,,,
SLTB 92,TS M05 B08 72 (W/J),Regular,,,,,,,56.0,,,,56.0,MTO,,,56.0,,56.0,,,,,,,56.0,,Forecast Bullseye,Dispatch 0 units (no committed demand). MTO item — demand is order-driven. Forecast hit dead-on (0% variance) — strong demand sensing. No open commitment gap.,Unsold MTO Stock,Produced 0 units against committed 0 units.,Ops accepted Sales forecast in full. No capacity gap at plan stage.,,1255.69,,,,,,,,,,,
SLTB 92 G,TS M05 B08 72 AL,Regular,,,,,,,5274.0,,,,5274.0,MTO,,,5274.0,,5274.0,,,,,,,5274.0,,Forecast Bullseye,Dispatch 0 units (no committed demand). MTO item — demand is order-driven. Forecast hit dead-on (0% variance) — strong demand sensing. No open commitment gap.,Unsold MTO Stock,Produced 0 units against committed 0 units.,Ops accepted Sales forecast in full. No capacity gap at plan stage.,,105600.3,,,,,,,,,,,
SLTB and HDSLTB,TS M05 B08 72 FL,Regular,1800.0,1800.0,,1800.0,,100%,93.0,2475.0,,,2568.0,MTO,350.0,19.4%,2218.0,,2218.0,1450.0,1450.0,,,,768.0,,,Short Delivery | Forecast Bullseye,"Dispatch 19% of committed (350 vs 1,800). MTO item — demand is order-driven. Forecast hit dead-on (0% variance) — strong demand sensing. Action: recover shortfall of 1,450 units.",Over-Production,"Produced 2,475 units against committed 1,800 units. Red flag — produced 768 units more than ordered. Investigate planning breakdown.",Ops accepted Sales forecast in full. No capacity gap at plan stage.,15341.51,,1707.0,1707.0,,55825.0,,,,,,,
SLTB and HDSLTB,TS M05 B08 72 ML,Regular,26700.0,26700.0,,26700.0,,100%,,,42000.0,,42000.0,MTO,21000.0,78.7%,21000.0,,21000.0,5700.0,5700.0,,,,,,,Short Delivery | Forecast Bullseye,"Dispatch 79% of committed (21,000 vs 26,700). MTO item — demand is order-driven. Forecast hit dead-on (0% variance) — strong demand sensing. Action: recover shortfall of 5,700 units.",Healthy Stock,"Produced 0 units against committed 26,700 units.",Ops accepted Sales forecast in full. No capacity gap at plan stage.,,,26700.0,,,219450.0,,,,,,,
SLTB and HDSLTB,TS M05 B08 72 TM,Regular,66200.0,66200.0,,66200.0,,100%,105982.0,55850.0,400.0,43200.0,119032.0,MTS,18300.0,27.6%,100732.0,51466.67,49265.33,47900.0,47900.0,,,,44165.33,,,Short Delivery | Forecast Bullseye,"Dispatch 28% of committed (18,300 vs 66,200). MTS item — buffer stock + green level matters. Forecast hit dead-on (0% variance) — strong demand sensing. Action: recover shortfall of 47,900 units.",Excess Inventory,"Produced 55,850 units against committed 66,200 units. Excess build-up of 44,165 units — throttle production.",Ops accepted Sales forecast in full. No capacity gap at plan stage.,933940.9,,11684.67,11684.67,,1844150.0,,,,,,,
SLTB and HDSLTB,TS M05 B08 72 TTR,Regular,16500.0,16500.0,,16500.0,,100%,11150.0,11100.0,3000.0,3000.0,22250.0,MTS,15000.0,90.9%,7250.0,13233.33,,1500.0,1500.0,,,,,,,On Target | Forecast Bullseye,"Dispatch 91% of committed (15,000 vs 16,500). MTS item — buffer stock + green level matters. Forecast hit dead-on (0% variance) — strong demand sensing. Action: recover shortfall of 1,500 units.",Below Safety,"Produced 11,100 units against committed 16,500 units. Closing 7,250 units. Green level 13,233 (0.5x cover) — ⚠ Safety breach — replenish urgently.",Ops accepted Sales forecast in full. No capacity gap at plan stage.,,,18583.33,11100.0,,57750.0,,,,,,,
SLTB and HDSLTB,TS M05 B08 72 WH,Regular,,,,,,,,,1600.0,800.0,800.0,MTO,1000.0,,-200.0,,,,,,,,,,1000.0,Forecast Bullseye,"Dispatch 1,000 units (no committed demand). MTO item — demand is order-driven. Forecast hit dead-on (0% variance) — strong demand sensing. Action: review over-commit of 1,000 units.",Healthy Stock,Produced 0 units against committed 0 units.,Ops accepted Sales forecast in full. No capacity gap at plan stage.,,,,,,,,,38500.0,,1000.0,,38500.0
SLTB 92 G,TS M05 B08 74,Regular,,,,,,,950.0,,,,950.0,MTO,,,950.0,,950.0,,,,,,,950.0,,Forecast Bullseye,Dispatch 0 units (no committed demand). MTO item — demand is order-driven. Forecast hit dead-on (0% variance) — strong demand sensing. No open commitment gap.,Unsold MTO Stock,Produced 0 units against committed 0 units.,Ops accepted Sales forecast in full. No capacity gap at plan stage.,,22551.19,,,,,,,,,,,
SLTB and HDSLTB,TS M05 B08 74 TM,Regular,38400.0,38400.0,,38400.0,,100%,12783.0,54350.0,,,67133.0,MTS,45000.0,117.2%,22133.0,23133.33,,,,,,,5599.67,,6600.0,Over-Delivered | Forecast Bullseye,"Dispatch 117% of committed (45,000 vs 38,400). MTS item — buffer stock + green level matters. Forecast hit dead-on (0% variance) — strong demand sensing. Action: review over-commit of 6,600 units.",Below Safety | Production Surplus,"Produced 54,350 units against committed 38,400 units. Closing 22,133 units. Green level 23,133 (1.0x cover) — ⚠ Safety breach — replenish urgently.",Ops accepted Sales forecast in full. No capacity gap at plan stage.,123472.93,,48750.33,48750.33,,,,,254100.0,,6600.0,,254100.0
SLTB 92 B,TS M05 B08 76 (LNG),Regular,,,,,,,50.0,,,,50.0,MTO,,,50.0,,50.0,,,,,,,50.0,,Forecast Bullseye,Dispatch 0 units (no committed demand). MTO item — demand is order-driven. Forecast hit dead-on (0% variance) — strong demand sensing. No open commitment gap.,Unsold MTO Stock,Produced 0 units against committed 0 units.,Ops accepted Sales forecast in full. No capacity gap at plan stage.,,4350.0,,,,,,,,,,,
SLTB 92,TS M05 B08 76 AL,Regular,800.0,800.0,,800.0,,100%,1261.0,,,,1261.0,MTO,,0.0%,1261.0,,1261.0,800.0,800.0,,,,,461.0,,Short Delivery | Forecast Bullseye,Dispatch 0% of committed (0 vs 800). MTO item — demand is order-driven. Forecast hit dead-on (0% variance) — strong demand sensing. Action: recover shortfall of 800 units.,Healthy Stock,Produced 0 units against committed 800 units.,Ops accepted Sales forecast in full. No capacity gap at plan stage.,,9528.6,,,,,,,,,,,
SLTB and HDSLTB,TS M05 B08 76 FL,Regular,3100.0,3100.0,,3100.0,,100%,1157.0,6125.0,,,7282.0,MTS,2750.0,88.7%,4532.0,870.0,3662.0,350.0,350.0,,,,3312.0,,,Short Delivery | Forecast Bullseye,"Dispatch 89% of committed (2,750 vs 3,100). MTS item — buffer stock + green level matters. Forecast hit dead-on (0% variance) — strong demand sensing. Action: recover shortfall of 350 units.",Excess Inventory,"Produced 6,125 units against committed 3,100 units. Excess build-up of 3,312 units — throttle production.",Ops accepted Sales forecast in full. No capacity gap at plan stage.,72837.84,,2813.0,2813.0,,13475.0,,,,,,,
SLTB 92,TS M05 B08 76 FL1,Regular,,,,,,,225.0,,,,225.0,MTO,,,225.0,,225.0,,,,,,,225.0,,Forecast Bullseye,Dispatch 0 units (no committed demand). MTO item — demand is order-driven. Forecast hit dead-on (0% variance) — strong demand sensing. No open commitment gap.,Unsold MTO Stock,Produced 0 units against committed 0 units.,Ops accepted Sales forecast in full. No capacity gap at plan stage.,,4816.43,,,,,,,,,,,
SLTB 92,TS M05 B08 76 MH,Regular,600.0,600.0,,600.0,,100%,963.0,,,,963.0,MTO,,0.0%,963.0,,963.0,600.0,600.0,,,,,363.0,,Short Delivery | Forecast Bullseye,Dispatch 0% of committed (0 vs 600). MTO item — demand is order-driven. Forecast hit dead-on (0% variance) — strong demand sensing. Action: recover shortfall of 600 units.,Healthy Stock,Produced 0 units against committed 600 units.,Ops accepted Sales forecast in full. No capacity gap at plan stage.,,7583.47,,,,,,,,,,,
SLTB 92,TS M05 B08 76 PS,Regular,,,,,,,1344.0,,,,1344.0,MTO,,,1344.0,,1344.0,,,,,,,1344.0,,Forecast Bullseye,Dispatch 0 units (no committed demand). MTO item — demand is order-driven. Forecast hit dead-on (0% variance) — strong demand sensing. No open commitment gap.,Unsold MTO Stock,Produced 0 units against committed 0 units.,Ops accepted Sales forecast in full. No capacity gap at plan stage.,,27746.09,,,,,,,,,,,
SLTB and HDSLTB,TS M05 B08 78 MM,Regular,600.0,600.0,,600.0,,100%,2027.0,,1400.0,1400.0,2027.0,MTO,1400.0,233.3%,627.0,,627.0,,,,,,,1427.0,800.0,Over-Delivered | Forecast Bullseye,"Dispatch 233% of committed (1,400 vs 600). MTO item — demand is order-driven. Forecast hit dead-on (0% variance) — strong demand sensing. Action: review over-commit of 800 units.",Unsold MTO Stock,Produced 0 units against committed 600 units.,Ops accepted Sales forecast in full. No capacity gap at plan stage.,,30994.98,,,,,,,30800.0,800.0,,30800.0,
SLTB 92,TS M05 B08 78 TTR,Regular,,,,,,,211.0,,,,211.0,MTO,,,211.0,,211.0,,,,,,,211.0,,Forecast Bullseye,Dispatch 0 units (no committed demand). MTO item — demand is order-driven. Forecast hit dead-on (0% variance) — strong demand sensing. No open commitment gap.,Unsold MTO Stock,Produced 0 units against committed 0 units.,Ops accepted Sales forecast in full. No capacity gap at plan stage.,,4812.69,,,,,,,,,,,
SLTB and HDSLTB,TS M05 B08 80,Regular,,,,,,,11.0,11.0,,,22.0,TBC,,,22.0,,22.0,,,,,,11.0,11.0,,Forecast Bullseye,Dispatch 0 units (no committed demand). Forecast hit dead-on (0% variance) — strong demand sensing. No open commitment gap.,Healthy Stock,Produced 11 units against committed 0 units.,Ops accepted Sales forecast in full. No capacity gap at plan stage.,291.39,291.39,,,,,,,,,,,
SLTB and HDSLTB,TS M05 B08 80 FL,Regular,600.0,600.0,,600.0,,100%,217.0,375.0,,,592.0,MTO,200.0,33.3%,392.0,,392.0,400.0,392.0,,,8.0,,,,Short Delivery | Forecast Bullseye,Dispatch 33% of committed (200 vs 600). MTO item — demand is order-driven. Forecast hit dead-on (0% variance) — strong demand sensing. Action: recover shortfall of 400 units.,Production Shortfall,Produced 375 units against committed 600 units. Shortfall of 8 units — expedite production or procure.,Ops accepted Sales forecast in full. No capacity gap at plan stage.,,,383.0,375.0,308.0,15092.0,,,,,,,
SLTB 92,TS M05 B08 80 MH,Regular,200.0,200.0,,200.0,,100%,364.0,,,,364.0,MTO,,0.0%,364.0,,364.0,200.0,200.0,,,,,164.0,,Short Delivery | Forecast Bullseye,Dispatch 0% of committed (0 vs 200). MTO item — demand is order-driven. Forecast hit dead-on (0% variance) — strong demand sensing. Action: recover shortfall of 200 units.,Healthy Stock,Produced 0 units against committed 200 units.,Ops accepted Sales forecast in full. No capacity gap at plan stage.,,3512.67,,,,,,,,,,,
SLTB 92,TS M05 B08 80 TM,Regular,200.0,200.0,,200.0,,100%,5.0,,,,5.0,MTO,,0.0%,5.0,,5.0,200.0,5.0,,,195.0,,,,Short Delivery | Forecast Bullseye,Dispatch 0% of committed (0 vs 200). MTO item — demand is order-driven. Forecast hit dead-on (0% variance) — strong demand sensing. Action: recover shortfall of 200 units.,Production Shortfall,Produced 0 units against committed 200 units. Shortfall of 195 units — expedite production or procure.,Ops accepted Sales forecast in full. No capacity gap at plan stage.,,,195.0,,,,,,,,,,
SLTB 92,TS M05 B08 80 TTR,Regular,,,,,,,91.0,,,,91.0,MTO,,,91.0,,91.0,,,,,,,91.0,,Forecast Bullseye,Dispatch 0 units (no committed demand). MTO item — demand is order-driven. Forecast hit dead-on (0% variance) — strong demand sensing. No open commitment gap.,Unsold MTO Stock,Produced 0 units against committed 0 units.,Ops accepted Sales forecast in full. No capacity gap at plan stage.,,1975.33,,,,,,,,,,,
,TS M05 B08 84,Regular,,,,,,,300.0,,,,300.0,TBC,,,300.0,,300.0,,,,,,,300.0,,Forecast Bullseye,Dispatch 0 units (no committed demand). Forecast hit dead-on (0% variance) — strong demand sensing. No open commitment gap.,Healthy Stock,Produced 0 units against committed 0 units.,Ops accepted Sales forecast in full. No capacity gap at plan stage.,,6422.28,,,,,,,,,,,
SLTB and HDSLTB,TS M05 B08 84 FL,Regular,600.0,600.0,,600.0,,100%,42.0,725.0,,,767.0,MTO,450.0,75.0%,317.0,,317.0,150.0,150.0,,,,167.0,,,Short Delivery | Forecast Bullseye,Dispatch 75% of committed (450 vs 600). MTO item — demand is order-driven. Forecast hit dead-on (0% variance) — strong demand sensing. Action: recover shortfall of 150 units.,Over-Production,Produced 725 units against committed 600 units. Red flag — produced 167 units more than ordered. Investigate planning breakdown.,Ops accepted Sales forecast in full. No capacity gap at plan stage.,3473.99,,558.0,558.0,,5775.0,,,,,,,
SLTB 92,TS M05 B08 84 TM,Regular,,,,,,,22.0,,,,22.0,MTO,,,22.0,,22.0,,,,,,,22.0,,Forecast Bullseye,Dispatch 0 units (no committed demand). MTO item — demand is order-driven. Forecast hit dead-on (0% variance) — strong demand sensing. No open commitment gap.,Unsold MTO Stock,Produced 0 units against committed 0 units.,Ops accepted Sales forecast in full. No capacity gap at plan stage.,,467.12,,,,,,,,,,,
SLTB and HDSLTB,TS M05 B08 86 VBS,Regular,,,,,,,,12.0,,,12.0,MTO,10.0,,2.0,,2.0,,,,,,12.0,,10.0,Forecast Bullseye,Dispatch 10 units (no committed demand). MTO item — demand is order-driven. Forecast hit dead-on (0% variance) — strong demand sensing. Action: review over-commit of 10 units.,Over-Production,Produced 12 units against committed 0 units. Red flag — produced 12 units more than ordered. Investigate planning breakdown.,Ops accepted Sales forecast in full. No capacity gap at plan stage.,,,,,,,,,385.0,,10.0,,385.0
SLTB 92 G,TS M05 B08 88 AL1,Regular,,,,,,,2350.0,,,,2350.0,MTO,,,2350.0,,2350.0,,,,,,,2350.0,,Forecast Bullseye,Dispatch 0 units (no committed demand). MTO item — demand is order-driven. Forecast hit dead-on (0% variance) — strong demand sensing. No open commitment gap.,Unsold MTO Stock,Produced 0 units against committed 0 units.,Ops accepted Sales forecast in full. No capacity gap at plan stage.,,211500.0,,,,,,,,,,,
SLTB and HDSLTB,TS M05 B08 88 MM,Regular,1000.0,1000.0,,1000.0,,100%,1208.0,1600.0,1000.0,1000.0,2808.0,MTO,1000.0,100.0%,1808.0,,1808.0,,,,,,1600.0,208.0,,On Target | Forecast Bullseye,"Dispatch 100% of committed (1,000 vs 1,000). MTO item — demand is order-driven. Forecast hit dead-on (0% variance) — strong demand sensing. No open commitment gap.",Over-Production,"Produced 1,600 units against committed 1,000 units. Red flag — produced 1,600 units more than ordered. Investigate planning breakdown.",Ops accepted Sales forecast in full. No capacity gap at plan stage.,34146.0,4438.98,,,,,,,,,,,
SLTB and HDSLTB,TS M05 B08 88 VBS,Regular,,,,,,,,12.0,,,12.0,MTO,10.0,,2.0,,2.0,,,,,,12.0,,10.0,Forecast Bullseye,Dispatch 10 units (no committed demand). MTO item — demand is order-driven. Forecast hit dead-on (0% variance) — strong demand sensing. Action: review over-commit of 10 units.,Over-Production,Produced 12 units against committed 0 units. Red flag — produced 12 units more than ordered. Investigate planning breakdown.,Ops accepted Sales forecast in full. No capacity gap at plan stage.,,,,,,,,,385.0,,10.0,,385.0
SLTB and HDSLTB,TS M05 B08 90 FL,Regular,3500.0,3500.0,,3500.0,,100%,1472.0,950.0,,,2422.0,MTS,1025.0,29.3%,1397.0,6850.0,,2475.0,1397.0,,,1078.0,,,,Short Delivery | Forecast Bullseye,"Dispatch 29% of committed (1,025 vs 3,500). MTS item — buffer stock + green level matters. Forecast hit dead-on (0% variance) — strong demand sensing. Action: recover shortfall of 2,475 units.",Production Shortfall | Stock-Out Risk,"Produced 950 units against committed 3,500 units. Shortfall of 1,078 units — expedite production or procure. Closing 1,397 units. Green level 6,850 (0.2x cover) — ⚠ Safety breach — replenish urgently.",Ops accepted Sales forecast in full. No capacity gap at plan stage.,,,8878.0,950.0,41503.0,53784.5,,,,,,,
SLTB 92,TS M05 B08 90 FL1,Regular,200.0,200.0,,200.0,,100%,9.0,,,,9.0,MTO,,0.0%,9.0,,9.0,200.0,9.0,,,191.0,,,,Short Delivery | Forecast Bullseye,Dispatch 0% of committed (0 vs 200). MTO item — demand is order-driven. Forecast hit dead-on (0% variance) — strong demand sensing. Action: recover shortfall of 200 units.,Production Shortfall,Produced 0 units against committed 200 units. Shortfall of 191 units — expedite production or procure.,Ops accepted Sales forecast in full. No capacity gap at plan stage.,,,191.0,,,,,,,,,,
SLTB and HDSLTB,TS M05 B08 92 OEM,Regular,,,,,,,,9.0,,,9.0,MTO,6.0,,3.0,,3.0,,,,,,9.0,,6.0,Forecast Bullseye,Dispatch 6 units (no committed demand). MTO item — demand is order-driven. Forecast hit dead-on (0% variance) — strong demand sensing. Action: review over-commit of 6 units.,Over-Production,Produced 9 units against committed 0 units. Red flag — produced 9 units more than ordered. Investigate planning breakdown.,Ops accepted Sales forecast in full. No capacity gap at plan stage.,,,,,,,,,231.0,,6.0,,231.0
SLTB and HDSLTB,TS M05 B08 96 FL,Regular,600.0,600.0,,600.0,,100%,517.0,,,,517.0,MTO,100.0,16.7%,417.0,,417.0,500.0,417.0,,,83.0,,,,Short Delivery | Forecast Bullseye,Dispatch 17% of committed (100 vs 600). MTO item — demand is order-driven. Forecast hit dead-on (0% variance) — strong demand sensing. Action: recover shortfall of 500 units.,Production Shortfall,Produced 0 units against committed 600 units. Shortfall of 83 units — expedite production or procure.,Ops accepted Sales forecast in full. No capacity gap at plan stage.,,,83.0,,3195.5,16054.5,,,,,,,
SLTB 92,TS M05 B08 96 FL1,Regular,,,,,,,29.0,,,,29.0,MTO,,,29.0,,29.0,,,,,,,29.0,,Forecast Bullseye,Dispatch 0 units (no committed demand). MTO item — demand is order-driven. Forecast hit dead-on (0% variance) — strong demand sensing. No open commitment gap.,Unsold MTO Stock,Produced 0 units against committed 0 units.,Ops accepted Sales forecast in full. No capacity gap at plan stage.,,620.3,,,,,,,,,,,
,TS M05 B08 98 SI,Regular,,,,,,,182.0,,,,182.0,TBC,,,182.0,,182.0,,,,,,,182.0,,Forecast Bullseye,Dispatch 0 units (no committed demand). Forecast hit dead-on (0% variance) — strong demand sensing. No open commitment gap.,Healthy Stock,Produced 0 units against committed 0 units.,Ops accepted Sales forecast in full. No capacity gap at plan stage.,,182.0,,,,,,,,,,,
SLTB and HDSLTB,TSM05B0854(AL),Regular,,,,,,,2650.0,2650.0,,,5300.0,TBC,,,5300.0,,5300.0,,,,,,2650.0,2650.0,,Forecast Bullseye,Dispatch 0 units (no committed demand). Forecast hit dead-on (0% variance) — strong demand sensing. No open commitment gap.,Healthy Stock,"Produced 2,650 units against committed 0 units.",Ops accepted Sales forecast in full. No capacity gap at plan stage.,74597.5,74597.5,,,,,,,,,,,
TB 67,TT M05 B06 119.1 X 159.10 FL,Regular,,,,,,,350.0,,,,350.0,MTO,,,350.0,,350.0,,,,,,,350.0,,Forecast Bullseye,Dispatch 0 units (no committed demand). MTO item — demand is order-driven. Forecast hit dead-on (0% variance) — strong demand sensing. No open commitment gap.,Unsold MTO Stock,Produced 0 units against committed 0 units.,Ops accepted Sales forecast in full. No capacity gap at plan stage.,,13599.16,,,,,,,,,,,
TB-19mm TX,TT M05 B06 94X140 MH,Regular,500.0,500.0,,500.0,,100%,1161.0,,,,1161.0,MTO,195.0,39.0%,966.0,,966.0,305.0,305.0,,,,,661.0,,Short Delivery | Forecast Bullseye,Dispatch 39% of committed (195 vs 500). MTO item — demand is order-driven. Forecast hit dead-on (0% variance) — strong demand sensing. Action: recover shortfall of 305 units.,Healthy Stock,Produced 0 units against committed 500 units.,Ops accepted Sales forecast in full. No capacity gap at plan stage.,,25990.41,,,,8884.65,,,,,,,
VTB and QVTB,TV M03 B06 102 (KOEL),Regular,800.0,800.0,,800.0,,100%,67.0,475.0,,,542.0,MTO,500.0,62.5%,42.0,,42.0,300.0,42.0,,,258.0,,,,Short Delivery | Forecast Bullseye,Dispatch 62% of committed (500 vs 800). MTO item — demand is order-driven. Forecast hit dead-on (0% variance) — strong demand sensing. Action: recover shortfall of 300 units.,Production Shortfall,Produced 475 units against committed 800 units. Shortfall of 258 units — expedite production or procure.,Ops accepted Sales forecast in full. No capacity gap at plan stage.,,,733.0,475.0,35988.42,5858.58,,,,,,,
VTB 74,TV M03 B06 104.4 TM,Regular,,,,,,,730.0,,,,730.0,MTO,,,730.0,,730.0,,,,,,,730.0,,Forecast Bullseye,Dispatch 0 units (no committed demand). MTO item — demand is order-driven. Forecast hit dead-on (0% variance) — strong demand sensing. No open commitment gap.,Unsold MTO Stock,Produced 0 units against committed 0 units.,Ops accepted Sales forecast in full. No capacity gap at plan stage.,,41476.69,,,,,,,,,,,
VTB and QVTB,TV M03 B06 104.7 AL,Regular,4500.0,4500.0,,4500.0,,100%,1855.0,1375.0,,,3230.0,MTS,3650.0,81.1%,-420.0,5283.33,,850.0,,,,850.0,,,,Short Delivery | Forecast Bullseye,"Dispatch 81% of committed (3,650 vs 4,500). MTS item — buffer stock + green level matters. Forecast hit dead-on (0% variance) — strong demand sensing. Action: recover shortfall of 850 units.",Production Shortfall | Stock-Out Risk,"Produced 1,375 units against committed 4,500 units. Shortfall of 1,270 units — expedite production or procure. Closing -420 units. Green level 5,283 (-0.1x cover) — ⚠ Safety breach — replenish urgently.",Ops accepted Sales forecast in full. No capacity gap at plan stage.,,,7928.33,1375.0,118566.5,,,,,,,,
VTB and QVTB,TV M03 B06 106 KOEL,Regular,200.0,200.0,,200.0,,100%,2226.0,,,,2226.0,MTO,200.0,100.0%,2026.0,,2026.0,,,,,,,2026.0,,On Target | Forecast Bullseye,Dispatch 100% of committed (200 vs 200). MTO item — demand is order-driven. Forecast hit dead-on (0% variance) — strong demand sensing. No open commitment gap.,Unsold MTO Stock,Produced 0 units against committed 200 units.,Ops accepted Sales forecast in full. No capacity gap at plan stage.,,116997.61,,,,,,,,,,,
VTB and QVTB,TV M03 B06 110.2 CM,Regular,,,,,,,132.0,100.0,,,232.0,MTO,,,232.0,,232.0,,,,,,100.0,132.0,,Forecast Bullseye,Dispatch 0 units (no committed demand). MTO item — demand is order-driven. Forecast hit dead-on (0% variance) — strong demand sensing. No open commitment gap.,Over-Production,Produced 100 units against committed 0 units. Red flag — produced 100 units more than ordered. Investigate planning breakdown.,Ops accepted Sales forecast in full. No capacity gap at plan stage.,6234.01,8228.89,,,,,,,,,,,
VTB and QVTB,TV M03 B06 118 MM,Regular,,,,,,,2055.0,975.0,900.0,1900.0,2030.0,MTO,200.0,,1830.0,,1830.0,,,,,,975.0,2055.0,200.0,Forecast Bullseye,Dispatch 200 units (no committed demand). MTO item — demand is order-driven. Forecast hit dead-on (0% variance) — strong demand sensing. Action: review over-commit of 200 units.,Over-Production,Produced 975 units against committed 0 units. Red flag — produced 975 units more than ordered. Investigate planning breakdown.,Ops accepted Sales forecast in full. No capacity gap at plan stage.,68527.76,144435.43,,,,,,,27898.0,200.0,,27898.0,
VTB and QVTB,TV M03 B06 118 MM (85mm),Regular,1500.0,1500.0,,1500.0,,100%,500.0,,1700.0,700.0,1500.0,MTO,1000.0,66.7%,500.0,,500.0,500.0,500.0,,,,,,,Short Delivery | Forecast Bullseye,"Dispatch 67% of committed (1,000 vs 1,500). MTO item — demand is order-driven. Forecast hit dead-on (0% variance) — strong demand sensing. Action: recover shortfall of 500 units.",Healthy Stock,"Produced 0 units against committed 1,500 units.",Ops accepted Sales forecast in full. No capacity gap at plan stage.,,,1000.0,,,69745.0,,,,,,,
VTB and QVTB,TV M03 B06 129 (KOEL),Regular,800.0,800.0,,800.0,,100%,324.0,,,,324.0,MTO,200.0,25.0%,124.0,,124.0,600.0,124.0,,,476.0,,,,Short Delivery | Forecast Bullseye,Dispatch 25% of committed (200 vs 800). MTO item — demand is order-driven. Forecast hit dead-on (0% variance) — strong demand sensing. Action: recover shortfall of 600 units.,Production Shortfall,Produced 0 units against committed 800 units. Shortfall of 476 units — expedite production or procure.,Ops accepted Sales forecast in full. No capacity gap at plan stage.,,,476.0,,66397.24,17296.76,,,,,,,
VTB 74,TV M03 B06 130 W/J,Regular,,,,,,,5.0,,,,5.0,MTO,,,5.0,,5.0,,,,,,,5.0,,Forecast Bullseye,Dispatch 0 units (no committed demand). MTO item — demand is order-driven. Forecast hit dead-on (0% variance) — strong demand sensing. No open commitment gap.,Unsold MTO Stock,Produced 0 units against committed 0 units.,Ops accepted Sales forecast in full. No capacity gap at plan stage.,,286.41,,,,,,,,,,,
,TV M03 B06 139.7 CM,Regular,,,,,,,45.0,,,,45.0,TBC,,,45.0,,45.0,,,,,,,45.0,,Forecast Bullseye,Dispatch 0 units (no committed demand). Forecast hit dead-on (0% variance) — strong demand sensing. No open commitment gap.,Healthy Stock,Produced 0 units against committed 0 units.,Ops accepted Sales forecast in full. No capacity gap at plan stage.,,2751.86,,,,,,,,,,,
VTB and QVTB,TV M03 B06 178.3 CM,Regular,,,,,,,35.0,,,,35.0,MTO,,,35.0,,35.0,,,,,,,35.0,,Forecast Bullseye,Dispatch 0 units (no committed demand). MTO item — demand is order-driven. Forecast hit dead-on (0% variance) — strong demand sensing. No open commitment gap.,Unsold MTO Stock,Produced 0 units against committed 0 units.,Ops accepted Sales forecast in full. No capacity gap at plan stage.,,3879.0,,,,,,,,,,,
VTB and QVTB,TV M03 B06 56.9 AL,Regular,,,,,,,100.0,,,50.0,50.0,TBC,,,50.0,,50.0,,,,,,,100.0,,Forecast Bullseye,Dispatch 0 units (no committed demand). Forecast hit dead-on (0% variance) — strong demand sensing. No open commitment gap.,Healthy Stock,Produced 0 units against committed 0 units.,Ops accepted Sales forecast in full. No capacity gap at plan stage.,,8996.0,,,,,,,,,,,
VTB and QVTB,TV M03 B06 58 KOEL,Regular,2500.0,2500.0,,2500.0,,100%,832.0,250.0,,,1082.0,MTO,,0.0%,1082.0,,1082.0,2500.0,1082.0,,,1418.0,,,,Short Delivery | Forecast Bullseye,"Dispatch 0% of committed (0 vs 2,500). MTO item — demand is order-driven. Forecast hit dead-on (0% variance) — strong demand sensing. Action: recover shortfall of 2,500 units.",Production Shortfall,"Produced 250 units against committed 2,500 units. Shortfall of 1,418 units — expedite production or procure.",Ops accepted Sales forecast in full. No capacity gap at plan stage.,,,1668.0,250.0,197796.82,150928.18,,,,,,,
VTB 67 B,TV M03 B06 65 AL,Regular,,,,,,,40.0,,,,40.0,MTO,,,40.0,,40.0,,,,,,,40.0,,Forecast Bullseye,Dispatch 0 units (no committed demand). MTO item — demand is order-driven. Forecast hit dead-on (0% variance) — strong demand sensing. No open commitment gap.,Unsold MTO Stock,Produced 0 units against committed 0 units.,Ops accepted Sales forecast in full. No capacity gap at plan stage.,,2550.4,,,,,,,,,,,
VTB and QVTB,TV M03 B06 65 KOEL,Regular,500.0,500.0,,500.0,,100%,4.0,1600.0,,400.0,1204.0,MTO,,0.0%,1204.0,,1204.0,500.0,500.0,,,,1104.0,,,Short Delivery | Forecast Bullseye,Dispatch 0% of committed (0 vs 500). MTO item — demand is order-driven. Forecast hit dead-on (0% variance) — strong demand sensing. Action: recover shortfall of 500 units.,Over-Production,"Produced 1,600 units against committed 500 units. Red flag — produced 1,104 units more than ordered. Investigate planning breakdown.",Ops accepted Sales forecast in full. No capacity gap at plan stage.,54953.08,,496.0,496.0,,69745.0,,,,,,,
,TV M03 B06 65 WH,Regular,50.0,50.0,,50.0,,100%,,,,,,TBC,,0.0%,0,,,50.0,,,,50.0,,,,Short Delivery | Forecast Bullseye,Dispatch 0% of committed (0 vs 50). Forecast hit dead-on (0% variance) — strong demand sensing. Action: recover shortfall of 50 units.,Production Shortfall,Produced 0 units against committed 50 units. Shortfall of 50 units — expedite production or procure.,Ops accepted Sales forecast in full. No capacity gap at plan stage.,,,50.0,,,,,,,,,,
VTB and QVTB,TV M03 B06 68.32 CM,Regular,,,,,,,241.0,199.0,,,440.0,MTO,-100.0,,540.0,,540.0,100.0,100.0,,,,199.0,241.0,,Forecast Bullseye,Dispatch -100 units (no committed demand). MTO item — demand is order-driven. Forecast hit dead-on (0% variance) — strong demand sensing. Action: recover shortfall of 100 units.,Over-Production,Produced 199 units against committed 0 units. Red flag — produced 199 units more than ordered. Investigate planning breakdown.,Ops accepted Sales forecast in full. No capacity gap at plan stage.,9074.9,10990.2,,,,13949.0,,,,,,,
VTB and QVTB,TV M03 B06 70 TM,Regular,1300.0,1300.0,,1999998.0,1998698.0,0%,64.0,1950.0,,,2014.0,MTO,1850.0,0.1%,164.0,,164.0,1998148.0,164.0,1997984.0,,,714.0,,,Short Delivery | Forecast Drift (Major),"Dispatch 0% of committed (1,850 vs 1,999,998). MTO item — demand is order-driven. 🚩 Major forecast uplift of 153746% — late demand surge. Action: recover shortfall of 1,998,148 units.",Production Shortfall | Over-Production,"Produced 1,950 units against committed 1,999,998 units. Shortfall of 1,997,984 units — expedite production or procure. Red flag — produced 714 units more than ordered. Investigate planning breakdown.",Ops accepted Sales forecast in full. No capacity gap at plan stage.,30648.57,,1236.0,1236.0,,22876.36,278698788.16,,,,,,
VTB and QVTB,TV M03 B06 72.4 AL,Regular,11000.0,11000.0,,11000.0,,100%,5534.0,,,300.0,5234.0,MTO,,0.0%,5234.0,,5234.0,11000.0,5234.0,,,5766.0,,,,Short Delivery | Forecast Bullseye,"Dispatch 0% of committed (0 vs 11,000). MTO item — demand is order-driven. Forecast hit dead-on (0% variance) — strong demand sensing. Action: recover shortfall of 11,000 units.",Production Shortfall,"Produced 0 units against committed 11,000 units. Shortfall of 5,766 units — expedite production or procure.",Ops accepted Sales forecast in full. No capacity gap at plan stage.,,,5466.0,,804299.34,730090.66,,,,,,,
VTB and QVTB,TV M03 B06 72.4 AL1,Regular,,,,,,,,8.0,,,8.0,MTO,5.0,,3.0,,3.0,,,,,,8.0,,5.0,Forecast Bullseye,Dispatch 5 units (no committed demand). MTO item — demand is order-driven. Forecast hit dead-on (0% variance) — strong demand sensing. Action: review over-commit of 5 units.,Over-Production,Produced 8 units against committed 0 units. Red flag — produced 8 units more than ordered. Investigate planning breakdown.,Ops accepted Sales forecast in full. No capacity gap at plan stage.,,,,,,,,,697.45,,5.0,,697.45
VTB 74 B,TV M03 B06 72.4 KOEL,Regular,,,,,,,4.0,,,,4.0,MTO,,,4.0,,4.0,,,,,,,4.0,,Forecast Bullseye,Dispatch 0 units (no committed demand). MTO item — demand is order-driven. Forecast hit dead-on (0% variance) — strong demand sensing. No open commitment gap.,Unsold MTO Stock,Produced 0 units against committed 0 units.,Ops accepted Sales forecast in full. No capacity gap at plan stage.,,197.17,,,,,,,,,,,
VTB and QVTB,TV M03 B06 72.4 KOEL1,Regular,200.0,200.0,,200.0,,100%,741.0,,,,741.0,MTO,100.0,50.0%,641.0,,641.0,100.0,100.0,,,,,541.0,,Short Delivery | Forecast Bullseye,Dispatch 50% of committed (100 vs 200). MTO item — demand is order-driven. Forecast hit dead-on (0% variance) — strong demand sensing. Action: recover shortfall of 100 units.,Healthy Stock,Produced 0 units against committed 200 units.,Ops accepted Sales forecast in full. No capacity gap at plan stage.,,24925.09,,,,13949.0,,,,,,,
VTB and QVTB,TV M03 B06 74.4 MM,Regular,400.0,400.0,,400.0,,100%,1076.0,1450.0,500.0,500.0,2526.0,MTO,500.0,125.0%,2026.0,,2026.0,,,,,,1450.0,676.0,100.0,Over-Delivered | Forecast Bullseye,Dispatch 125% of committed (500 vs 400). MTO item — demand is order-driven. Forecast hit dead-on (0% variance) — strong demand sensing. Action: review over-commit of 100 units.,Over-Production,"Produced 1,450 units against committed 400 units. Red flag — produced 1,450 units more than ordered. Investigate planning breakdown.",Ops accepted Sales forecast in full. No capacity gap at plan stage.,70992.54,33097.21,,,,,,,13949.0,100.0,,13949.0,
,TV M03 B06 75.9,Regular,,,,,,,134.0,,,,134.0,TBC,,,134.0,,134.0,,,,,,,134.0,,Forecast Bullseye,Dispatch 0 units (no committed demand). Forecast hit dead-on (0% variance) — strong demand sensing. No open commitment gap.,Healthy Stock,Produced 0 units against committed 0 units.,Ops accepted Sales forecast in full. No capacity gap at plan stage.,,16353.36,,,,,,,,,,,
VTB and QVTB,TV M03 B06 75.9 KOEL,Regular,100.0,100.0,,100.0,,100%,10.0,250.0,,,260.0,MTO,200.0,200.0%,60.0,,60.0,,,,,,160.0,,100.0,Over-Delivered | Forecast Bullseye,Dispatch 200% of committed (200 vs 100). MTO item — demand is order-driven. Forecast hit dead-on (0% variance) — strong demand sensing. Action: review over-commit of 100 units.,Over-Production,Produced 250 units against committed 100 units. Red flag — produced 160 units more than ordered. Investigate planning breakdown.,Ops accepted Sales forecast in full. No capacity gap at plan stage.,8216.24,,90.0,90.0,,,,,13949.0,,100.0,,13949.0
VTB and QVTB,TV M03 B06 79 WH,Regular,,,,,,,,,,,,MTO,100.0,,-100.0,,,,,,,,,,100.0,Forecast Bullseye,Dispatch 100 units (no committed demand). MTO item — demand is order-driven. Forecast hit dead-on (0% variance) — strong demand sensing. Action: review over-commit of 100 units.,Healthy Stock,Produced 0 units against committed 0 units.,Ops accepted Sales forecast in full. No capacity gap at plan stage.,,,,,,,,,13949.0,,100.0,,13949.0
VTB 74,TV M03 B06 80.4 MM,Regular,,,,,,,31.0,,,,31.0,MTO,,,31.0,,31.0,,,,,,,31.0,,Forecast Bullseye,Dispatch 0 units (no committed demand). MTO item — demand is order-driven. Forecast hit dead-on (0% variance) — strong demand sensing. No open commitment gap.,Unsold MTO Stock,Produced 0 units against committed 0 units.,Ops accepted Sales forecast in full. No capacity gap at plan stage.,,3211.6,,,,,,,,,,,
VTB and QVTB,TV M03 B06 81.47 CM,Regular,,,,,,,58.0,99.0,,,157.0,MTO,,,157.0,,157.0,,,,,,99.0,58.0,,Forecast Bullseye,Dispatch 0 units (no committed demand). MTO item — demand is order-driven. Forecast hit dead-on (0% variance) — strong demand sensing. No open commitment gap.,Over-Production,Produced 99 units against committed 0 units. Red flag — produced 99 units more than ordered. Investigate planning breakdown.,Ops accepted Sales forecast in full. No capacity gap at plan stage.,4998.15,2928.21,,,,,,,,,,,
,TV M03 B06 81.8 CM,Regular,,,,,,,2.0,,,,2.0,TBC,,,2.0,,2.0,,,,,,,2.0,,Forecast Bullseye,Dispatch 0 units (no committed demand). Forecast hit dead-on (0% variance) — strong demand sensing. No open commitment gap.,Healthy Stock,Produced 0 units against committed 0 units.,Ops accepted Sales forecast in full. No capacity gap at plan stage.,,107.16,,,,,,,,,,,
,TV M03 B06 81.9 TM,Regular,,,,,,,7.0,,,,7.0,TBC,,,7.0,,7.0,,,,,,,7.0,,Forecast Bullseye,Dispatch 0 units (no committed demand). Forecast hit dead-on (0% variance) — strong demand sensing. No open commitment gap.,Healthy Stock,Produced 0 units against committed 0 units.,Ops accepted Sales forecast in full. No capacity gap at plan stage.,,331.28,,,,,,,,,,,
VTB and QVTB,TV M03 B06 87 (KOEL),Regular,800.0,800.0,,800.0,,100%,537.0,450.0,,,987.0,MTO,500.0,62.5%,487.0,,487.0,300.0,300.0,,,,187.0,,,Short Delivery | Forecast Bullseye,Dispatch 62% of committed (500 vs 800). MTO item — demand is order-driven. Forecast hit dead-on (0% variance) — strong demand sensing. Action: recover shortfall of 300 units.,Over-Production,Produced 450 units against committed 800 units. Red flag — produced 187 units more than ordered. Investigate planning breakdown.,Ops accepted Sales forecast in full. No capacity gap at plan stage.,10141.65,,263.0,263.0,,41847.0,,,,,,,
VTB and QVTB,TV M03 B06 92 KOEL,Regular,900.0,900.0,,900.0,,100%,,950.0,,,950.0,MTO,900.0,100.0%,50.0,,50.0,,,,,,50.0,,,On Target | Forecast Bullseye,Dispatch 100% of committed (900 vs 900). MTO item — demand is order-driven. Forecast hit dead-on (0% variance) — strong demand sensing. No open commitment gap.,Over-Production,Produced 950 units against committed 900 units. Red flag — produced 50 units more than ordered. Investigate planning breakdown.,Ops accepted Sales forecast in full. No capacity gap at plan stage.,,,900.0,900.0,,,,,,,,,
,TV M03 B10 104.5 TM,Regular,,,,,,,5.0,,,,5.0,TBC,,,5.0,,5.0,,,,,,,5.0,,Forecast Bullseye,Dispatch 0 units (no committed demand). Forecast hit dead-on (0% variance) — strong demand sensing. No open commitment gap.,Healthy Stock,Produced 0 units against committed 0 units.,Ops accepted Sales forecast in full. No capacity gap at plan stage.,,420.6,,,,,,,,,,,
0,TV M03 B10 105 OEM,Regular,,,,,,,25.0,,,,25.0,MTO,,,25.0,,25.0,,,,,,,25.0,,Forecast Bullseye,Dispatch 0 units (no committed demand). MTO item — demand is order-driven. Forecast hit dead-on (0% variance) — strong demand sensing. No open commitment gap.,Unsold MTO Stock,Produced 0 units against committed 0 units.,Ops accepted Sales forecast in full. No capacity gap at plan stage.,,1587.39,,,,,,,,,,,
VTB and QVTB,TV M03 B10 108 (KOEL),Regular,600.0,600.0,,600.0,,100%,1468.0,,,,1468.0,MTO,,0.0%,1468.0,,1468.0,600.0,600.0,,,,,868.0,,Short Delivery | Forecast Bullseye,Dispatch 0% of committed (0 vs 600). MTO item — demand is order-driven. Forecast hit dead-on (0% variance) — strong demand sensing. Action: recover shortfall of 600 units.,Healthy Stock,Produced 0 units against committed 600 units.,Ops accepted Sales forecast in full. No capacity gap at plan stage.,,56376.99,,,,83694.0,,,,,,,
VTB 74,TV M03 B10 115 TM,Regular,,,,,,,493.0,,,,493.0,MTO,,,493.0,,493.0,,,,,,,493.0,,Forecast Bullseye,Dispatch 0 units (no committed demand). MTO item — demand is order-driven. Forecast hit dead-on (0% variance) — strong demand sensing. No open commitment gap.,Unsold MTO Stock,Produced 0 units against committed 0 units.,Ops accepted Sales forecast in full. No capacity gap at plan stage.,,36130.77,,,,,,,,,,,
VTB and QVTB,TV M03 B10 117 TM,Regular,,,,,,,2005.0,,,,2005.0,MTO,1000.0,,1005.0,,1005.0,,,,,,,2005.0,1000.0,Forecast Bullseye,"Dispatch 1,000 units (no committed demand). MTO item — demand is order-driven. Forecast hit dead-on (0% variance) — strong demand sensing. Action: review over-commit of 1,000 units.",Unsold MTO Stock,Produced 0 units against committed 0 units.,Ops accepted Sales forecast in full. No capacity gap at plan stage.,,136847.49,,,,,,,139490.0,1000.0,,139490.0,
VTB and QVTB,TV M03 B10 120.66 AL,Regular,7500.0,7500.0,,7500.0,,100%,1720.0,6525.0,,100.0,8145.0,MTS,1500.0,20.0%,6645.0,7683.33,,6000.0,6000.0,,,,,,,Short Delivery | Forecast Bullseye,"Dispatch 20% of committed (1,500 vs 7,500). MTS item — buffer stock + green level matters. Forecast hit dead-on (0% variance) — strong demand sensing. Action: recover shortfall of 6,000 units.",Below Safety,"Produced 6,525 units against committed 7,500 units. Closing 6,645 units. Green level 7,683 (0.9x cover) — ⚠ Safety breach — replenish urgently.",Ops accepted Sales forecast in full. No capacity gap at plan stage.,,,13463.33,6525.0,,836940.0,,,,,,,
VTB and QVTB,TV M03 B10 120.7 LNG,Regular,,,,,,,,,200.0,100.0,100.0,TBC,100.0,,0.0,,,,,,,,,,100.0,Forecast Bullseye,Dispatch 100 units (no committed demand). Forecast hit dead-on (0% variance) — strong demand sensing. Action: review over-commit of 100 units.,Healthy Stock,Produced 0 units against committed 0 units.,Ops accepted Sales forecast in full. No capacity gap at plan stage.,,,,,,,,,13949.0,,100.0,,13949.0
VTB and QVTB,TV M03 B10 122.1 MM (89mm),Regular,700.0,700.0,,700.0,,100%,1205.0,,500.0,500.0,1205.0,MTS,500.0,71.4%,705.0,1000.0,,200.0,200.0,,,,,,,Short Delivery | Forecast Bullseye,Dispatch 71% of committed (500 vs 700). MTS item — buffer stock + green level matters. Forecast hit dead-on (0% variance) — strong demand sensing. Action: recover shortfall of 200 units.,Below Safety,"Produced 0 units against committed 700 units. Closing 705 units. Green level 1,000 (0.7x cover) — ⚠ Safety breach — replenish urgently.",Ops accepted Sales forecast in full. No capacity gap at plan stage.,,,495.0,,,27898.0,,,,,,,
VTB and QVTB,TV M03 B10 122.2 MM,Regular,,,,,,,16.0,16.0,,,32.0,TBC,,,32.0,,32.0,,,,,,16.0,16.0,,Forecast Bullseye,Dispatch 0 units (no committed demand). Forecast hit dead-on (0% variance) — strong demand sensing. No open commitment gap.,Healthy Stock,Produced 16 units against committed 0 units.,Ops accepted Sales forecast in full. No capacity gap at plan stage.,1243.61,1243.61,,,,,,,,,,,
VTB 89,TV M03 B10 125 TM,Regular,,,,,,,1697.0,,,,1697.0,MTO,,,1697.0,,1697.0,,,,,,,1697.0,,Forecast Bullseye,Dispatch 0 units (no committed demand). MTO item — demand is order-driven. Forecast hit dead-on (0% variance) — strong demand sensing. No open commitment gap.,Unsold MTO Stock,Produced 0 units against committed 0 units.,Ops accepted Sales forecast in full. No capacity gap at plan stage.,,147220.71,,,,,,,,,,,
,TV M03 B10 155.5 TM,Regular,,,,,,,5.0,,,,5.0,TBC,,,5.0,,5.0,,,,,,,5.0,,Forecast Bullseye,Dispatch 0 units (no committed demand). Forecast hit dead-on (0% variance) — strong demand sensing. No open commitment gap.,Healthy Stock,Produced 0 units against committed 0 units.,Ops accepted Sales forecast in full. No capacity gap at plan stage.,,385.83,,,,,,,,,,,
VTB and QVTB,TV M03 B10 95.07 AL,Regular,4400.0,4400.0,,4400.0,,100%,3990.0,,,,3990.0,MTS,1000.0,22.7%,2990.0,500.0,2490.0,3400.0,2990.0,,,410.0,,,,Short Delivery | Forecast Bullseye,"Dispatch 23% of committed (1,000 vs 4,400). MTS item — buffer stock + green level matters. Forecast hit dead-on (0% variance) — strong demand sensing. Action: recover shortfall of 3,400 units.",Production Shortfall,"Produced 0 units against committed 4,400 units. Shortfall of 410 units — expedite production or procure.",Ops accepted Sales forecast in full. No capacity gap at plan stage.,,,910.0,,57190.9,417075.1,,,,,,,
EVTB 74,TV M12 B06 113.7 WH,Regular,400.0,400.0,,400.0,,100%,,,,,,MTO,,0.0%,0,,,400.0,,,,400.0,,,,Short Delivery | Forecast Bullseye,Dispatch 0% of committed (0 vs 400). MTO item — demand is order-driven. Forecast hit dead-on (0% variance) — strong demand sensing. Action: recover shortfall of 400 units.,Production Shortfall,Produced 0 units against committed 400 units. Shortfall of 400 units — expedite production or procure.,Ops accepted Sales forecast in full. No capacity gap at plan stage.,,,400.0,,,,,,,,,,
VTB and QVTB,TV M12 B06 79 (EVTB),Regular,6200.0,6200.0,,6200.0,,100%,,,2100.0,2100.0,,MTS,2100.0,33.9%,-2100.0,4533.33,,4100.0,,,,4100.0,,,,Short Delivery | Forecast Bullseye,"Dispatch 34% of committed (2,100 vs 6,200). MTS item — buffer stock + green level matters. Forecast hit dead-on (0% variance) — strong demand sensing. Action: recover shortfall of 4,100 units.",Production Shortfall | Stock-Out Risk,"Produced 0 units against committed 6,200 units. Shortfall of 6,200 units — expedite production or procure. Closing -2,100 units. Green level 4,533 (-0.5x cover) — ⚠ Safety breach — replenish urgently.",Ops accepted Sales forecast in full. No capacity gap at plan stage.,,,10733.33,,571909.0,,,,,,,,
EVTB 74,TV M12 B06 79 W/J,Regular,,,,,,,75.0,,,,75.0,MTO,,,75.0,,75.0,,,,,,,75.0,,Forecast Bullseye,Dispatch 0 units (no committed demand). MTO item — demand is order-driven. Forecast hit dead-on (0% variance) — strong demand sensing. No open commitment gap.,Unsold MTO Stock,Produced 0 units against committed 0 units.,Ops accepted Sales forecast in full. No capacity gap at plan stage.,,2964.2,,,,,,,,,,,
VTB and QVTB,TV M12 B06 80.4 (W/J),Regular,,,,,,,,,4.0,2.0,2.0,MTO,2.0,,0.0,,,,,,,,,,2.0,Forecast Bullseye,Dispatch 2 units (no committed demand). MTO item — demand is order-driven. Forecast hit dead-on (0% variance) — strong demand sensing. Action: review over-commit of 2 units.,Healthy Stock,Produced 0 units against committed 0 units. Production and inventory in healthy state.,Ops accepted Sales forecast in full. No capacity gap at plan stage.,,,,,,,,,278.98,,2.0,,278.98
VTB and QVTB,TVM03B0656.9WH,Regular,,,,,,,,,100.0,50.0,50.0,TBC,50.0,,0.0,,,,,,,,,,50.0,Forecast Bullseye,Dispatch 50 units (no committed demand). Forecast hit dead-on (0% variance) — strong demand sensing. Action: review over-commit of 50 units.,Healthy Stock,Produced 0 units against committed 0 units.,Ops accepted Sales forecast in full. No capacity gap at plan stage.,,,,,,,,,6974.5,,50.0,,6974.5
TB-19mm TX,TX M01 B06 100 MRY,Regular,,,,,,,,2.0,600.0,600.0,2.0,MTO,,,2.0,,2.0,,,,,,2.0,,,Forecast Bullseye,Dispatch 0 units (no committed demand). MTO item — demand is order-driven. Forecast hit dead-on (0% variance) — strong demand sensing. No open commitment gap.,Over-Production,Produced 2 units against committed 0 units. Red flag — produced 2 units more than ordered. Investigate planning breakdown.,Ops accepted Sales forecast in full. No capacity gap at plan stage.,,,,,,,,,,,,,
TB-19mm TX,TX M01 B06 116 MRY,Regular,,,,,,,,602.0,600.0,600.0,602.0,MTO,,,602.0,,602.0,,,,,,602.0,,,Forecast Bullseye,Dispatch 0 units (no committed demand). MTO item — demand is order-driven. Forecast hit dead-on (0% variance) — strong demand sensing. No open commitment gap.,Over-Production,Produced 602 units against committed 0 units. Red flag — produced 602 units more than ordered. Investigate planning breakdown.,Ops accepted Sales forecast in full. No capacity gap at plan stage.,,,,,,,,,,,,,
TB-19mm TX,TX M01 B06 180 MRY,Regular,,,,,,,,500.0,500.0,500.0,500.0,MTO,,,500.0,,500.0,,,,,,500.0,,,Forecast Bullseye,Dispatch 0 units (no committed demand). MTO item — demand is order-driven. Forecast hit dead-on (0% variance) — strong demand sensing. No open commitment gap.,Over-Production,Produced 500 units against committed 0 units. Red flag — produced 500 units more than ordered. Investigate planning breakdown.,Ops accepted Sales forecast in full. No capacity gap at plan stage.,,,,,,,,,,,,,
TB 85 S 304 Wax Coating,TX M01 B06 259-271 CT,Regular,200.0,200.0,,200.0,,100%,257.0,,,,257.0,MTO,,0.0%,257.0,,257.0,200.0,200.0,,,,,57.0,,Short Delivery | Forecast Bullseye,Dispatch 0% of committed (0 vs 200). MTO item — demand is order-driven. Forecast hit dead-on (0% variance) — strong demand sensing. Action: recover shortfall of 200 units.,Healthy Stock,Produced 0 units against committed 200 units.,Ops accepted Sales forecast in full. No capacity gap at plan stage.,,2511.82,,,,,,,,,,,
TB-19mm TX,TX M01 B06 33.2-39.6 MRY1,Regular,,,,,,,,490.0,500.0,500.0,490.0,TBC,,,490.0,,490.0,,,,,,490.0,,,Forecast Bullseye,Dispatch 0 units (no committed demand). Forecast hit dead-on (0% variance) — strong demand sensing. No open commitment gap.,Healthy Stock,Produced 490 units against committed 0 units.,Ops accepted Sales forecast in full. No capacity gap at plan stage.,,,,,,,,,,,,,
TB-19mm TX,TX M01 B06 36 MRY1,Regular,,,,,,,,600.0,600.0,600.0,600.0,MTO,,,600.0,,600.0,,,,,,600.0,,,Forecast Bullseye,Dispatch 0 units (no committed demand). MTO item — demand is order-driven. Forecast hit dead-on (0% variance) — strong demand sensing. No open commitment gap.,Over-Production,Produced 600 units against committed 0 units. Red flag — produced 600 units more than ordered. Investigate planning breakdown.,Ops accepted Sales forecast in full. No capacity gap at plan stage.,,,,,,,,,,,,,
TB-19mm TX,TX M01 B06 42 MRY1,Regular,,,,,,,,502.0,500.0,500.0,502.0,MTO,,,502.0,,502.0,,,,,,502.0,,,Forecast Bullseye,Dispatch 0 units (no committed demand). MTO item — demand is order-driven. Forecast hit dead-on (0% variance) — strong demand sensing. No open commitment gap.,Over-Production,Produced 502 units against committed 0 units. Red flag — produced 502 units more than ordered. Investigate planning breakdown.,Ops accepted Sales forecast in full. No capacity gap at plan stage.,,,,,,,,,,,,,
TB-19mm TX,TX M01 B06 42-48 CM,Regular,1400.0,1400.0,,1400.0,,100%,95.0,655.0,,,750.0,MTO,750.0,53.6%,0.0,,,650.0,,,,650.0,,,,Short Delivery | Forecast Bullseye,"Dispatch 54% of committed (750 vs 1,400). MTO item — demand is order-driven. Forecast hit dead-on (0% variance) — strong demand sensing. Action: recover shortfall of 650 units.",Production Shortfall,"Produced 655 units against committed 1,400 units. Shortfall of 650 units — expedite production or procure.",Ops accepted Sales forecast in full. No capacity gap at plan stage.,,,1305.0,655.0,18934.5,,,,,,,,
TB-19mm TX,TX M01 B06 45.97 MRY,Regular,,,,,,,,600.0,600.0,600.0,600.0,MTO,,,600.0,,600.0,,,,,,600.0,,,Forecast Bullseye,Dispatch 0 units (no committed demand). MTO item — demand is order-driven. Forecast hit dead-on (0% variance) — strong demand sensing. No open commitment gap.,Over-Production,Produced 600 units against committed 0 units. Red flag — produced 600 units more than ordered. Investigate planning breakdown.,Ops accepted Sales forecast in full. No capacity gap at plan stage.,,,,,,,,,,,,,
TB-19mm TX,TX M01 B06 46 MRY1,Regular,,,,,,,,2102.0,2100.0,2100.0,2102.0,MTO,,,2102.0,,2102.0,,,,,,2102.0,,,Forecast Bullseye,Dispatch 0 units (no committed demand). MTO item — demand is order-driven. Forecast hit dead-on (0% variance) — strong demand sensing. No open commitment gap.,Over-Production,"Produced 2,102 units against committed 0 units. Red flag — produced 2,102 units more than ordered. Investigate planning breakdown.",Ops accepted Sales forecast in full. No capacity gap at plan stage.,,,,,,,,,,,,,
TB-19mm TX,TX M01 B06 47.5 MRY,Regular,,,,,,,,900.0,3600.0,3600.0,900.0,MTO,,,900.0,,900.0,,,,,,900.0,,,Forecast Bullseye,Dispatch 0 units (no committed demand). MTO item — demand is order-driven. Forecast hit dead-on (0% variance) — strong demand sensing. No open commitment gap.,Over-Production,Produced 900 units against committed 0 units. Red flag — produced 900 units more than ordered. Investigate planning breakdown.,Ops accepted Sales forecast in full. No capacity gap at plan stage.,,,,,,,,,,,,,
TB-19mm TX,TX M01 B06 48 MRY,Regular,,,,,,,,502.0,500.0,500.0,502.0,MTO,,,502.0,,502.0,,,,,,502.0,,,Forecast Bullseye,Dispatch 0 units (no committed demand). MTO item — demand is order-driven. Forecast hit dead-on (0% variance) — strong demand sensing. No open commitment gap.,Over-Production,Produced 502 units against committed 0 units. Red flag — produced 502 units more than ordered. Investigate planning breakdown.,Ops accepted Sales forecast in full. No capacity gap at plan stage.,,,,,,,,,,,,,
TB-19mm TX,TX M01 B06 52 MRY,Regular,,,,,,,,502.0,500.0,500.0,502.0,MTO,,,502.0,,502.0,,,,,,502.0,,,Forecast Bullseye,Dispatch 0 units (no committed demand). MTO item — demand is order-driven. Forecast hit dead-on (0% variance) — strong demand sensing. No open commitment gap.,Over-Production,Produced 502 units against committed 0 units. Red flag — produced 502 units more than ordered. Investigate planning breakdown.,Ops accepted Sales forecast in full. No capacity gap at plan stage.,,,,,,,,,,,,,
TB-19mm TX,TX M01 B06 56 MRY,Regular,,,,,,,,502.0,500.0,500.0,502.0,MTO,,,502.0,,502.0,,,,,,502.0,,,Forecast Bullseye,Dispatch 0 units (no committed demand). MTO item — demand is order-driven. Forecast hit dead-on (0% variance) — strong demand sensing. No open commitment gap.,Over-Production,Produced 502 units against committed 0 units. Red flag — produced 502 units more than ordered. Investigate planning breakdown.,Ops accepted Sales forecast in full. No capacity gap at plan stage.,,,,,,,,,,,,,
TB-19mm TX,TX M01 B06 60 MRY,Regular,,,,,,,,1602.0,1600.0,1600.0,1602.0,MTO,,,1602.0,,1602.0,,,,,,1602.0,,,Forecast Bullseye,Dispatch 0 units (no committed demand). MTO item — demand is order-driven. Forecast hit dead-on (0% variance) — strong demand sensing. No open commitment gap.,Over-Production,"Produced 1,602 units against committed 0 units. Red flag — produced 1,602 units more than ordered. Investigate planning breakdown.",Ops accepted Sales forecast in full. No capacity gap at plan stage.,,,,,,,,,,,,,
TB-19mm TX,TX M01 B06 68 MRY,Regular,,,,,,,,700.0,700.0,700.0,700.0,MTO,,,700.0,,700.0,,,,,,700.0,,,Forecast Bullseye,Dispatch 0 units (no committed demand). MTO item — demand is order-driven. Forecast hit dead-on (0% variance) — strong demand sensing. No open commitment gap.,Over-Production,Produced 700 units against committed 0 units. Red flag — produced 700 units more than ordered. Investigate planning breakdown.,Ops accepted Sales forecast in full. No capacity gap at plan stage.,,,,,,,,,,,,,
TB-19mm TX,TX M01 B06 76 MRY,Regular,,,,,,,,2.0,2000.0,2000.0,2.0,MTO,,,2.0,,2.0,,,,,,2.0,,,Forecast Bullseye,Dispatch 0 units (no committed demand). MTO item — demand is order-driven. Forecast hit dead-on (0% variance) — strong demand sensing. No open commitment gap.,Over-Production,Produced 2 units against committed 0 units. Red flag — produced 2 units more than ordered. Investigate planning breakdown.,Ops accepted Sales forecast in full. No capacity gap at plan stage.,,,,,,,,,,,,,
TB-19mm TX,TX M01 B06 84 MRY,Regular,,,,,,,,2.0,1000.0,1000.0,2.0,MTO,,,2.0,,2.0,,,,,,2.0,,,Forecast Bullseye,Dispatch 0 units (no committed demand). MTO item — demand is order-driven. Forecast hit dead-on (0% variance) — strong demand sensing. No open commitment gap.,Over-Production,Produced 2 units against committed 0 units. Red flag — produced 2 units more than ordered. Investigate planning breakdown.,Ops accepted Sales forecast in full. No capacity gap at plan stage.,,,,,,,,,,,,,
TB-19mm TX,TX M01 B06 92 MRY,Regular,,,,,,,,502.0,500.0,500.0,502.0,MTO,,,502.0,,502.0,,,,,,502.0,,,Forecast Bullseye,Dispatch 0 units (no committed demand). MTO item — demand is order-driven. Forecast hit dead-on (0% variance) — strong demand sensing. No open commitment gap.,Over-Production,Produced 502 units against committed 0 units. Red flag — produced 502 units more than ordered. Investigate planning breakdown.,Ops accepted Sales forecast in full. No capacity gap at plan stage.,,,,,,,,,,,,,
,TX M02 B06 238 CM,Regular,,,,,,,10.0,,,,10.0,TBC,,,10.0,,10.0,,,,,,,10.0,,Forecast Bullseye,Dispatch 0 units (no committed demand). Forecast hit dead-on (0% variance) — strong demand sensing. No open commitment gap.,Healthy Stock,Produced 0 units against committed 0 units.,Ops accepted Sales forecast in full. No capacity gap at plan stage.,,590.01,,,,,,,,,,,
TB-19mm TX,TX M02 B06 91.2 MRY,Regular,,,,,,,,500.0,500.0,500.0,500.0,MTO,,,500.0,,500.0,,,,,,500.0,,,Forecast Bullseye,Dispatch 0 units (no committed demand). MTO item — demand is order-driven. Forecast hit dead-on (0% variance) — strong demand sensing. No open commitment gap.,Over-Production,Produced 500 units against committed 0 units. Red flag — produced 500 units more than ordered. Investigate planning breakdown.,Ops accepted Sales forecast in full. No capacity gap at plan stage.,,,,,,,,,,,,,
TB-14mm,TX M05 B05 106 FG1,Regular,600.0,600.0,,600.0,,100%,31.0,175.0,,,206.0,MTO,325.0,54.2%,-119.0,,,275.0,,,,275.0,,,,Short Delivery | Forecast Bullseye,Dispatch 54% of committed (325 vs 600). MTO item — demand is order-driven. Forecast hit dead-on (0% variance) — strong demand sensing. Action: recover shortfall of 275 units.,Production Shortfall,Produced 175 units against committed 600 units. Shortfall of 394 units — expedite production or procure.,Ops accepted Sales forecast in full. No capacity gap at plan stage.,,,569.0,175.0,5574.25,,,,,,,,
TB 14 60,TX M05 B05 106 FL,Regular,400.0,400.0,,400.0,,100%,86.0,,,,86.0,MTO,,0.0%,86.0,,86.0,400.0,86.0,,,314.0,,,,Short Delivery | Forecast Bullseye,Dispatch 0% of committed (0 vs 400). MTO item — demand is order-driven. Forecast hit dead-on (0% variance) — strong demand sensing. Action: recover shortfall of 400 units.,Production Shortfall,Produced 0 units against committed 400 units. Shortfall of 314 units — expedite production or procure.,Ops accepted Sales forecast in full. No capacity gap at plan stage.,,,314.0,,,,,,,,,,
TB-14mm,TX M05 B05 116 FG,Regular,600.0,600.0,,600.0,,100%,46.0,700.0,,,746.0,MTO,500.0,83.3%,246.0,,246.0,100.0,100.0,,,,146.0,,,Short Delivery | Forecast Bullseye,Dispatch 83% of committed (500 vs 600). MTO item — demand is order-driven. Forecast hit dead-on (0% variance) — strong demand sensing. Action: recover shortfall of 100 units.,Over-Production,Produced 700 units against committed 600 units. Red flag — produced 146 units more than ordered. Investigate planning breakdown.,Ops accepted Sales forecast in full. No capacity gap at plan stage.,2000.18,,554.0,554.0,,2027.0,,,,,,,
TB 14 60,TX M05 B05 116 FL,Regular,400.0,400.0,,400.0,,100%,5.0,,,,5.0,MTO,,0.0%,5.0,,5.0,400.0,5.0,,,395.0,,,,Short Delivery | Forecast Bullseye,Dispatch 0% of committed (0 vs 400). MTO item — demand is order-driven. Forecast hit dead-on (0% variance) — strong demand sensing. Action: recover shortfall of 400 units.,Production Shortfall,Produced 0 units against committed 400 units. Shortfall of 395 units — expedite production or procure.,Ops accepted Sales forecast in full. No capacity gap at plan stage.,,,395.0,,,,,,,,,,
TB-14mm,TX M05 B05 118 MH,Regular,1000.0,1000.0,,1000.0,,100%,1357.0,,,,1357.0,MTO,594.0,59.4%,763.0,,763.0,406.0,406.0,,,,,357.0,,Short Delivery | Forecast Bullseye,"Dispatch 59% of committed (594 vs 1,000). MTO item — demand is order-driven. Forecast hit dead-on (0% variance) — strong demand sensing. Action: recover shortfall of 406 units.",Healthy Stock,"Produced 0 units against committed 1,000 units.",Ops accepted Sales forecast in full. No capacity gap at plan stage.,,5188.72,,,,8229.62,,,,,,,
TB 14 60,TX M05 B05 136 FG,Regular,,,,,,,25.0,,,,25.0,MTO,,,25.0,,25.0,,,,,,,25.0,,Forecast Bullseye,Dispatch 0 units (no committed demand). MTO item — demand is order-driven. Forecast hit dead-on (0% variance) — strong demand sensing. No open commitment gap.,Unsold MTO Stock,Produced 0 units against committed 0 units.,Ops accepted Sales forecast in full. No capacity gap at plan stage.,,387.4,,,,,,,,,,,
TB 14 60,TX M05 B05 136 FL1,Regular,200.0,200.0,,200.0,,100%,17.0,,,,17.0,MTO,,0.0%,17.0,,17.0,200.0,17.0,,,183.0,,,,Short Delivery | Forecast Bullseye,Dispatch 0% of committed (0 vs 200). MTO item — demand is order-driven. Forecast hit dead-on (0% variance) — strong demand sensing. Action: recover shortfall of 200 units.,Production Shortfall,Produced 0 units against committed 200 units. Shortfall of 183 units — expedite production or procure.,Ops accepted Sales forecast in full. No capacity gap at plan stage.,,,183.0,,,,,,,,,,
TB 14 60,TX M05 B05 146 FG,Regular,,,,,,,213.0,,,,213.0,MTO,,,213.0,,213.0,,,,,,,213.0,,Forecast Bullseye,Dispatch 0 units (no committed demand). MTO item — demand is order-driven. Forecast hit dead-on (0% variance) — strong demand sensing. No open commitment gap.,Unsold MTO Stock,Produced 0 units against committed 0 units.,Ops accepted Sales forecast in full. No capacity gap at plan stage.,,3423.0,,,,,,,,,,,
TB 14 60,TX M05 B05 180 FL,Regular,,,,,,,57.0,,,,57.0,MTO,,,57.0,,57.0,,,,,,,57.0,,Forecast Bullseye,Dispatch 0 units (no committed demand). MTO item — demand is order-driven. Forecast hit dead-on (0% variance) — strong demand sensing. No open commitment gap.,Unsold MTO Stock,Produced 0 units against committed 0 units.,Ops accepted Sales forecast in full. No capacity gap at plan stage.,,935.91,,,,,,,,,,,
TB 14 60,TX M05 B05 180 FL1,Regular,,,,,,,10.0,,,,10.0,MTO,,,10.0,,10.0,,,,,,,10.0,,Forecast Bullseye,Dispatch 0 units (no committed demand). MTO item — demand is order-driven. Forecast hit dead-on (0% variance) — strong demand sensing. No open commitment gap.,Unsold MTO Stock,Produced 0 units against committed 0 units.,Ops accepted Sales forecast in full. No capacity gap at plan stage.,,165.52,,,,,,,,,,,
TB-14mm,TX M05 B05 206 MH,Regular,4100.0,4100.0,,4100.0,,100%,963.0,,,,963.0,MTO,990.0,24.1%,-27.0,,,3110.0,,,,3110.0,,,,Short Delivery | Forecast Bullseye,"Dispatch 24% of committed (990 vs 4,100). MTO item — demand is order-driven. Forecast hit dead-on (0% variance) — strong demand sensing. Action: recover shortfall of 3,110 units.",Production Shortfall,"Produced 0 units against committed 4,100 units. Shortfall of 3,137 units — expedite production or procure.",Ops accepted Sales forecast in full. No capacity gap at plan stage.,,,3137.0,,63039.7,,,,,,,,
TB-14mm,TX M05 B05 26 FG,Regular,100.0,100.0,,100.0,,100%,174.0,100.0,,,274.0,MTO,100.0,100.0%,174.0,,174.0,,,,,,100.0,74.0,,On Target | Forecast Bullseye,Dispatch 100% of committed (100 vs 100). MTO item — demand is order-driven. Forecast hit dead-on (0% variance) — strong demand sensing. No open commitment gap.,Over-Production,Produced 100 units against committed 100 units. Red flag — produced 100 units more than ordered. Investigate planning breakdown.,Ops accepted Sales forecast in full. No capacity gap at plan stage.,954.05,706.0,,,,,,,,,,,
TB-14mm,TX M05 B05 26 FG1,Regular,400.0,400.0,,400.0,,100%,400.0,475.0,,,875.0,MTO,,0.0%,875.0,,875.0,400.0,400.0,,,,475.0,,,Short Delivery | Forecast Bullseye,Dispatch 0% of committed (0 vs 400). MTO item — demand is order-driven. Forecast hit dead-on (0% variance) — strong demand sensing. Action: recover shortfall of 400 units.,Over-Production,Produced 475 units against committed 400 units. Red flag — produced 475 units more than ordered. Investigate planning breakdown.,Ops accepted Sales forecast in full. No capacity gap at plan stage.,4581.57,,,,,8108.0,,,,,,,
TB 14 60,TX M05 B05 28 FL1,Regular,,,,,,,250.0,,,,250.0,MTO,,,250.0,,250.0,,,,,,,250.0,,Forecast Bullseye,Dispatch 0 units (no committed demand). MTO item — demand is order-driven. Forecast hit dead-on (0% variance) — strong demand sensing. No open commitment gap.,Unsold MTO Stock,Produced 0 units against committed 0 units.,Ops accepted Sales forecast in full. No capacity gap at plan stage.,,4497.0,,,,,,,,,,,
,TX M05 B05 28 OEM,Regular,,,,,,,1150.0,,,,1150.0,TBC,,,1150.0,,1150.0,,,,,,,1150.0,,Forecast Bullseye,Dispatch 0 units (no committed demand). Forecast hit dead-on (0% variance) — strong demand sensing. No open commitment gap.,Healthy Stock,Produced 0 units against committed 0 units.,Ops accepted Sales forecast in full. No capacity gap at plan stage.,,11645.0,,,,,,,,,,,
TB 14 60,TX M05 B05 38 FG1,Regular,,,,,,,546.0,,,,546.0,MTO,,,546.0,,546.0,,,,,,,546.0,,Forecast Bullseye,Dispatch 0 units (no committed demand). MTO item — demand is order-driven. Forecast hit dead-on (0% variance) — strong demand sensing. No open commitment gap.,Unsold MTO Stock,Produced 0 units against committed 0 units.,Ops accepted Sales forecast in full. No capacity gap at plan stage.,,5510.06,,,,,,,,,,,
TB-14mm,TX M05 B05 38 FL1,Regular,6300.0,6300.0,,6300.0,,100%,1301.0,8450.0,,,9751.0,MTS,7000.0,111.1%,2751.0,249.0,2502.0,,,,,,3202.0,,700.0,Over-Delivered | Forecast Bullseye,"Dispatch 111% of committed (7,000 vs 6,300). MTS item — buffer stock + green level matters. Forecast hit dead-on (0% variance) — strong demand sensing. Action: review over-commit of 700 units.",Excess Inventory,"Produced 8,450 units against committed 6,300 units. Excess build-up of 3,202 units — throttle production.",Ops accepted Sales forecast in full. No capacity gap at plan stage.,34216.92,,5248.0,5248.0,,,,,14189.0,,700.0,,14189.0
TB 14 60,TX M05 B05 38 KOEL,Regular,,,,,,,449.0,,,,449.0,MTO,,,449.0,,449.0,,,,,,,449.0,,Forecast Bullseye,Dispatch 0 units (no committed demand). MTO item — demand is order-driven. Forecast hit dead-on (0% variance) — strong demand sensing. No open commitment gap.,Unsold MTO Stock,Produced 0 units against committed 0 units.,Ops accepted Sales forecast in full. No capacity gap at plan stage.,,5542.85,,,,,,,,,,,
TB 14 60,TX M05 B05 42 FL,Regular,,,,,,,15.0,,,,15.0,MTO,,,15.0,,15.0,,,,,,,15.0,,Forecast Bullseye,Dispatch 0 units (no committed demand). MTO item — demand is order-driven. Forecast hit dead-on (0% variance) — strong demand sensing. No open commitment gap.,Unsold MTO Stock,Produced 0 units against committed 0 units.,Ops accepted Sales forecast in full. No capacity gap at plan stage.,,159.3,,,,,,,,,,,
TB 14 60 B,TX M05 B05 44 ML,Regular,,,,,,,1600.0,,,,1600.0,MTO,,,1600.0,,1600.0,,,,,,,1600.0,,Forecast Bullseye,Dispatch 0 units (no committed demand). MTO item — demand is order-driven. Forecast hit dead-on (0% variance) — strong demand sensing. No open commitment gap.,Unsold MTO Stock,Produced 0 units against committed 0 units.,Ops accepted Sales forecast in full. No capacity gap at plan stage.,,17904.05,,,,,,,,,,,
TB 14 60,TX M05 B05 46 KOEL,Regular,,,,,,,707.0,,,,707.0,MTO,,,707.0,,707.0,,,,,,,707.0,,Forecast Bullseye,Dispatch 0 units (no committed demand). MTO item — demand is order-driven. Forecast hit dead-on (0% variance) — strong demand sensing. No open commitment gap.,Unsold MTO Stock,Produced 0 units against committed 0 units.,Ops accepted Sales forecast in full. No capacity gap at plan stage.,,8088.23,,,,,,,,,,,
TB-14mm,TX M05 B05 46 TM,Regular,1800.0,1800.0,,1800.0,,100%,383.0,2950.0,,,3333.0,MTO,2800.0,155.6%,533.0,,533.0,,,,,,1533.0,,1000.0,Over-Delivered | Forecast Bullseye,"Dispatch 156% of committed (2,800 vs 1,800). MTO item — demand is order-driven. Forecast hit dead-on (0% variance) — strong demand sensing. Action: review over-commit of 1,000 units.",Over-Production,"Produced 2,950 units against committed 1,800 units. Red flag — produced 1,533 units more than ordered. Investigate planning breakdown.",Ops accepted Sales forecast in full. No capacity gap at plan stage.,17586.82,,1417.0,1417.0,,,,,20270.0,,1000.0,,20270.0
TB 14 60,TX M05 B05 60 FL,Regular,800.0,800.0,,800.0,,100%,520.0,,,,520.0,MTO,,0.0%,520.0,,520.0,800.0,520.0,,,280.0,,,,Short Delivery | Forecast Bullseye,Dispatch 0% of committed (0 vs 800). MTO item — demand is order-driven. Forecast hit dead-on (0% variance) — strong demand sensing. Action: recover shortfall of 800 units.,Production Shortfall,Produced 0 units against committed 800 units. Shortfall of 280 units — expedite production or procure.,Ops accepted Sales forecast in full. No capacity gap at plan stage.,,,280.0,,,,,,,,,,
TB-14mm,TX M05 B05 64 FG3,Regular,200.0,200.0,,200.0,,100%,171.0,300.0,,,471.0,MTO,100.0,50.0%,371.0,,371.0,100.0,100.0,,,,271.0,,,Short Delivery | Forecast Bullseye,Dispatch 50% of committed (100 vs 200). MTO item — demand is order-driven. Forecast hit dead-on (0% variance) — strong demand sensing. Action: recover shortfall of 100 units.,Over-Production,Produced 300 units against committed 200 units. Red flag — produced 271 units more than ordered. Investigate planning breakdown.,Ops accepted Sales forecast in full. No capacity gap at plan stage.,3176.47,,29.0,29.0,,2027.0,,,,,,,
TB-14mm,TX M05 B05 72 FL,Regular,20100.0,20100.0,,20100.0,,100%,4489.0,8882.0,,,13371.0,MTS,12450.0,61.9%,921.0,11420.0,,7650.0,921.0,,,6729.0,,,,Short Delivery | Forecast Bullseye,"Dispatch 62% of committed (12,450 vs 20,100). MTS item — buffer stock + green level matters. Forecast hit dead-on (0% variance) — strong demand sensing. Action: recover shortfall of 7,650 units.",Production Shortfall | Stock-Out Risk,"Produced 8,882 units against committed 20,100 units. Shortfall of 6,729 units — expedite production or procure. Closing 921 units. Green level 11,420 (0.1x cover) — ⚠ Safety breach — replenish urgently.",Ops accepted Sales forecast in full. No capacity gap at plan stage.,,,27031.0,8882.0,136396.83,18668.67,,,,,,,
TB 14 60,TX M05 B05 72 FL1,Regular,1200.0,1200.0,,1200.0,,100%,,,,,,MTO,,0.0%,0.0,,,1200.0,,,,1200.0,,,,Short Delivery | Forecast Bullseye,"Dispatch 0% of committed (0 vs 1,200). MTO item — demand is order-driven. Forecast hit dead-on (0% variance) — strong demand sensing. Action: recover shortfall of 1,200 units.",Production Shortfall,"Produced 0 units against committed 1,200 units. Shortfall of 1,200 units — expedite production or procure.",Ops accepted Sales forecast in full. No capacity gap at plan stage.,,,1200.0,,,,,,,,,,
TB-14mm,TX M05 B05 78 FG1,Regular,800.0,800.0,,800.0,,100%,648.0,575.0,,,1223.0,MTO,200.0,25.0%,1023.0,,1023.0,600.0,600.0,,,,423.0,,,Short Delivery | Forecast Bullseye,Dispatch 25% of committed (200 vs 800). MTO item — demand is order-driven. Forecast hit dead-on (0% variance) — strong demand sensing. Action: recover shortfall of 600 units.,Over-Production,Produced 575 units against committed 800 units. Red flag — produced 423 units more than ordered. Investigate planning breakdown.,Ops accepted Sales forecast in full. No capacity gap at plan stage.,5121.65,,152.0,152.0,,12162.0,,,,,,,
TB 14 60,TX M05 B05 78 ML,Regular,,,,,,,6881.0,,,,6881.0,MTO,,,6881.0,,6881.0,,,,,,,6881.0,,Forecast Bullseye,Dispatch 0 units (no committed demand). MTO item — demand is order-driven. Forecast hit dead-on (0% variance) — strong demand sensing. No open commitment gap.,Unsold MTO Stock,Produced 0 units against committed 0 units.,Ops accepted Sales forecast in full. No capacity gap at plan stage.,,87626.23,,,,,,,,,,,
TB-19mm TX,TX M05 B06 100 FG,Regular,200.0,200.0,,200.0,,100%,435.0,225.0,,,660.0,MTO,400.0,200.0%,260.0,,260.0,,,,,,225.0,235.0,200.0,Over-Delivered | Forecast Bullseye,Dispatch 200% of committed (400 vs 200). MTO item — demand is order-driven. Forecast hit dead-on (0% variance) — strong demand sensing. Action: review over-commit of 200 units.,Over-Production,Produced 225 units against committed 200 units. Red flag — produced 225 units more than ordered. Investigate planning breakdown.,Ops accepted Sales forecast in full. No capacity gap at plan stage.,5230.24,5462.69,,,,,,,5826.0,200.0,,5826.0,
TB 74,TX M05 B06 100 OEM,Regular,,,,,,,59.0,,,,59.0,MTO,,,59.0,,59.0,,,,,,,59.0,,Forecast Bullseye,Dispatch 0 units (no committed demand). MTO item — demand is order-driven. Forecast hit dead-on (0% variance) — strong demand sensing. No open commitment gap.,Unsold MTO Stock,Produced 0 units against committed 0 units.,Ops accepted Sales forecast in full. No capacity gap at plan stage.,,1298.28,,,,,,,,,,,
TB-19mm TX,TX M05 B06 100 WH,Regular,800.0,800.0,,800.0,,100%,,,,,,MTS,800.0,100.0%,-800.0,240.0,,,,,,,,,,On Target | Forecast Bullseye,Dispatch 100% of committed (800 vs 800). MTS item — buffer stock + green level matters. Forecast hit dead-on (0% variance) — strong demand sensing. No open commitment gap.,Production Shortfall | Stock-Out Risk,Produced 0 units against committed 800 units. Shortfall of 800 units — expedite production or procure. Closing -800 units. Green level 240 (-3.3x cover) — ⚠ Safety breach — replenish urgently.,Ops accepted Sales forecast in full. No capacity gap at plan stage.,,,1040.0,,,,,,,,,,
TB 74,TX M05 B06 100 WH1,Regular,400.0,400.0,,400.0,,100%,,,,,,MTO,,0.0%,0,,,400.0,,,,400.0,,,,Short Delivery | Forecast Bullseye,Dispatch 0% of committed (0 vs 400). MTO item — demand is order-driven. Forecast hit dead-on (0% variance) — strong demand sensing. Action: recover shortfall of 400 units.,Production Shortfall,Produced 0 units against committed 400 units. Shortfall of 400 units — expedite production or procure.,Ops accepted Sales forecast in full. No capacity gap at plan stage.,,,400.0,,,,,,,,,,
TB-19mm TX,TX M05 B06 102 OEM,Regular,,,,,,,118.0,,,,118.0,MTO,100.0,,18.0,,18.0,,,,,,,118.0,100.0,Forecast Bullseye,Dispatch 100 units (no committed demand). MTO item — demand is order-driven. Forecast hit dead-on (0% variance) — strong demand sensing. Action: review over-commit of 100 units.,Unsold MTO Stock,Produced 0 units against committed 0 units.,Ops accepted Sales forecast in full. No capacity gap at plan stage.,,2261.57,,,,,,,2913.0,100.0,,2913.0,
TB 74,TX M05 B06 102 W/J,Regular,,,,,,,50.0,,,,50.0,MTO,,,50.0,,50.0,,,,,,,50.0,,Forecast Bullseye,Dispatch 0 units (no committed demand). MTO item — demand is order-driven. Forecast hit dead-on (0% variance) — strong demand sensing. No open commitment gap.,Unsold MTO Stock,Produced 0 units against committed 0 units.,Ops accepted Sales forecast in full. No capacity gap at plan stage.,,1005.09,,,,,,,,,,,
TB-19mm TX,TX M05 B06 102 WH,Regular,1200.0,1200.0,,1200.0,,100%,,2000.0,1800.0,1800.0,2000.0,MTO,1400.0,116.7%,600.0,,600.0,,,,,,800.0,,200.0,Over-Delivered | Forecast Bullseye,"Dispatch 117% of committed (1,400 vs 1,200). MTO item — demand is order-driven. Forecast hit dead-on (0% variance) — strong demand sensing. Action: review over-commit of 200 units.",Over-Production,"Produced 2,000 units against committed 1,200 units. Red flag — produced 800 units more than ordered. Investigate planning breakdown.",Ops accepted Sales forecast in full. No capacity gap at plan stage.,,,1200.0,1200.0,,,,,5826.0,,200.0,,5826.0
TB-19mm TX,TX M05 B06 104 FL2,Regular,,,,,,,,,,,,MTO,100.0,,-100.0,,,,,,,,,,100.0,Forecast Bullseye,Dispatch 100 units (no committed demand). MTO item — demand is order-driven. Forecast hit dead-on (0% variance) — strong demand sensing. Action: review over-commit of 100 units.,Healthy Stock,Produced 0 units against committed 0 units.,Ops accepted Sales forecast in full. No capacity gap at plan stage.,,,,,,,,,2913.0,,100.0,,2913.0
TB-19mm TX,TX M05 B06 104 FL3,Regular,3800.0,3800.0,,3800.0,,100%,8888.0,7575.0,,,16463.0,MTS,8000.0,210.5%,8463.0,1530.0,6933.0,,,,,,7575.0,3558.0,4200.0,Over-Delivered | Forecast Bullseye,"Dispatch 211% of committed (8,000 vs 3,800). MTS item — buffer stock + green level matters. Forecast hit dead-on (0% variance) — strong demand sensing. Action: review over-commit of 4,200 units.",Excess Inventory,"Produced 7,575 units against committed 3,800 units. Excess build-up of 7,575 units — throttle production.",Ops accepted Sales forecast in full. No capacity gap at plan stage.,140407.02,65949.59,,,,,,,122346.0,4200.0,,122346.0,
TB-19mm TX,TX M05 B06 104 OEM,Regular,4200.0,4200.0,,4200.0,,100%,3459.0,2000.0,,,5459.0,MTO,1100.0,26.2%,4359.0,,4359.0,3100.0,3100.0,,,,1259.0,,,Short Delivery | Forecast Bullseye,"Dispatch 26% of committed (1,100 vs 4,200). MTO item — demand is order-driven. Forecast hit dead-on (0% variance) — strong demand sensing. Action: recover shortfall of 3,100 units.",Over-Production,"Produced 2,000 units against committed 4,200 units. Red flag — produced 1,259 units more than ordered. Investigate planning breakdown.",Ops accepted Sales forecast in full. No capacity gap at plan stage.,24867.69,,741.0,741.0,,90303.0,,,,,,,
TB-19mm TX,TX M05 B06 104 WH,Regular,600.0,600.0,,600.0,,100%,,1475.0,1400.0,1400.0,1475.0,MTO,1400.0,233.3%,75.0,,75.0,,,,,,875.0,,800.0,Over-Delivered | Forecast Bullseye,"Dispatch 233% of committed (1,400 vs 600). MTO item — demand is order-driven. Forecast hit dead-on (0% variance) — strong demand sensing. Action: review over-commit of 800 units.",Over-Production,"Produced 1,475 units against committed 600 units. Red flag — produced 875 units more than ordered. Investigate planning breakdown.",Ops accepted Sales forecast in full. No capacity gap at plan stage.,,,600.0,600.0,,,,,23304.0,,800.0,,23304.0
TB-19mm TX,TX M05 B06 106 FG,Regular,4600.0,4600.0,,4600.0,,100%,2021.0,12000.0,,,14021.0,MTS,12600.0,273.9%,1421.0,740.0,681.0,,,,,,8681.0,,8000.0,Over-Delivered | Forecast Bullseye,"Dispatch 274% of committed (12,600 vs 4,600). MTS item — buffer stock + green level matters. Forecast hit dead-on (0% variance) — strong demand sensing. Action: review over-commit of 8,000 units.",Excess Inventory,"Produced 12,000 units against committed 4,600 units. Excess build-up of 8,681 units — throttle production.",Ops accepted Sales forecast in full. No capacity gap at plan stage.,172196.06,,3319.0,3319.0,,,,,233040.0,,8000.0,,233040.0
TB-19mm TX,TX M05 B06 106 FG1,Regular,7600.0,7600.0,,7600.0,,100%,10027.0,3500.0,,,13527.0,MTS,6200.0,81.6%,7327.0,254.0,7073.0,1400.0,1400.0,,,,3500.0,2173.0,,Short Delivery | Forecast Bullseye,"Dispatch 82% of committed (6,200 vs 7,600). MTS item — buffer stock + green level matters. Forecast hit dead-on (0% variance) — strong demand sensing. Action: recover shortfall of 1,400 units.",Production Surplus,"Produced 3,500 units against committed 7,600 units.",Ops accepted Sales forecast in full. No capacity gap at plan stage.,71315.58,44276.79,,,,40782.0,,,,,,,
TB 74,TX M05 B06 106 FG2,Regular,,,,,,,17.0,,,,17.0,MTO,,,17.0,,17.0,,,,,,,17.0,,Forecast Bullseye,Dispatch 0 units (no committed demand). MTO item — demand is order-driven. Forecast hit dead-on (0% variance) — strong demand sensing. No open commitment gap.,Unsold MTO Stock,Produced 0 units against committed 0 units.,Ops accepted Sales forecast in full. No capacity gap at plan stage.,,371.56,,,,,,,,,,,
TB 74,TX M05 B06 106 FG3,Regular,800.0,800.0,,800.0,,100%,29.0,,,,29.0,MTO,,0.0%,29.0,,29.0,800.0,29.0,,,771.0,,,,Short Delivery | Forecast Bullseye,Dispatch 0% of committed (0 vs 800). MTO item — demand is order-driven. Forecast hit dead-on (0% variance) — strong demand sensing. Action: recover shortfall of 800 units.,Production Shortfall,Produced 0 units against committed 800 units. Shortfall of 771 units — expedite production or procure.,Ops accepted Sales forecast in full. No capacity gap at plan stage.,,,771.0,,,,,,,,,,
TB 74,TX M05 B06 106 FG4,Regular,,,,,,,12.0,,,,12.0,MTO,,,12.0,,12.0,,,,,,,12.0,,Forecast Bullseye,Dispatch 0 units (no committed demand). MTO item — demand is order-driven. Forecast hit dead-on (0% variance) — strong demand sensing. No open commitment gap.,Unsold MTO Stock,Produced 0 units against committed 0 units.,Ops accepted Sales forecast in full. No capacity gap at plan stage.,,215.53,,,,,,,,,,,
TB 74,TX M05 B06 106 FL1,Regular,200.0,200.0,,200.0,,100%,136.0,,,,136.0,MTO,,0.0%,136.0,,136.0,200.0,136.0,,,64.0,,,,Short Delivery | Forecast Bullseye,Dispatch 0% of committed (0 vs 200). MTO item — demand is order-driven. Forecast hit dead-on (0% variance) — strong demand sensing. Action: recover shortfall of 200 units.,Production Shortfall,Produced 0 units against committed 200 units. Shortfall of 64 units — expedite production or procure.,Ops accepted Sales forecast in full. No capacity gap at plan stage.,,,64.0,,,,,,,,,,
TB 74,TX M05 B06 106 FL2,Regular,,,,,,,25.0,,,,25.0,MTO,,,25.0,,25.0,,,,,,,25.0,,Forecast Bullseye,Dispatch 0 units (no committed demand). MTO item — demand is order-driven. Forecast hit dead-on (0% variance) — strong demand sensing. No open commitment gap.,Unsold MTO Stock,Produced 0 units against committed 0 units.,Ops accepted Sales forecast in full. No capacity gap at plan stage.,,451.62,,,,,,,,,,,
TB 74,TX M05 B06 106 FL22,Regular,,,,,,,2.0,,,,2.0,MTO,,,2.0,,2.0,,,,,,,2.0,,Forecast Bullseye,Dispatch 0 units (no committed demand). MTO item — demand is order-driven. Forecast hit dead-on (0% variance) — strong demand sensing. No open commitment gap.,Unsold MTO Stock,Produced 0 units against committed 0 units.,Ops accepted Sales forecast in full. No capacity gap at plan stage.,,39.15,,,,,,,,,,,
TB 74,TX M05 B06 106 MH,Regular,300.0,300.0,,300.0,,100%,1447.0,,,,1447.0,MTO,,0.0%,1447.0,,1447.0,300.0,300.0,,,,,1147.0,,Short Delivery | Forecast Bullseye,Dispatch 0% of committed (0 vs 300). MTO item — demand is order-driven. Forecast hit dead-on (0% variance) — strong demand sensing. Action: recover shortfall of 300 units.,Healthy Stock,Produced 0 units against committed 300 units.,Ops accepted Sales forecast in full. No capacity gap at plan stage.,,21305.65,,,,,,,,,,,
TB-19mm TX,TX M05 B06 106 OEM,Regular,4600.0,4600.0,,4600.0,,100%,5647.0,,,,5647.0,MTO,1200.0,26.1%,4447.0,,4447.0,3400.0,3400.0,,,,,1047.0,,Short Delivery | Forecast Bullseye,"Dispatch 26% of committed (1,200 vs 4,600). MTO item — demand is order-driven. Forecast hit dead-on (0% variance) — strong demand sensing. Action: recover shortfall of 3,400 units.",Healthy Stock,"Produced 0 units against committed 4,600 units.",Ops accepted Sales forecast in full. No capacity gap at plan stage.,,21893.67,,,,99042.0,,,,,,,
TB-19mm TX,TX M05 B06 106 WH,Regular,,,,,,,,525.0,400.0,400.0,525.0,MTO,600.0,,-75.0,,,,,,,,525.0,,600.0,Forecast Bullseye,Dispatch 600 units (no committed demand). MTO item — demand is order-driven. Forecast hit dead-on (0% variance) — strong demand sensing. Action: review over-commit of 600 units.,Over-Production,Produced 525 units against committed 0 units. Red flag — produced 525 units more than ordered. Investigate planning breakdown.,Ops accepted Sales forecast in full. No capacity gap at plan stage.,,,,,,,,,17478.0,,600.0,,17478.0
TB 74,TX M05 B06 108 AL,Regular,,,,,,,1966.0,,,,1966.0,MTO,,,1966.0,,1966.0,,,,,,,1966.0,,Forecast Bullseye,Dispatch 0 units (no committed demand). MTO item — demand is order-driven. Forecast hit dead-on (0% variance) — strong demand sensing. No open commitment gap.,Unsold MTO Stock,Produced 0 units against committed 0 units.,Ops accepted Sales forecast in full. No capacity gap at plan stage.,,39398.64,,,,,,,,,,,
TB-19mm TX,TX M05 B06 108 FG,Regular,1100.0,1100.0,,1100.0,,100%,31.0,425.0,,,456.0,MTO,450.0,40.9%,6.0,,6.0,650.0,6.0,,,644.0,,,,Short Delivery | Forecast Bullseye,"Dispatch 41% of committed (450 vs 1,100). MTO item — demand is order-driven. Forecast hit dead-on (0% variance) — strong demand sensing. Action: recover shortfall of 650 units.",Production Shortfall,"Produced 425 units against committed 1,100 units. Shortfall of 644 units — expedite production or procure.",Ops accepted Sales forecast in full. No capacity gap at plan stage.,,,1069.0,425.0,18759.72,174.78,,,,,,,
TB 74,TX M05 B06 108 FG1,Regular,,,,,,,100.0,,,,100.0,MTO,,,100.0,,100.0,,,,,,,100.0,,Forecast Bullseye,Dispatch 0 units (no committed demand). MTO item — demand is order-driven. Forecast hit dead-on (0% variance) — strong demand sensing. No open commitment gap.,Unsold MTO Stock,Produced 0 units against committed 0 units.,Ops accepted Sales forecast in full. No capacity gap at plan stage.,,1993.46,,,,,,,,,,,
TB-19mm TX,TX M05 B06 108 FG2,Regular,200.0,200.0,,200.0,,100%,24.0,100.0,,,124.0,MTO,100.0,50.0%,24.0,,24.0,100.0,24.0,,,76.0,,,,Short Delivery | Forecast Bullseye,Dispatch 50% of committed (100 vs 200). MTO item — demand is order-driven. Forecast hit dead-on (0% variance) — strong demand sensing. Action: recover shortfall of 100 units.,Production Shortfall,Produced 100 units against committed 200 units. Shortfall of 76 units — expedite production or procure.,Ops accepted Sales forecast in full. No capacity gap at plan stage.,,,176.0,100.0,2213.88,699.12,,,,,,,
TB-19mm TX,TX M05 B06 108 O,Regular,100.0,100.0,,100.0,,100%,40.0,,300.0,,340.0,MTO,300.0,300.0%,40.0,,40.0,,,,,,,,200.0,Over-Delivered | Forecast Bullseye,Dispatch 300% of committed (300 vs 100). MTO item — demand is order-driven. Forecast hit dead-on (0% variance) — strong demand sensing. Action: review over-commit of 200 units.,Unsold MTO Stock,Produced 0 units against committed 100 units.,Ops accepted Sales forecast in full. No capacity gap at plan stage.,,,60.0,,,,,,5826.0,,200.0,,5826.0
TB-19mm TX,TX M05 B06 108 OEM,Regular,,,,,,,1109.0,,300.0,600.0,809.0,MTO,,,809.0,,809.0,,,,,,,1109.0,,Forecast Bullseye,Dispatch 0 units (no committed demand). MTO item — demand is order-driven. Forecast hit dead-on (0% variance) — strong demand sensing. No open commitment gap.,Unsold MTO Stock,Produced 0 units against committed 0 units.,Ops accepted Sales forecast in full. No capacity gap at plan stage.,,21969.08,,,,,,,,,,,
TB-19mm TX,TX M05 B06 108 WH,Regular,1000.0,1000.0,,1000.0,,100%,,,,,,MTO,800.0,80.0%,-800.0,,,200.0,,,,200.0,,,,Short Delivery | Forecast Bullseye,"Dispatch 80% of committed (800 vs 1,000). MTO item — demand is order-driven. Forecast hit dead-on (0% variance) — strong demand sensing. Action: recover shortfall of 200 units.",Production Shortfall,"Produced 0 units against committed 1,000 units. Shortfall of 1,000 units — expedite production or procure.",Ops accepted Sales forecast in full. No capacity gap at plan stage.,,,1000.0,,5826.0,,,,,,,,
TB 74,TX M05 B06 110 FL1,Regular,200.0,200.0,,200.0,,100%,22.0,,,,22.0,MTO,,0.0%,22.0,,22.0,200.0,22.0,,,178.0,,,,Short Delivery | Forecast Bullseye,Dispatch 0% of committed (0 vs 200). MTO item — demand is order-driven. Forecast hit dead-on (0% variance) — strong demand sensing. Action: recover shortfall of 200 units.,Production Shortfall,Produced 0 units against committed 200 units. Shortfall of 178 units — expedite production or procure.,Ops accepted Sales forecast in full. No capacity gap at plan stage.,,,178.0,,,,,,,,,,
TB-19mm TX,TX M05 B06 110 WH,Regular,,,,,,,,,,,,MTS,600.0,,-600.0,230.0,,,,,,,,,600.0,Forecast Bullseye,Dispatch 600 units (no committed demand). MTS item — buffer stock + green level matters. Forecast hit dead-on (0% variance) — strong demand sensing. Action: review over-commit of 600 units.,Stock-Out Risk,Produced 0 units against committed 0 units. Closing -600 units. Green level 230 (-2.6x cover) — ⚠ Safety breach — replenish urgently.,Ops accepted Sales forecast in full. No capacity gap at plan stage.,,,230.0,,,,,,17478.0,,600.0,,17478.0
TB-19mm TX,TX M05 B06 112 FG,Regular,3700.0,3700.0,,3700.0,,100%,300.0,2050.0,,,2350.0,MTO,3000.0,81.1%,-650.0,,,700.0,,,,700.0,,,,Short Delivery | Forecast Bullseye,"Dispatch 81% of committed (3,000 vs 3,700). MTO item — demand is order-driven. Forecast hit dead-on (0% variance) — strong demand sensing. Action: recover shortfall of 700 units.",Production Shortfall,"Produced 2,050 units against committed 3,700 units. Shortfall of 1,350 units — expedite production or procure.",Ops accepted Sales forecast in full. No capacity gap at plan stage.,,,3400.0,2050.0,20391.0,,,,,,,,
TB 74,TX M05 B06 112 FG4,Regular,,,,,,,10.0,,,,10.0,MTO,,,10.0,,10.0,,,,,,,10.0,,Forecast Bullseye,Dispatch 0 units (no committed demand). MTO item — demand is order-driven. Forecast hit dead-on (0% variance) — strong demand sensing. No open commitment gap.,Unsold MTO Stock,Produced 0 units against committed 0 units.,Ops accepted Sales forecast in full. No capacity gap at plan stage.,,205.8,,,,,,,,,,,
TB-19mm TX,TX M05 B06 112 OEM,Regular,800.0,800.0,,800.0,,100%,7492.0,,,,7492.0,MTO,2000.0,250.0%,5492.0,,5492.0,,,,,,,6692.0,1200.0,Over-Delivered | Forecast Bullseye,"Dispatch 250% of committed (2,000 vs 800). MTO item — demand is order-driven. Forecast hit dead-on (0% variance) — strong demand sensing. Action: review over-commit of 1,200 units.",Unsold MTO Stock,Produced 0 units against committed 800 units.,Ops accepted Sales forecast in full. No capacity gap at plan stage.,,126024.48,,,,,,,34956.0,1200.0,,34956.0,
TB-19mm TX,TX M05 B06 112 WH,Regular,3000.0,3000.0,,3000.0,,100%,,,200.0,200.0,,MTS,200.0,6.7%,-200.0,870.0,,2800.0,,,,2800.0,,,,Short Delivery | Forecast Bullseye,"Dispatch 7% of committed (200 vs 3,000). MTS item — buffer stock + green level matters. Forecast hit dead-on (0% variance) — strong demand sensing. Action: recover shortfall of 2,800 units.",Production Shortfall | Stock-Out Risk,"Produced 0 units against committed 3,000 units. Shortfall of 3,000 units — expedite production or procure. Closing -200 units. Green level 870 (-0.2x cover) — ⚠ Safety breach — replenish urgently.",Ops accepted Sales forecast in full. No capacity gap at plan stage.,,,3870.0,,81564.0,,,,,,,,
TB-19mm TX,TX M05 B06 114 (TX),Regular,,,,,,,822.0,,,,822.0,MTO,400.0,,422.0,,422.0,,,,,,,822.0,400.0,Forecast Bullseye,Dispatch 400 units (no committed demand). MTO item — demand is order-driven. Forecast hit dead-on (0% variance) — strong demand sensing. Action: review over-commit of 400 units.,Unsold MTO Stock,Produced 0 units against committed 0 units.,Ops accepted Sales forecast in full. No capacity gap at plan stage.,,15582.02,,,,,,,11652.0,400.0,,11652.0,
TB 74,TX M05 B06 114 OEM,Regular,700.0,700.0,,700.0,,100%,126.0,,,,126.0,MTO,,0.0%,126.0,,126.0,700.0,126.0,,,574.0,,,,Short Delivery | Forecast Bullseye,Dispatch 0% of committed (0 vs 700). MTO item — demand is order-driven. Forecast hit dead-on (0% variance) — strong demand sensing. Action: recover shortfall of 700 units.,Production Shortfall,Produced 0 units against committed 700 units. Shortfall of 574 units — expedite production or procure.,Ops accepted Sales forecast in full. No capacity gap at plan stage.,,,574.0,,,,,,,,,,
TB-19mm TX,TX M05 B06 114 WH,Regular,2000.0,2000.0,,2000.0,,100%,,,,,,MTO,1600.0,80.0%,-1600.0,,,400.0,,,,400.0,,,,Short Delivery | Forecast Bullseye,"Dispatch 80% of committed (1,600 vs 2,000). MTO item — demand is order-driven. Forecast hit dead-on (0% variance) — strong demand sensing. Action: recover shortfall of 400 units.",Production Shortfall,"Produced 0 units against committed 2,000 units. Shortfall of 2,000 units — expedite production or procure.",Ops accepted Sales forecast in full. No capacity gap at plan stage.,,,2000.0,,11652.0,,,,,,,,
TB 74,TX M05 B06 116 FL,Regular,,,,,,,32.0,,,,32.0,MTO,,,32.0,,32.0,,,,,,,32.0,,Forecast Bullseye,Dispatch 0 units (no committed demand). MTO item — demand is order-driven. Forecast hit dead-on (0% variance) — strong demand sensing. No open commitment gap.,Unsold MTO Stock,Produced 0 units against committed 0 units.,Ops accepted Sales forecast in full. No capacity gap at plan stage.,,654.63,,,,,,,,,,,
TB 74,TX M05 B06 118 OEM,Regular,1200.0,1200.0,,1200.0,,100%,,,,,,MTO,,0.0%,0,,,1200.0,,,,1200.0,,,,Short Delivery | Forecast Bullseye,"Dispatch 0% of committed (0 vs 1,200). MTO item — demand is order-driven. Forecast hit dead-on (0% variance) — strong demand sensing. Action: recover shortfall of 1,200 units.",Production Shortfall,"Produced 0 units against committed 1,200 units. Shortfall of 1,200 units — expedite production or procure.",Ops accepted Sales forecast in full. No capacity gap at plan stage.,,,1200.0,,,,,,,,,,
TB-19mm TX,TX M05 B06 118 WH,Regular,,,,,,,,525.0,600.0,600.0,525.0,MTO,800.0,,-275.0,,,,,,,,525.0,,800.0,Forecast Bullseye,Dispatch 800 units (no committed demand). MTO item — demand is order-driven. Forecast hit dead-on (0% variance) — strong demand sensing. Action: review over-commit of 800 units.,Over-Production,Produced 525 units against committed 0 units. Red flag — produced 525 units more than ordered. Investigate planning breakdown.,Ops accepted Sales forecast in full. No capacity gap at plan stage.,,,,,,,,,23304.0,,800.0,,23304.0
TB 74,TX M05 B06 120 FG,Regular,200.0,200.0,,200.0,,100%,19.0,,,,19.0,MTO,,0.0%,19.0,,19.0,200.0,19.0,,,181.0,,,,Short Delivery | Forecast Bullseye,Dispatch 0% of committed (0 vs 200). MTO item — demand is order-driven. Forecast hit dead-on (0% variance) — strong demand sensing. Action: recover shortfall of 200 units.,Production Shortfall,Produced 0 units against committed 200 units. Shortfall of 181 units — expedite production or procure.,Ops accepted Sales forecast in full. No capacity gap at plan stage.,,,181.0,,,,,,,,,,
TB-19mm TX,TX M05 B06 120 FG1,Regular,800.0,800.0,,800.0,,100%,18.0,,,,18.0,MTO,50.0,6.2%,-32.0,,,750.0,,,,750.0,,,,Short Delivery | Forecast Bullseye,Dispatch 6% of committed (50 vs 800). MTO item — demand is order-driven. Forecast hit dead-on (0% variance) — strong demand sensing. Action: recover shortfall of 750 units.,Production Shortfall,Produced 0 units against committed 800 units. Shortfall of 782 units — expedite production or procure.,Ops accepted Sales forecast in full. No capacity gap at plan stage.,,,782.0,,21847.5,,,,,,,,
TB-19mm TX,TX M05 B06 120 FG3,Regular,1100.0,1100.0,,1100.0,,100%,81.0,1000.0,,,1081.0,MTO,,0.0%,1081.0,,1081.0,1100.0,1081.0,,,19.0,,,,Short Delivery | Forecast Bullseye,"Dispatch 0% of committed (0 vs 1,100). MTO item — demand is order-driven. Forecast hit dead-on (0% variance) — strong demand sensing. Action: recover shortfall of 1,100 units.",Production Shortfall,"Produced 1,000 units against committed 1,100 units. Shortfall of 19 units — expedite production or procure.",Ops accepted Sales forecast in full. No capacity gap at plan stage.,,,1019.0,1000.0,553.47,31489.53,,,,,,,
TB 74,TX M05 B06 120 FG4,Regular,600.0,600.0,,600.0,,100%,11.0,,,,11.0,MTO,,0.0%,11.0,,11.0,600.0,11.0,,,589.0,,,,Short Delivery | Forecast Bullseye,Dispatch 0% of committed (0 vs 600). MTO item — demand is order-driven. Forecast hit dead-on (0% variance) — strong demand sensing. Action: recover shortfall of 600 units.,Production Shortfall,Produced 0 units against committed 600 units. Shortfall of 589 units — expedite production or procure.,Ops accepted Sales forecast in full. No capacity gap at plan stage.,,,589.0,,,,,,,,,,
TB 74,TX M05 B06 120 FG7,Regular,400.0,400.0,,400.0,,100%,10.0,,,,10.0,MTO,,0.0%,10.0,,10.0,400.0,10.0,,,390.0,,,,Short Delivery | Forecast Bullseye,Dispatch 0% of committed (0 vs 400). MTO item — demand is order-driven. Forecast hit dead-on (0% variance) — strong demand sensing. Action: recover shortfall of 400 units.,Production Shortfall,Produced 0 units against committed 400 units. Shortfall of 390 units — expedite production or procure.,Ops accepted Sales forecast in full. No capacity gap at plan stage.,,,390.0,,,,,,,,,,
TB 74,TX M05 B06 120 FG9,Regular,3400.0,3400.0,,3400.0,,100%,2458.0,,,,2458.0,MTO,,0.0%,2458.0,,2458.0,3400.0,2458.0,,,942.0,,,,Short Delivery | Forecast Bullseye,"Dispatch 0% of committed (0 vs 3,400). MTO item — demand is order-driven. Forecast hit dead-on (0% variance) — strong demand sensing. Action: recover shortfall of 3,400 units.",Production Shortfall,"Produced 0 units against committed 3,400 units. Shortfall of 942 units — expedite production or procure.",Ops accepted Sales forecast in full. No capacity gap at plan stage.,,,942.0,,,,,,,,,,
TB 74,TX M05 B06 120 FL3,Regular,100.0,100.0,,100.0,,100%,59.0,,,,59.0,MTO,,0.0%,59.0,,59.0,100.0,59.0,,,41.0,,,,Short Delivery | Forecast Bullseye,Dispatch 0% of committed (0 vs 100). MTO item — demand is order-driven. Forecast hit dead-on (0% variance) — strong demand sensing. Action: recover shortfall of 100 units.,Production Shortfall,Produced 0 units against committed 100 units. Shortfall of 41 units — expedite production or procure.,Ops accepted Sales forecast in full. No capacity gap at plan stage.,,,41.0,,,,,,,,,,
TB 74,TX M05 B06 120 FL5,Regular,800.0,800.0,,800.0,,100%,452.0,,,,452.0,MTO,,0.0%,452.0,,452.0,800.0,452.0,,,348.0,,,,Short Delivery | Forecast Bullseye,Dispatch 0% of committed (0 vs 800). MTO item — demand is order-driven. Forecast hit dead-on (0% variance) — strong demand sensing. Action: recover shortfall of 800 units.,Production Shortfall,Produced 0 units against committed 800 units. Shortfall of 348 units — expedite production or procure.,Ops accepted Sales forecast in full. No capacity gap at plan stage.,,,348.0,,,,,,,,,,
TB-19mm TX,TX M05 B06 120 OEM,Regular,100.0,100.0,,100.0,,100%,479.0,,,,479.0,MTO,300.0,300.0%,179.0,,179.0,,,,,,,379.0,200.0,Over-Delivered | Forecast Bullseye,Dispatch 300% of committed (300 vs 100). MTO item — demand is order-driven. Forecast hit dead-on (0% variance) — strong demand sensing. Action: review over-commit of 200 units.,Unsold MTO Stock,Produced 0 units against committed 100 units.,Ops accepted Sales forecast in full. No capacity gap at plan stage.,,7321.06,,,,,,,5826.0,200.0,,5826.0,
TB-19mm TX,TX M05 B06 120 WH,Regular,,,,,,,,400.0,,,400.0,MTS,600.0,,-200.0,300.0,,,,,,,100.0,,600.0,Forecast Bullseye,Dispatch 600 units (no committed demand). MTS item — buffer stock + green level matters. Forecast hit dead-on (0% variance) — strong demand sensing. Action: review over-commit of 600 units.,Stock-Out Risk | Production Surplus,Produced 400 units against committed 0 units. Closing -200 units. Green level 300 (-0.7x cover) — ⚠ Safety breach — replenish urgently.,Ops accepted Sales forecast in full. No capacity gap at plan stage.,,,300.0,300.0,,,,,17478.0,,600.0,,17478.0
TB 74,TX M05 B06 122 FG,Regular,,,,,,,50.0,,,,50.0,MTO,,,50.0,,50.0,,,,,,,50.0,,Forecast Bullseye,Dispatch 0 units (no committed demand). MTO item — demand is order-driven. Forecast hit dead-on (0% variance) — strong demand sensing. No open commitment gap.,Unsold MTO Stock,Produced 0 units against committed 0 units.,Ops accepted Sales forecast in full. No capacity gap at plan stage.,,953.92,,,,,,,,,,,
TB 74,TX M05 B06 122 OEM,Regular,,,,,,,771.0,,,,771.0,MTO,,,771.0,,771.0,,,,,,,771.0,,Forecast Bullseye,Dispatch 0 units (no committed demand). MTO item — demand is order-driven. Forecast hit dead-on (0% variance) — strong demand sensing. No open commitment gap.,Unsold MTO Stock,Produced 0 units against committed 0 units.,Ops accepted Sales forecast in full. No capacity gap at plan stage.,,15272.42,,,,,,,,,,,
TB-19mm TX,TX M05 B06 122 WH,Regular,1000.0,1000.0,,1000.0,,100%,,,,,,MTO,200.0,20.0%,-200.0,,,800.0,,,,800.0,,,,Short Delivery | Forecast Bullseye,"Dispatch 20% of committed (200 vs 1,000). MTO item — demand is order-driven. Forecast hit dead-on (0% variance) — strong demand sensing. Action: recover shortfall of 800 units.",Production Shortfall,"Produced 0 units against committed 1,000 units. Shortfall of 1,000 units — expedite production or procure.",Ops accepted Sales forecast in full. No capacity gap at plan stage.,,,1000.0,,23304.0,,,,,,,,
TB 74,TX M05 B06 124 FL,Regular,200.0,200.0,,200.0,,100%,25.0,,,,25.0,MTO,,0.0%,25.0,,25.0,200.0,25.0,,,175.0,,,,Short Delivery | Forecast Bullseye,Dispatch 0% of committed (0 vs 200). MTO item — demand is order-driven. Forecast hit dead-on (0% variance) — strong demand sensing. Action: recover shortfall of 200 units.,Production Shortfall,Produced 0 units against committed 200 units. Shortfall of 175 units — expedite production or procure.,Ops accepted Sales forecast in full. No capacity gap at plan stage.,,,175.0,,,,,,,,,,
TB 74,TX M05 B06 124 OEM,Regular,800.0,800.0,,800.0,,100%,266.0,,,,266.0,MTO,,0.0%,266.0,,266.0,800.0,266.0,,,534.0,,,,Short Delivery | Forecast Bullseye,Dispatch 0% of committed (0 vs 800). MTO item — demand is order-driven. Forecast hit dead-on (0% variance) — strong demand sensing. Action: recover shortfall of 800 units.,Production Shortfall,Produced 0 units against committed 800 units. Shortfall of 534 units — expedite production or procure.,Ops accepted Sales forecast in full. No capacity gap at plan stage.,,,534.0,,,,,,,,,,
TB-19mm TX,TX M05 B06 124 WH,Regular,,,,,,,,,,,,MTS,800.0,,-800.0,330.0,,,,,,,,,800.0,Forecast Bullseye,Dispatch 800 units (no committed demand). MTS item — buffer stock + green level matters. Forecast hit dead-on (0% variance) — strong demand sensing. Action: review over-commit of 800 units.,Stock-Out Risk,Produced 0 units against committed 0 units. Closing -800 units. Green level 330 (-2.4x cover) — ⚠ Safety breach — replenish urgently.,Ops accepted Sales forecast in full. No capacity gap at plan stage.,,,330.0,,,,,,23304.0,,800.0,,23304.0
TB 74,TX M05 B06 126 (TM),Regular,,,,,,,1507.0,,,,1507.0,MTO,,,1507.0,,1507.0,,,,,,,1507.0,,Forecast Bullseye,Dispatch 0 units (no committed demand). MTO item — demand is order-driven. Forecast hit dead-on (0% variance) — strong demand sensing. No open commitment gap.,Unsold MTO Stock,Produced 0 units against committed 0 units.,Ops accepted Sales forecast in full. No capacity gap at plan stage.,,29736.21,,,,,,,,,,,
TB 74,TX M05 B06 126 OEM,Regular,200.0,200.0,,200.0,,100%,410.0,,,,410.0,MTO,,0.0%,410.0,,410.0,200.0,200.0,,,,,210.0,,Short Delivery | Forecast Bullseye,Dispatch 0% of committed (0 vs 200). MTO item — demand is order-driven. Forecast hit dead-on (0% variance) — strong demand sensing. Action: recover shortfall of 200 units.,Healthy Stock,Produced 0 units against committed 200 units.,Ops accepted Sales forecast in full. No capacity gap at plan stage.,,4342.18,,,,,,,,,,,
TB-19mm TX,TX M05 B06 126 WH,Regular,,,,,,,,2000.0,1800.0,1800.0,2000.0,MTO,400.0,,1600.0,,1600.0,,,,,,2000.0,,400.0,Forecast Bullseye,Dispatch 400 units (no committed demand). MTO item — demand is order-driven. Forecast hit dead-on (0% variance) — strong demand sensing. Action: review over-commit of 400 units.,Over-Production,"Produced 2,000 units against committed 0 units. Red flag — produced 2,000 units more than ordered. Investigate planning breakdown.",Ops accepted Sales forecast in full. No capacity gap at plan stage.,,,,,,,,,11652.0,,400.0,,11652.0
TB 74,TX M05 B06 128 FL,Regular,,,,,,,13.0,,,,13.0,MTO,,,13.0,,13.0,,,,,,,13.0,,Forecast Bullseye,Dispatch 0 units (no committed demand). MTO item — demand is order-driven. Forecast hit dead-on (0% variance) — strong demand sensing. No open commitment gap.,Unsold MTO Stock,Produced 0 units against committed 0 units.,Ops accepted Sales forecast in full. No capacity gap at plan stage.,,277.47,,,,,,,,,,,
TB 74,TX M05 B06 128 FL2,Regular,2200.0,2200.0,,2200.0,,100%,41.0,,,,41.0,MTO,,0.0%,41.0,,41.0,2200.0,41.0,,,2159.0,,,,Short Delivery | Forecast Bullseye,"Dispatch 0% of committed (0 vs 2,200). MTO item — demand is order-driven. Forecast hit dead-on (0% variance) — strong demand sensing. Action: recover shortfall of 2,200 units.",Production Shortfall,"Produced 0 units against committed 2,200 units. Shortfall of 2,159 units — expedite production or procure.",Ops accepted Sales forecast in full. No capacity gap at plan stage.,,,2159.0,,,,,,,,,,
TB 74,TX M05 B06 128 FL5,Regular,,,,,,,100.0,,,,100.0,MTO,,,100.0,,100.0,,,,,,,100.0,,Forecast Bullseye,Dispatch 0 units (no committed demand). MTO item — demand is order-driven. Forecast hit dead-on (0% variance) — strong demand sensing. No open commitment gap.,Unsold MTO Stock,Produced 0 units against committed 0 units.,Ops accepted Sales forecast in full. No capacity gap at plan stage.,,2802.0,,,,,,,,,,,
TB-19mm TX,TX M05 B06 130 WH,Regular,900.0,900.0,,900.0,,100%,,525.0,400.0,400.0,525.0,MTO,,0.0%,525.0,,525.0,900.0,525.0,,,375.0,,,,Short Delivery | Forecast Bullseye,Dispatch 0% of committed (0 vs 900). MTO item — demand is order-driven. Forecast hit dead-on (0% variance) — strong demand sensing. Action: recover shortfall of 900 units.,Production Shortfall,Produced 525 units against committed 900 units. Shortfall of 375 units — expedite production or procure.,Ops accepted Sales forecast in full. No capacity gap at plan stage.,,,900.0,525.0,10923.75,15293.25,,,,,,,
TB-19mm TX,TX M05 B06 132 FG,Regular,200.0,200.0,,200.0,,100%,375.0,325.0,,,700.0,MTO,475.0,237.5%,225.0,,225.0,,,,,,325.0,175.0,275.0,Over-Delivered | Forecast Bullseye,Dispatch 238% of committed (475 vs 200). MTO item — demand is order-driven. Forecast hit dead-on (0% variance) — strong demand sensing. Action: review over-commit of 275 units.,Over-Production,Produced 325 units against committed 200 units. Red flag — produced 325 units more than ordered. Investigate planning breakdown.,Ops accepted Sales forecast in full. No capacity gap at plan stage.,7082.23,3813.51,,,,,,,8010.75,175.0,100.0,5097.75,2913.0
TB 74,TX M05 B06 132 FL3,Regular,,,,,,,20.0,,,,20.0,MTO,,,20.0,,20.0,,,,,,,20.0,,Forecast Bullseye,Dispatch 0 units (no committed demand). MTO item — demand is order-driven. Forecast hit dead-on (0% variance) — strong demand sensing. No open commitment gap.,Unsold MTO Stock,Produced 0 units against committed 0 units.,Ops accepted Sales forecast in full. No capacity gap at plan stage.,,476.51,,,,,,,,,,,
TB 74,TX M05 B06 132 FL4,Regular,200.0,200.0,,200.0,,100%,50.0,,,,50.0,MTO,,0.0%,50.0,,50.0,200.0,50.0,,,150.0,,,,Short Delivery | Forecast Bullseye,Dispatch 0% of committed (0 vs 200). MTO item — demand is order-driven. Forecast hit dead-on (0% variance) — strong demand sensing. Action: recover shortfall of 200 units.,Production Shortfall,Produced 0 units against committed 200 units. Shortfall of 150 units — expedite production or procure.,Ops accepted Sales forecast in full. No capacity gap at plan stage.,,,150.0,,,,,,,,,,
TB 74,TX M05 B06 132 OEM,Regular,,,,,,,2143.0,,,,2143.0,MTO,,,2143.0,,2143.0,,,,,,,2143.0,,Forecast Bullseye,Dispatch 0 units (no committed demand). MTO item — demand is order-driven. Forecast hit dead-on (0% variance) — strong demand sensing. No open commitment gap.,Unsold MTO Stock,Produced 0 units against committed 0 units.,Ops accepted Sales forecast in full. No capacity gap at plan stage.,,47213.1,,,,,,,,,,,
TB-19mm TX,TX M05 B06 132 WH,Regular,,,,,,,,,,,,MTO,400.0,,-400.0,,,,,,,,,,400.0,Forecast Bullseye,Dispatch 400 units (no committed demand). MTO item — demand is order-driven. Forecast hit dead-on (0% variance) — strong demand sensing. Action: review over-commit of 400 units.,Healthy Stock,Produced 0 units against committed 0 units.,Ops accepted Sales forecast in full. No capacity gap at plan stage.,,,,,,,,,11652.0,,400.0,,11652.0
TB-19mm TX,TX M05 B06 134 OEM,Regular,600.0,600.0,,600.0,,100%,12.0,,,,12.0,MTO,150.0,25.0%,-138.0,,,450.0,,,,450.0,,,,Short Delivery | Forecast Bullseye,Dispatch 25% of committed (150 vs 600). MTO item — demand is order-driven. Forecast hit dead-on (0% variance) — strong demand sensing. Action: recover shortfall of 450 units.,Production Shortfall,Produced 0 units against committed 600 units. Shortfall of 588 units — expedite production or procure.,Ops accepted Sales forecast in full. No capacity gap at plan stage.,,,588.0,,13108.5,,,,,,,,
TB-19mm TX,TX M05 B06 134 WH,Regular,2000.0,2000.0,,2000.0,,100%,,700.0,1200.0,1200.0,700.0,MTS,2400.0,120.0%,-1700.0,500.0,,,,,,,,,400.0,Over-Delivered | Forecast Bullseye,"Dispatch 120% of committed (2,400 vs 2,000). MTS item — buffer stock + green level matters. Forecast hit dead-on (0% variance) — strong demand sensing. Action: review over-commit of 400 units.",Production Shortfall | Stock-Out Risk,"Produced 700 units against committed 2,000 units. Shortfall of 1,300 units — expedite production or procure. Closing -1,700 units. Green level 500 (-3.4x cover) — ⚠ Safety breach — replenish urgently.",Ops accepted Sales forecast in full. No capacity gap at plan stage.,,,2500.0,700.0,,,,,11652.0,,400.0,,11652.0
TB-19mm TX,TX M05 B06 136 FG,Regular,6800.0,6800.0,,6800.0,,100%,5229.0,5450.0,,,10679.0,MTS,6050.0,89.0%,4629.0,1690.0,2939.0,750.0,750.0,,,,2189.0,,,Short Delivery | Forecast Bullseye,"Dispatch 89% of committed (6,050 vs 6,800). MTS item — buffer stock + green level matters. Forecast hit dead-on (0% variance) — strong demand sensing. Action: recover shortfall of 750 units.",Production Surplus,"Produced 5,450 units against committed 6,800 units.",Ops accepted Sales forecast in full. No capacity gap at plan stage.,48274.56,,3261.0,3261.0,,21847.5,,,,,,,
TB-19mm TX,TX M05 B06 136 FG1,Regular,19400.0,19400.0,,19400.0,,100%,17513.0,32850.0,,,50363.0,MTS,30650.0,158.0%,19713.0,3072.0,16641.0,,,,,,27891.0,,11250.0,Over-Delivered | Forecast Bullseye,"Dispatch 158% of committed (30,650 vs 19,400). MTS item — buffer stock + green level matters. Forecast hit dead-on (0% variance) — strong demand sensing. Action: review over-commit of 11,250 units.",Excess Inventory,"Produced 32,850 units against committed 19,400 units. Excess build-up of 27,891 units — throttle production.",Ops accepted Sales forecast in full. No capacity gap at plan stage.,549005.05,,4959.0,4959.0,,,,,327712.5,,11250.0,,327712.5
TB-19mm TX,TX M05 B06 136 FG2,Regular,400.0,400.0,,400.0,,100%,88.0,525.0,,,613.0,MTO,525.0,131.2%,88.0,,88.0,,,,,,213.0,,125.0,Over-Delivered | Forecast Bullseye,Dispatch 131% of committed (525 vs 400). MTO item — demand is order-driven. Forecast hit dead-on (0% variance) — strong demand sensing. Action: review over-commit of 125 units.,Over-Production,Produced 525 units against committed 400 units. Red flag — produced 213 units more than ordered. Investigate planning breakdown.,Ops accepted Sales forecast in full. No capacity gap at plan stage.,4735.58,,312.0,312.0,,,,,3641.25,,125.0,,3641.25
TB 74,TX M05 B06 136 FG5,Regular,600.0,600.0,,600.0,,100%,75.0,,,,75.0,MTO,,0.0%,75.0,,75.0,600.0,75.0,,,525.0,,,,Short Delivery | Forecast Bullseye,Dispatch 0% of committed (0 vs 600). MTO item — demand is order-driven. Forecast hit dead-on (0% variance) — strong demand sensing. Action: recover shortfall of 600 units.,Production Shortfall,Produced 0 units against committed 600 units. Shortfall of 525 units — expedite production or procure.,Ops accepted Sales forecast in full. No capacity gap at plan stage.,,,525.0,,,,,,,,,,
TB 74,TX M05 B06 136 FL1,Regular,,,,,,,14.0,,,,14.0,MTO,,,14.0,,14.0,,,,,,,14.0,,Forecast Bullseye,Dispatch 0 units (no committed demand). MTO item — demand is order-driven. Forecast hit dead-on (0% variance) — strong demand sensing. No open commitment gap.,Unsold MTO Stock,Produced 0 units against committed 0 units.,Ops accepted Sales forecast in full. No capacity gap at plan stage.,,282.36,,,,,,,,,,,
TB 74,TX M05 B06 136 FL14,Regular,200.0,200.0,,200.0,,100%,48.0,,,,48.0,MTO,,0.0%,48.0,,48.0,200.0,48.0,,,152.0,,,,Short Delivery | Forecast Bullseye,Dispatch 0% of committed (0 vs 200). MTO item — demand is order-driven. Forecast hit dead-on (0% variance) — strong demand sensing. Action: recover shortfall of 200 units.,Production Shortfall,Produced 0 units against committed 200 units. Shortfall of 152 units — expedite production or procure.,Ops accepted Sales forecast in full. No capacity gap at plan stage.,,,152.0,,,,,,,,,,
TB 74,TX M05 B06 136 FL16,Regular,1200.0,1200.0,,1200.0,,100%,,,,,,MTO,,0.0%,0.0,,,1200.0,,,,1200.0,,,,Short Delivery | Forecast Bullseye,"Dispatch 0% of committed (0 vs 1,200). MTO item — demand is order-driven. Forecast hit dead-on (0% variance) — strong demand sensing. Action: recover shortfall of 1,200 units.",Production Shortfall,"Produced 0 units against committed 1,200 units. Shortfall of 1,200 units — expedite production or procure.",Ops accepted Sales forecast in full. No capacity gap at plan stage.,,,1200.0,,,,,,,,,,
TB 74,TX M05 B06 136 FL19,Regular,,,,,,,5.0,,,,5.0,MTO,,,5.0,,5.0,,,,,,,5.0,,Forecast Bullseye,Dispatch 0 units (no committed demand). MTO item — demand is order-driven. Forecast hit dead-on (0% variance) — strong demand sensing. No open commitment gap.,Unsold MTO Stock,Produced 0 units against committed 0 units.,Ops accepted Sales forecast in full. No capacity gap at plan stage.,,108.59,,,,,,,,,,,
TB 74 15B25,TX M05 B06 136 FL28,Regular,,,,,,,121.0,,,,121.0,MTO,,,121.0,,121.0,,,,,,,121.0,,Forecast Bullseye,Dispatch 0 units (no committed demand). MTO item — demand is order-driven. Forecast hit dead-on (0% variance) — strong demand sensing. No open commitment gap.,Unsold MTO Stock,Produced 0 units against committed 0 units.,Ops accepted Sales forecast in full. No capacity gap at plan stage.,,2429.4,,,,,,,,,,,
TB 74,TX M05 B06 136 OEM,Regular,800.0,800.0,,800.0,,100%,154.0,,,,154.0,MTO,,0.0%,154.0,,154.0,800.0,154.0,,,646.0,,,,Short Delivery | Forecast Bullseye,Dispatch 0% of committed (0 vs 800). MTO item — demand is order-driven. Forecast hit dead-on (0% variance) — strong demand sensing. Action: recover shortfall of 800 units.,Production Shortfall,Produced 0 units against committed 800 units. Shortfall of 646 units — expedite production or procure.,Ops accepted Sales forecast in full. No capacity gap at plan stage.,,,646.0,,,,,,,,,,
TB-19mm TX,TX M05 B06 136 WH,Regular,1300.0,1300.0,,1300.0,,100%,,,,,,MTO,1800.0,138.5%,-1800.0,,,,,,,,,,500.0,Over-Delivered | Forecast Bullseye,"Dispatch 138% of committed (1,800 vs 1,300). MTO item — demand is order-driven. Forecast hit dead-on (0% variance) — strong demand sensing. Action: review over-commit of 500 units.",Production Shortfall,"Produced 0 units against committed 1,300 units. Shortfall of 1,300 units — expedite production or procure.",Ops accepted Sales forecast in full. No capacity gap at plan stage.,,,1300.0,,,,,,14565.0,,500.0,,14565.0
TB 74,TX M05 B06 138 OEM,Regular,800.0,800.0,,800.0,,100%,6.0,,,,6.0,MTO,,0.0%,6.0,,6.0,800.0,6.0,,,794.0,,,,Short Delivery | Forecast Bullseye,Dispatch 0% of committed (0 vs 800). MTO item — demand is order-driven. Forecast hit dead-on (0% variance) — strong demand sensing. Action: recover shortfall of 800 units.,Production Shortfall,Produced 0 units against committed 800 units. Shortfall of 794 units — expedite production or procure.,Ops accepted Sales forecast in full. No capacity gap at plan stage.,,,794.0,,,,,,,,,,
TB-19mm TX,TX M05 B06 138 WH,Regular,1400.0,1400.0,,1400.0,,100%,,,,,,MTS,600.0,42.9%,-600.0,340.0,,800.0,,,,800.0,,,,Short Delivery | Forecast Bullseye,"Dispatch 43% of committed (600 vs 1,400). MTS item — buffer stock + green level matters. Forecast hit dead-on (0% variance) — strong demand sensing. Action: recover shortfall of 800 units.",Production Shortfall | Stock-Out Risk,"Produced 0 units against committed 1,400 units. Shortfall of 1,400 units — expedite production or procure. Closing -600 units. Green level 340 (-1.8x cover) — ⚠ Safety breach — replenish urgently.",Ops accepted Sales forecast in full. No capacity gap at plan stage.,,,1740.0,,23304.0,,,,,,,,
TB 74,TX M05 B06 140 (TM),Regular,200.0,200.0,,200.0,,100%,19.0,,,,19.0,MTO,,0.0%,19.0,,19.0,200.0,19.0,,,181.0,,,,Short Delivery | Forecast Bullseye,Dispatch 0% of committed (0 vs 200). MTO item — demand is order-driven. Forecast hit dead-on (0% variance) — strong demand sensing. Action: recover shortfall of 200 units.,Production Shortfall,Produced 0 units against committed 200 units. Shortfall of 181 units — expedite production or procure.,Ops accepted Sales forecast in full. No capacity gap at plan stage.,,,181.0,,,,,,,,,,
TB-19mm TX,TX M05 B06 140 FL,Regular,9700.0,9700.0,,9700.0,,100%,10620.0,19850.0,,,30470.0,MTS,18350.0,189.2%,12120.0,993.0,11127.0,,,,,,19777.0,,8650.0,Over-Delivered | Forecast Bullseye,"Dispatch 189% of committed (18,350 vs 9,700). MTS item — buffer stock + green level matters. Forecast hit dead-on (0% variance) — strong demand sensing. Action: review over-commit of 8,650 units.",Excess Inventory,"Produced 19,850 units against committed 9,700 units. Excess build-up of 19,777 units — throttle production.",Ops accepted Sales forecast in full. No capacity gap at plan stage.,402082.23,,73.0,73.0,,,,,251974.5,920.0,7730.0,26799.6,225174.9
TB-19mm TX,TX M05 B06 140 OEM,Regular,1400.0,1400.0,,1400.0,,100%,21.0,300.0,,,321.0,MTO,300.0,21.4%,21.0,,21.0,1100.0,21.0,,,1079.0,,,,Short Delivery | Forecast Bullseye,"Dispatch 21% of committed (300 vs 1,400). MTO item — demand is order-driven. Forecast hit dead-on (0% variance) — strong demand sensing. Action: recover shortfall of 1,100 units.",Production Shortfall,"Produced 300 units against committed 1,400 units. Shortfall of 1,079 units — expedite production or procure.",Ops accepted Sales forecast in full. No capacity gap at plan stage.,,,1379.0,300.0,31431.27,611.73,,,,,,,
TB-19mm TX,TX M05 B06 140 WH,Regular,,,,,,,,200.0,200.0,200.0,200.0,MTO,200.0,,0.0,,,,,,,,200.0,,200.0,Forecast Bullseye,Dispatch 200 units (no committed demand). MTO item — demand is order-driven. Forecast hit dead-on (0% variance) — strong demand sensing. Action: review over-commit of 200 units.,Over-Production,Produced 200 units against committed 0 units. Red flag — produced 200 units more than ordered. Investigate planning breakdown.,Ops accepted Sales forecast in full. No capacity gap at plan stage.,,,,,,,,,5826.0,,200.0,,5826.0
TB-19mm TX,TX M05 B06 142 FG1,Regular,2100.0,2100.0,,2100.0,,100%,1086.0,6550.0,,,7636.0,MTS,7475.0,356.0%,161.0,310.0,,,,,,,5226.0,,5375.0,Over-Delivered | Forecast Bullseye,"Dispatch 356% of committed (7,475 vs 2,100). MTS item — buffer stock + green level matters. Forecast hit dead-on (0% variance) — strong demand sensing. Action: review over-commit of 5,375 units.",Below Safety | Excess Inventory,"Produced 6,550 units against committed 2,100 units. Closing 161 units. Green level 310 (0.5x cover) — ⚠ Safety breach — replenish urgently. Excess build-up of 5,226 units — throttle production.",Ops accepted Sales forecast in full. No capacity gap at plan stage.,119662.07,,1324.0,1324.0,,,,,156573.75,,5375.0,,156573.75
TB 74,TX M05 B06 142 FL3,Regular,1600.0,1600.0,,1600.0,,100%,35.0,,,,35.0,MTO,,0.0%,35.0,,35.0,1600.0,35.0,,,1565.0,,,,Short Delivery | Forecast Bullseye,"Dispatch 0% of committed (0 vs 1,600). MTO item — demand is order-driven. Forecast hit dead-on (0% variance) — strong demand sensing. Action: recover shortfall of 1,600 units.",Production Shortfall,"Produced 0 units against committed 1,600 units. Shortfall of 1,565 units — expedite production or procure.",Ops accepted Sales forecast in full. No capacity gap at plan stage.,,,1565.0,,,,,,,,,,
TB 74,TX M05 B06 142 KOEL,Regular,400.0,400.0,,400.0,,100%,1000.0,,,,1000.0,MTO,,0.0%,1000.0,,1000.0,400.0,400.0,,,,,600.0,,Short Delivery | Forecast Bullseye,Dispatch 0% of committed (0 vs 400). MTO item — demand is order-driven. Forecast hit dead-on (0% variance) — strong demand sensing. Action: recover shortfall of 400 units.,Healthy Stock,Produced 0 units against committed 400 units.,Ops accepted Sales forecast in full. No capacity gap at plan stage.,,12292.46,,,,,,,,,,,
TB-19mm TX,TX M05 B06 142 MH,Regular,500.0,500.0,,500.0,,100%,1445.0,,,,1445.0,MTO,1188.0,237.6%,257.0,,257.0,,,,,,,945.0,688.0,Over-Delivered | Forecast Bullseye,"Dispatch 238% of committed (1,188 vs 500). MTO item — demand is order-driven. Forecast hit dead-on (0% variance) — strong demand sensing. Action: review over-commit of 688 units.",Unsold MTO Stock,Produced 0 units against committed 500 units.,Ops accepted Sales forecast in full. No capacity gap at plan stage.,,22286.67,,,,,,,20041.44,688.0,,20041.44,
TB 74,TX M05 B06 142 OEM,Regular,,,,,,,1312.0,,,,1312.0,MTO,,,1312.0,,1312.0,,,,,,,1312.0,,Forecast Bullseye,Dispatch 0 units (no committed demand). MTO item — demand is order-driven. Forecast hit dead-on (0% variance) — strong demand sensing. No open commitment gap.,Unsold MTO Stock,Produced 0 units against committed 0 units.,Ops accepted Sales forecast in full. No capacity gap at plan stage.,,30122.22,,,,,,,,,,,
TB-19mm TX,TX M05 B06 142 WH,Regular,300.0,300.0,,300.0,,100%,,,,,,MTO,,0.0%,0.0,,,300.0,,,,300.0,,,,Short Delivery | Forecast Bullseye,Dispatch 0% of committed (0 vs 300). MTO item — demand is order-driven. Forecast hit dead-on (0% variance) — strong demand sensing. Action: recover shortfall of 300 units.,Production Shortfall,Produced 0 units against committed 300 units. Shortfall of 300 units — expedite production or procure.,Ops accepted Sales forecast in full. No capacity gap at plan stage.,,,300.0,,8739.0,,,,,,,,
TB-19mm TX,TX M05 B06 144 OEM,Regular,1900.0,1900.0,,1900.0,,100%,145.0,,,,145.0,MTO,700.0,36.8%,-555.0,,,1200.0,,,,1200.0,,,,Short Delivery | Forecast Bullseye,"Dispatch 37% of committed (700 vs 1,900). MTO item — demand is order-driven. Forecast hit dead-on (0% variance) — strong demand sensing. Action: recover shortfall of 1,200 units.",Production Shortfall,"Produced 0 units against committed 1,900 units. Shortfall of 1,755 units — expedite production or procure.",Ops accepted Sales forecast in full. No capacity gap at plan stage.,,,1755.0,,34956.0,,,,,,,,
TB 74,TX M05 B06 144 W/J,Regular,,,,,,,4.0,,,,4.0,MTO,,,4.0,,4.0,,,,,,,4.0,,Forecast Bullseye,Dispatch 0 units (no committed demand). MTO item — demand is order-driven. Forecast hit dead-on (0% variance) — strong demand sensing. No open commitment gap.,Unsold MTO Stock,Produced 0 units against committed 0 units.,Ops accepted Sales forecast in full. No capacity gap at plan stage.,,96.78,,,,,,,,,,,
TB-19mm TX,TX M05 B06 144 WH,Regular,3000.0,3000.0,,3000.0,,100%,,1000.0,,,1000.0,MTS,4000.0,133.3%,-3000.0,1250.0,,,,,,,,,1000.0,Over-Delivered | Forecast Bullseye,"Dispatch 133% of committed (4,000 vs 3,000). MTS item — buffer stock + green level matters. Forecast hit dead-on (0% variance) — strong demand sensing. Action: review over-commit of 1,000 units.",Production Shortfall | Stock-Out Risk,"Produced 1,000 units against committed 3,000 units. Shortfall of 2,000 units — expedite production or procure. Closing -3,000 units. Green level 1,250 (-2.4x cover) — ⚠ Safety breach — replenish urgently.",Ops accepted Sales forecast in full. No capacity gap at plan stage.,,,4250.0,1000.0,,,,,29130.0,,1000.0,,29130.0
TB 74,TX M05 B06 144 WH1,Regular,400.0,400.0,,400.0,,100%,,,,,,MTO,,0.0%,0,,,400.0,,,,400.0,,,,Short Delivery | Forecast Bullseye,Dispatch 0% of committed (0 vs 400). MTO item — demand is order-driven. Forecast hit dead-on (0% variance) — strong demand sensing. Action: recover shortfall of 400 units.,Production Shortfall,Produced 0 units against committed 400 units. Shortfall of 400 units — expedite production or procure.,Ops accepted Sales forecast in full. No capacity gap at plan stage.,,,400.0,,,,,,,,,,
TB-19mm TX,TX M05 B06 146 (TX),Regular,600.0,600.0,,600.0,,100%,137.0,950.0,,,1087.0,MTO,600.0,100.0%,487.0,,487.0,,,,,,487.0,,,On Target | Forecast Bullseye,Dispatch 100% of committed (600 vs 600). MTO item — demand is order-driven. Forecast hit dead-on (0% variance) — strong demand sensing. No open commitment gap.,Over-Production,Produced 950 units against committed 600 units. Red flag — produced 487 units more than ordered. Investigate planning breakdown.,Ops accepted Sales forecast in full. No capacity gap at plan stage.,10162.8,,463.0,463.0,,,,,,,,,
TB 74,TX M05 B06 146 FG,Regular,1400.0,1400.0,,1400.0,,100%,1224.0,,,,1224.0,MTO,,0.0%,1224.0,,1224.0,1400.0,1224.0,,,176.0,,,,Short Delivery | Forecast Bullseye,"Dispatch 0% of committed (0 vs 1,400). MTO item — demand is order-driven. Forecast hit dead-on (0% variance) — strong demand sensing. Action: recover shortfall of 1,400 units.",Production Shortfall,"Produced 0 units against committed 1,400 units. Shortfall of 176 units — expedite production or procure.",Ops accepted Sales forecast in full. No capacity gap at plan stage.,,,176.0,,,,,,,,,,
TB 74,TX M05 B06 146 KOEL,Regular,,,,,,,249.0,,,,249.0,MTO,,,249.0,,249.0,,,,,,,249.0,,Forecast Bullseye,Dispatch 0 units (no committed demand). MTO item — demand is order-driven. Forecast hit dead-on (0% variance) — strong demand sensing. No open commitment gap.,Unsold MTO Stock,Produced 0 units against committed 0 units.,Ops accepted Sales forecast in full. No capacity gap at plan stage.,,5178.83,,,,,,,,,,,
TB-19mm TX,TX M05 B06 146 WH,Regular,1000.0,1000.0,,1000.0,,100%,,200.0,200.0,200.0,200.0,MTS,400.0,40.0%,-200.0,420.0,,600.0,,,,600.0,,,,Short Delivery | Forecast Bullseye,"Dispatch 40% of committed (400 vs 1,000). MTS item — buffer stock + green level matters. Forecast hit dead-on (0% variance) — strong demand sensing. Action: recover shortfall of 600 units.",Production Shortfall | Stock-Out Risk,"Produced 200 units against committed 1,000 units. Shortfall of 800 units — expedite production or procure. Closing -200 units. Green level 420 (-0.5x cover) — ⚠ Safety breach — replenish urgently.",Ops accepted Sales forecast in full. No capacity gap at plan stage.,,,1420.0,200.0,17478.0,,,,,,,,
TB-19mm TX,TX M05 B06 150 UGC,Regular,200.0,200.0,,200.0,,100%,276.0,250.0,,,526.0,MTO,200.0,100.0%,326.0,,326.0,,,,,,250.0,76.0,,On Target | Forecast Bullseye,Dispatch 100% of committed (200 vs 200). MTO item — demand is order-driven. Forecast hit dead-on (0% variance) — strong demand sensing. No open commitment gap.,Over-Production,Produced 250 units against committed 200 units. Red flag — produced 250 units more than ordered. Investigate planning breakdown.,Ops accepted Sales forecast in full. No capacity gap at plan stage.,5868.61,1784.06,,,,,,,,,,,
TB-19mm TX,TX M05 B06 152 WH,Regular,,,,,,,,200.0,200.0,200.0,200.0,MTO,50.0,,150.0,,150.0,,,,,,200.0,,50.0,Forecast Bullseye,Dispatch 50 units (no committed demand). MTO item — demand is order-driven. Forecast hit dead-on (0% variance) — strong demand sensing. Action: review over-commit of 50 units.,Over-Production,Produced 200 units against committed 0 units. Red flag — produced 200 units more than ordered. Investigate planning breakdown.,Ops accepted Sales forecast in full. No capacity gap at plan stage.,,,,,,,,,1456.5,,50.0,,1456.5
TB-19mm TX,TX M05 B06 154 FG,Regular,1400.0,1400.0,,1400.0,,100%,81.0,2025.0,,,2106.0,MTO,1000.0,71.4%,1106.0,,1106.0,400.0,400.0,,,,706.0,,,Short Delivery | Forecast Bullseye,"Dispatch 71% of committed (1,000 vs 1,400). MTO item — demand is order-driven. Forecast hit dead-on (0% variance) — strong demand sensing. Action: recover shortfall of 400 units.",Over-Production,"Produced 2,025 units against committed 1,400 units. Red flag — produced 706 units more than ordered. Investigate planning breakdown.",Ops accepted Sales forecast in full. No capacity gap at plan stage.,16462.81,,1319.0,1319.0,,11652.0,,,,,,,
TB-19mm TX,TX M05 B06 154 FG2,Regular,600.0,600.0,,600.0,,100%,,425.0,,,425.0,MTO,300.0,50.0%,125.0,,125.0,300.0,125.0,,,175.0,,,,Short Delivery | Forecast Bullseye,Dispatch 50% of committed (300 vs 600). MTO item — demand is order-driven. Forecast hit dead-on (0% variance) — strong demand sensing. Action: recover shortfall of 300 units.,Production Shortfall,Produced 425 units against committed 600 units. Shortfall of 175 units — expedite production or procure.,Ops accepted Sales forecast in full. No capacity gap at plan stage.,,,600.0,425.0,5097.75,3641.25,,,,,,,
TB 74,TX M05 B06 154 FL1,Regular,,,,,,,425.0,,,,425.0,MTO,,,425.0,,425.0,,,,,,,425.0,,Forecast Bullseye,Dispatch 0 units (no committed demand). MTO item — demand is order-driven. Forecast hit dead-on (0% variance) — strong demand sensing. No open commitment gap.,Unsold MTO Stock,Produced 0 units against committed 0 units.,Ops accepted Sales forecast in full. No capacity gap at plan stage.,,8873.99,,,,,,,,,,,
TB 74,TX M05 B06 154 OEM,Regular,,,,,,,652.0,,,,652.0,MTO,,,652.0,,652.0,,,,,,,652.0,,Forecast Bullseye,Dispatch 0 units (no committed demand). MTO item — demand is order-driven. Forecast hit dead-on (0% variance) — strong demand sensing. No open commitment gap.,Unsold MTO Stock,Produced 0 units against committed 0 units.,Ops accepted Sales forecast in full. No capacity gap at plan stage.,,14385.58,,,,,,,,,,,
TB-19mm TX,TX M05 B06 154 WH,Regular,,,,,,,,,,,,MTO,300.0,,-300.0,,,,,,,,,,300.0,Forecast Bullseye,Dispatch 300 units (no committed demand). MTO item — demand is order-driven. Forecast hit dead-on (0% variance) — strong demand sensing. Action: review over-commit of 300 units.,Healthy Stock,Produced 0 units against committed 0 units.,Ops accepted Sales forecast in full. No capacity gap at plan stage.,,,,,,,,,8739.0,,300.0,,8739.0
TB-19mm TX,TX M05 B06 156 WH,Regular,,,,,,,,,100.0,100.0,,MTO,100.0,,-100.0,,,,,,,,,,100.0,Forecast Bullseye,Dispatch 100 units (no committed demand). MTO item — demand is order-driven. Forecast hit dead-on (0% variance) — strong demand sensing. Action: review over-commit of 100 units.,Healthy Stock,Produced 0 units against committed 0 units.,Ops accepted Sales forecast in full. No capacity gap at plan stage.,,,,,,,,,2913.0,,100.0,,2913.0
TB-19mm TX,TX M05 B06 158 WH,Regular,,,,,,,,,,,,MTO,50.0,,-50.0,,,,,,,,,,50.0,Forecast Bullseye,Dispatch 50 units (no committed demand). MTO item — demand is order-driven. Forecast hit dead-on (0% variance) — strong demand sensing. Action: review over-commit of 50 units.,Healthy Stock,Produced 0 units against committed 0 units.,Ops accepted Sales forecast in full. No capacity gap at plan stage.,,,,,,,,,1456.5,,50.0,,1456.5
TB 74 1541,TX M05 B06 160 EV,Regular,,,,,,,150.0,,,,150.0,MTO,,,150.0,,150.0,,,,,,,150.0,,Forecast Bullseye,Dispatch 0 units (no committed demand). MTO item — demand is order-driven. Forecast hit dead-on (0% variance) — strong demand sensing. No open commitment gap.,Unsold MTO Stock,Produced 0 units against committed 0 units.,Ops accepted Sales forecast in full. No capacity gap at plan stage.,,13500.0,,,,,,,,,,,
TB 74,TX M05 B06 160 FL2,Regular,400.0,400.0,,400.0,,100%,78.0,,,,78.0,MTO,,0.0%,78.0,,78.0,400.0,78.0,,,322.0,,,,Short Delivery | Forecast Bullseye,Dispatch 0% of committed (0 vs 400). MTO item — demand is order-driven. Forecast hit dead-on (0% variance) — strong demand sensing. Action: recover shortfall of 400 units.,Production Shortfall,Produced 0 units against committed 400 units. Shortfall of 322 units — expedite production or procure.,Ops accepted Sales forecast in full. No capacity gap at plan stage.,,,322.0,,,,,,,,,,
TB 74,TX M05 B06 160 OEM,Regular,1200.0,1200.0,,1200.0,,100%,100.0,,,,100.0,MTO,,0.0%,100.0,,100.0,1200.0,100.0,,,1100.0,,,,Short Delivery | Forecast Bullseye,"Dispatch 0% of committed (0 vs 1,200). MTO item — demand is order-driven. Forecast hit dead-on (0% variance) — strong demand sensing. Action: recover shortfall of 1,200 units.",Production Shortfall,"Produced 0 units against committed 1,200 units. Shortfall of 1,100 units — expedite production or procure.",Ops accepted Sales forecast in full. No capacity gap at plan stage.,,,1100.0,,,,,,,,,,
TB-19mm TX,TX M05 B06 160 WH,Regular,,,,,,,,1725.0,1700.0,1700.0,1725.0,MTO,,,1725.0,,1725.0,,,,,,1725.0,,,Forecast Bullseye,Dispatch 0 units (no committed demand). MTO item — demand is order-driven. Forecast hit dead-on (0% variance) — strong demand sensing. No open commitment gap.,Over-Production,"Produced 1,725 units against committed 0 units. Red flag — produced 1,725 units more than ordered. Investigate planning breakdown.",Ops accepted Sales forecast in full. No capacity gap at plan stage.,,,,,,,,,,,,,
TB-19mm TX,TX M05 B06 162 OEM,Regular,,,,,,,2048.0,1948.0,,,3996.0,MTO,,,3996.0,,3996.0,,,,,,1948.0,2048.0,,Forecast Bullseye,Dispatch 0 units (no committed demand). MTO item — demand is order-driven. Forecast hit dead-on (0% variance) — strong demand sensing. No open commitment gap.,Over-Production,"Produced 1,948 units against committed 0 units. Red flag — produced 1,948 units more than ordered. Investigate planning breakdown.",Ops accepted Sales forecast in full. No capacity gap at plan stage.,46196.63,48568.12,,,,,,,,,,,
TB-19mm TX,TX M05 B06 162 WH,Regular,,,,,,,,,50.0,50.0,,MTO,100.0,,-100.0,,,,,,,,,,100.0,Forecast Bullseye,Dispatch 100 units (no committed demand). MTO item — demand is order-driven. Forecast hit dead-on (0% variance) — strong demand sensing. Action: review over-commit of 100 units.,Healthy Stock,Produced 0 units against committed 0 units.,Ops accepted Sales forecast in full. No capacity gap at plan stage.,,,,,,,,,2913.0,,100.0,,2913.0
TB-19mm TX,TX M05 B06 164 WH,Regular,1000.0,1000.0,,1000.0,,100%,,,50.0,50.0,,MTO,50.0,5.0%,-50.0,,,950.0,,,,950.0,,,,Short Delivery | Forecast Bullseye,"Dispatch 5% of committed (50 vs 1,000). MTO item — demand is order-driven. Forecast hit dead-on (0% variance) — strong demand sensing. Action: recover shortfall of 950 units.",Production Shortfall,"Produced 0 units against committed 1,000 units. Shortfall of 1,000 units — expedite production or procure.",Ops accepted Sales forecast in full. No capacity gap at plan stage.,,,1000.0,,27673.5,,,,,,,,
TB-19mm TX,TX M05 B06 166 WH,Regular,,,,,,,,,,,,MTO,50.0,,-50.0,,,,,,,,,,50.0,Forecast Bullseye,Dispatch 50 units (no committed demand). MTO item — demand is order-driven. Forecast hit dead-on (0% variance) — strong demand sensing. Action: review over-commit of 50 units.,Healthy Stock,Produced 0 units against committed 0 units.,Ops accepted Sales forecast in full. No capacity gap at plan stage.,,,,,,,,,1456.5,,50.0,,1456.5
TB-19mm TX,TX M05 B06 168 FG10,Regular,1600.0,1600.0,,1600.0,,100%,,100.0,,,100.0,MTO,100.0,6.2%,0.0,,,1500.0,,,,1500.0,,,,Short Delivery | Forecast Bullseye,"Dispatch 6% of committed (100 vs 1,600). MTO item — demand is order-driven. Forecast hit dead-on (0% variance) — strong demand sensing. Action: recover shortfall of 1,500 units.",Production Shortfall,"Produced 100 units against committed 1,600 units. Shortfall of 1,500 units — expedite production or procure.",Ops accepted Sales forecast in full. No capacity gap at plan stage.,,,1600.0,100.0,43695.0,,,,,,,,
TB-19mm TX,TX M05 B06 168 FG2,Regular,200.0,200.0,,200.0,,100%,10.0,225.0,,,235.0,MTO,200.0,100.0%,35.0,,35.0,,,,,,35.0,,,On Target | Forecast Bullseye,Dispatch 100% of committed (200 vs 200). MTO item — demand is order-driven. Forecast hit dead-on (0% variance) — strong demand sensing. No open commitment gap.,Over-Production,Produced 225 units against committed 200 units. Red flag — produced 35 units more than ordered. Investigate planning breakdown.,Ops accepted Sales forecast in full. No capacity gap at plan stage.,742.94,,190.0,190.0,,,,,,,,,
TB 74,TX M05 B06 168 FG5,Regular,200.0,200.0,,200.0,,100%,57.0,,,,57.0,MTO,,0.0%,57.0,,57.0,200.0,57.0,,,143.0,,,,Short Delivery | Forecast Bullseye,Dispatch 0% of committed (0 vs 200). MTO item — demand is order-driven. Forecast hit dead-on (0% variance) — strong demand sensing. Action: recover shortfall of 200 units.,Production Shortfall,Produced 0 units against committed 200 units. Shortfall of 143 units — expedite production or procure.,Ops accepted Sales forecast in full. No capacity gap at plan stage.,,,143.0,,,,,,,,,,
TB 74,TX M05 B06 168 FG6,Regular,200.0,200.0,,200.0,,100%,21.0,,,,21.0,MTO,,0.0%,21.0,,21.0,200.0,21.0,,,179.0,,,,Short Delivery | Forecast Bullseye,Dispatch 0% of committed (0 vs 200). MTO item — demand is order-driven. Forecast hit dead-on (0% variance) — strong demand sensing. Action: recover shortfall of 200 units.,Production Shortfall,Produced 0 units against committed 200 units. Shortfall of 179 units — expedite production or procure.,Ops accepted Sales forecast in full. No capacity gap at plan stage.,,,179.0,,,,,,,,,,
TB 74,TX M05 B06 168 FL,Regular,,,,,,,27.0,,,,27.0,MTO,,,27.0,,27.0,,,,,,,27.0,,Forecast Bullseye,Dispatch 0 units (no committed demand). MTO item — demand is order-driven. Forecast hit dead-on (0% variance) — strong demand sensing. No open commitment gap.,Unsold MTO Stock,Produced 0 units against committed 0 units.,Ops accepted Sales forecast in full. No capacity gap at plan stage.,,574.57,,,,,,,,,,,
TB-19mm TX,TX M05 B06 168 FL1,Regular,,,,,,,5.0,5.0,,,10.0,MTO,,,10.0,,10.0,,,,,,5.0,5.0,,Forecast Bullseye,Dispatch 0 units (no committed demand). MTO item — demand is order-driven. Forecast hit dead-on (0% variance) — strong demand sensing. No open commitment gap.,Over-Production,Produced 5 units against committed 0 units. Red flag — produced 5 units more than ordered. Investigate planning breakdown.,Ops accepted Sales forecast in full. No capacity gap at plan stage.,119.82,119.82,,,,,,,,,,,
TB 74,TX M05 B06 168 FL9,Regular,,,,,,,19.0,,,,19.0,MTO,,,19.0,,19.0,,,,,,,19.0,,Forecast Bullseye,Dispatch 0 units (no committed demand). MTO item — demand is order-driven. Forecast hit dead-on (0% variance) — strong demand sensing. No open commitment gap.,Unsold MTO Stock,Produced 0 units against committed 0 units.,Ops accepted Sales forecast in full. No capacity gap at plan stage.,,405.26,,,,,,,,,,,
TB 74,TX M05 B06 168 OEM,Regular,,,,,,,1359.0,,,,1359.0,MTO,,,1359.0,,1359.0,,,,,,,1359.0,,Forecast Bullseye,Dispatch 0 units (no committed demand). MTO item — demand is order-driven. Forecast hit dead-on (0% variance) — strong demand sensing. No open commitment gap.,Unsold MTO Stock,Produced 0 units against committed 0 units.,Ops accepted Sales forecast in full. No capacity gap at plan stage.,,30951.73,,,,,,,,,,,
TB-19mm TX,TX M05 B06 168 WH,Regular,,,,,,,,,150.0,150.0,,MTO,50.0,,-50.0,,,,,,,,,,50.0,Forecast Bullseye,Dispatch 50 units (no committed demand). MTO item — demand is order-driven. Forecast hit dead-on (0% variance) — strong demand sensing. Action: review over-commit of 50 units.,Healthy Stock,Produced 0 units against committed 0 units.,Ops accepted Sales forecast in full. No capacity gap at plan stage.,,,,,,,,,1456.5,,50.0,,1456.5
TB 74,TX M05 B06 170 (TX),Regular,100.0,100.0,,100.0,,100%,119.0,,,,119.0,MTO,,0.0%,119.0,,119.0,100.0,100.0,,,,,19.0,,Short Delivery | Forecast Bullseye,Dispatch 0% of committed (0 vs 100). MTO item — demand is order-driven. Forecast hit dead-on (0% variance) — strong demand sensing. Action: recover shortfall of 100 units.,Healthy Stock,Produced 0 units against committed 100 units.,Ops accepted Sales forecast in full. No capacity gap at plan stage.,,441.15,,,,,,,,,,,
TB 74,TX M05 B06 170 FG,Regular,,,,,,,18.0,,,,18.0,MTO,,,18.0,,18.0,,,,,,,18.0,,Forecast Bullseye,Dispatch 0 units (no committed demand). MTO item — demand is order-driven. Forecast hit dead-on (0% variance) — strong demand sensing. No open commitment gap.,Unsold MTO Stock,Produced 0 units against committed 0 units.,Ops accepted Sales forecast in full. No capacity gap at plan stage.,,392.27,,,,,,,,,,,
TB-19mm TX,TX M05 B06 170 WH,Regular,,,,,,,,100.0,,,100.0,MTO,150.0,,-50.0,,,,,,,,100.0,,150.0,Forecast Bullseye,Dispatch 150 units (no committed demand). MTO item — demand is order-driven. Forecast hit dead-on (0% variance) — strong demand sensing. Action: review over-commit of 150 units.,Over-Production,Produced 100 units against committed 0 units. Red flag — produced 100 units more than ordered. Investigate planning breakdown.,Ops accepted Sales forecast in full. No capacity gap at plan stage.,,,,,,,,,4369.5,,150.0,,4369.5
TB-19mm TX,TX M05 B06 172 UGC,Regular,300.0,300.0,,300.0,,100%,212.0,300.0,,,512.0,MTO,425.0,141.7%,87.0,,87.0,,,,,,212.0,,125.0,Over-Delivered | Forecast Bullseye,Dispatch 142% of committed (425 vs 300). MTO item — demand is order-driven. Forecast hit dead-on (0% variance) — strong demand sensing. Action: review over-commit of 125 units.,Over-Production,Produced 300 units against committed 300 units. Red flag — produced 212 units more than ordered. Investigate planning breakdown.,Ops accepted Sales forecast in full. No capacity gap at plan stage.,4740.06,,88.0,88.0,,,,,3641.25,,125.0,,3641.25
TB-19mm TX,TX M05 B06 172 WH,Regular,,,,,,,,150.0,,,150.0,MTO,250.0,,-100.0,,,,,,,,150.0,,250.0,Forecast Bullseye,Dispatch 250 units (no committed demand). MTO item — demand is order-driven. Forecast hit dead-on (0% variance) — strong demand sensing. Action: review over-commit of 250 units.,Over-Production,Produced 150 units against committed 0 units. Red flag — produced 150 units more than ordered. Investigate planning breakdown.,Ops accepted Sales forecast in full. No capacity gap at plan stage.,,,,,,,,,7282.5,,250.0,,7282.5
TB-19mm TX,TX M05 B06 174 WH,Regular,300.0,300.0,,300.0,,100%,,,,,,MTO,200.0,66.7%,-200.0,,,100.0,,,,100.0,,,,Short Delivery | Forecast Bullseye,Dispatch 67% of committed (200 vs 300). MTO item — demand is order-driven. Forecast hit dead-on (0% variance) — strong demand sensing. Action: recover shortfall of 100 units.,Production Shortfall,Produced 0 units against committed 300 units. Shortfall of 300 units — expedite production or procure.,Ops accepted Sales forecast in full. No capacity gap at plan stage.,,,300.0,,2913.0,,,,,,,,
TB-19mm TX,TX M05 B06 176 WH,Regular,,,,,,,,50.0,,,50.0,MTO,100.0,,-50.0,,,,,,,,50.0,,100.0,Forecast Bullseye,Dispatch 100 units (no committed demand). MTO item — demand is order-driven. Forecast hit dead-on (0% variance) — strong demand sensing. Action: review over-commit of 100 units.,Over-Production,Produced 50 units against committed 0 units. Red flag — produced 50 units more than ordered. Investigate planning breakdown.,Ops accepted Sales forecast in full. No capacity gap at plan stage.,,,,,,,,,2913.0,,100.0,,2913.0
TB 74,TX M05 B06 178 TM,Regular,200.0,200.0,,200.0,,100%,275.0,,,,275.0,MTO,,0.0%,275.0,,275.0,200.0,200.0,,,,,75.0,,Short Delivery | Forecast Bullseye,Dispatch 0% of committed (0 vs 200). MTO item — demand is order-driven. Forecast hit dead-on (0% variance) — strong demand sensing. Action: recover shortfall of 200 units.,Healthy Stock,Produced 0 units against committed 200 units.,Ops accepted Sales forecast in full. No capacity gap at plan stage.,,1701.28,,,,,,,,,,,
TB-19mm TX,TX M05 B06 178 WH,Regular,,,,,,,,150.0,,,150.0,MTO,650.0,,-500.0,,,,,,,,150.0,,650.0,Forecast Bullseye,Dispatch 650 units (no committed demand). MTO item — demand is order-driven. Forecast hit dead-on (0% variance) — strong demand sensing. Action: review over-commit of 650 units.,Over-Production,Produced 150 units against committed 0 units. Red flag — produced 150 units more than ordered. Investigate planning breakdown.,Ops accepted Sales forecast in full. No capacity gap at plan stage.,,,,,,,,,18934.5,,650.0,,18934.5
TB-19mm TX,TX M05 B06 180 WH,Regular,,,,,,,,200.0,,,200.0,MTO,450.0,,-250.0,,,,,,,,200.0,,450.0,Forecast Bullseye,Dispatch 450 units (no committed demand). MTO item — demand is order-driven. Forecast hit dead-on (0% variance) — strong demand sensing. Action: review over-commit of 450 units.,Over-Production,Produced 200 units against committed 0 units. Red flag — produced 200 units more than ordered. Investigate planning breakdown.,Ops accepted Sales forecast in full. No capacity gap at plan stage.,,,,,,,,,13108.5,,450.0,,13108.5
TB-19mm TX,TX M05 B06 182 WH,Regular,,,,,,,,,,,,MTO,50.0,,-50.0,,,,,,,,,,50.0,Forecast Bullseye,Dispatch 50 units (no committed demand). MTO item — demand is order-driven. Forecast hit dead-on (0% variance) — strong demand sensing. Action: review over-commit of 50 units.,Healthy Stock,Produced 0 units against committed 0 units.,Ops accepted Sales forecast in full. No capacity gap at plan stage.,,,,,,,,,1456.5,,50.0,,1456.5
TB-19mm TX,TX M05 B06 190 WH,Regular,,,,,,,,,,,,MTO,150.0,,-150.0,,,,,,,,,,150.0,Forecast Bullseye,Dispatch 150 units (no committed demand). MTO item — demand is order-driven. Forecast hit dead-on (0% variance) — strong demand sensing. Action: review over-commit of 150 units.,Healthy Stock,Produced 0 units against committed 0 units.,Ops accepted Sales forecast in full. No capacity gap at plan stage.,,,,,,,,,4369.5,,150.0,,4369.5
TB 74,TX M05 B06 192 FG,Regular,,,,,,,25.0,,,,25.0,MTO,,,25.0,,25.0,,,,,,,25.0,,Forecast Bullseye,Dispatch 0 units (no committed demand). MTO item — demand is order-driven. Forecast hit dead-on (0% variance) — strong demand sensing. No open commitment gap.,Unsold MTO Stock,Produced 0 units against committed 0 units.,Ops accepted Sales forecast in full. No capacity gap at plan stage.,,565.37,,,,,,,,,,,
TB 74,TX M05 B06 192 FL,Regular,,,,,,,25.0,,,,25.0,MTO,,,25.0,,25.0,,,,,,,25.0,,Forecast Bullseye,Dispatch 0 units (no committed demand). MTO item — demand is order-driven. Forecast hit dead-on (0% variance) — strong demand sensing. No open commitment gap.,Unsold MTO Stock,Produced 0 units against committed 0 units.,Ops accepted Sales forecast in full. No capacity gap at plan stage.,,572.73,,,,,,,,,,,
TB-19mm TX,TX M05 B06 196 WH,Regular,200.0,200.0,,200.0,,100%,,,,,,MTO,150.0,75.0%,-150.0,,,50.0,,,,50.0,,,,Short Delivery | Forecast Bullseye,Dispatch 75% of committed (150 vs 200). MTO item — demand is order-driven. Forecast hit dead-on (0% variance) — strong demand sensing. Action: recover shortfall of 50 units.,Production Shortfall,Produced 0 units against committed 200 units. Shortfall of 200 units — expedite production or procure.,Ops accepted Sales forecast in full. No capacity gap at plan stage.,,,200.0,,1456.5,,,,,,,,
TB-19mm TX,TX M05 B06 198 WH,Regular,,,,,,,,,,,,MTO,50.0,,-50.0,,,,,,,,,,50.0,Forecast Bullseye,Dispatch 50 units (no committed demand). MTO item — demand is order-driven. Forecast hit dead-on (0% variance) — strong demand sensing. Action: review over-commit of 50 units.,Healthy Stock,Produced 0 units against committed 0 units.,Ops accepted Sales forecast in full. No capacity gap at plan stage.,,,,,,,,,1456.5,,50.0,,1456.5
TB-19mm TX,TX M05 B06 200 FG,Regular,800.0,800.0,,800.0,,100%,594.0,100.0,,,694.0,MTO,150.0,18.8%,544.0,,544.0,650.0,544.0,,,106.0,,,,Short Delivery | Forecast Bullseye,Dispatch 19% of committed (150 vs 800). MTO item — demand is order-driven. Forecast hit dead-on (0% variance) — strong demand sensing. Action: recover shortfall of 650 units.,Production Shortfall,Produced 100 units against committed 800 units. Shortfall of 106 units — expedite production or procure.,Ops accepted Sales forecast in full. No capacity gap at plan stage.,,,206.0,100.0,3087.78,15846.72,,,,,,,
TB 74,TX M05 B06 200 FG1,Regular,600.0,600.0,,600.0,,100%,58.0,,,,58.0,MTO,,0.0%,58.0,,58.0,600.0,58.0,,,542.0,,,,Short Delivery | Forecast Bullseye,Dispatch 0% of committed (0 vs 600). MTO item — demand is order-driven. Forecast hit dead-on (0% variance) — strong demand sensing. Action: recover shortfall of 600 units.,Production Shortfall,Produced 0 units against committed 600 units. Shortfall of 542 units — expedite production or procure.,Ops accepted Sales forecast in full. No capacity gap at plan stage.,,,542.0,,,,,,,,,,
TB 74,TX M05 B06 200 FG5,Regular,600.0,600.0,,600.0,,100%,256.0,,,,256.0,MTO,,0.0%,256.0,,256.0,600.0,256.0,,,344.0,,,,Short Delivery | Forecast Bullseye,Dispatch 0% of committed (0 vs 600). MTO item — demand is order-driven. Forecast hit dead-on (0% variance) — strong demand sensing. Action: recover shortfall of 600 units.,Production Shortfall,Produced 0 units against committed 600 units. Shortfall of 344 units — expedite production or procure.,Ops accepted Sales forecast in full. No capacity gap at plan stage.,,,344.0,,,,,,,,,,
TB 74,TX M05 B06 200 FG7,Regular,200.0,200.0,,200.0,,100%,50.0,,,,50.0,MTO,,0.0%,50.0,,50.0,200.0,50.0,,,150.0,,,,Short Delivery | Forecast Bullseye,Dispatch 0% of committed (0 vs 200). MTO item — demand is order-driven. Forecast hit dead-on (0% variance) — strong demand sensing. Action: recover shortfall of 200 units.,Production Shortfall,Produced 0 units against committed 200 units. Shortfall of 150 units — expedite production or procure.,Ops accepted Sales forecast in full. No capacity gap at plan stage.,,,150.0,,,,,,,,,,
TB 74,TX M05 B06 200 FL12,Regular,,,,,,,21.0,,,,21.0,MTO,,,21.0,,21.0,,,,,,,21.0,,Forecast Bullseye,Dispatch 0 units (no committed demand). MTO item — demand is order-driven. Forecast hit dead-on (0% variance) — strong demand sensing. No open commitment gap.,Unsold MTO Stock,Produced 0 units against committed 0 units.,Ops accepted Sales forecast in full. No capacity gap at plan stage.,,481.93,,,,,,,,,,,
TB 74,TX M05 B06 200 FL14,Regular,600.0,600.0,,600.0,,100%,52.0,,,,52.0,MTO,,0.0%,52.0,,52.0,600.0,52.0,,,548.0,,,,Short Delivery | Forecast Bullseye,Dispatch 0% of committed (0 vs 600). MTO item — demand is order-driven. Forecast hit dead-on (0% variance) — strong demand sensing. Action: recover shortfall of 600 units.,Production Shortfall,Produced 0 units against committed 600 units. Shortfall of 548 units — expedite production or procure.,Ops accepted Sales forecast in full. No capacity gap at plan stage.,,,548.0,,,,,,,,,,
TB-19mm TX,TX M05 B06 200 FL2,Regular,8200.0,8200.0,,8200.0,,100%,12068.0,10725.0,,,22793.0,MTS,11550.0,140.9%,11243.0,7580.0,3663.0,,,,,,7013.0,,3350.0,Over-Delivered | Forecast Bullseye,"Dispatch 141% of committed (11,550 vs 8,200). MTS item — buffer stock + green level matters. Forecast hit dead-on (0% variance) — strong demand sensing. Action: review over-commit of 3,350 units.",Excess Inventory,"Produced 10,725 units against committed 8,200 units. Excess build-up of 7,013 units — throttle production.",Ops accepted Sales forecast in full. No capacity gap at plan stage.,173813.84,,3712.0,3712.0,,,,,97585.5,3350.0,,97585.5,
TB 74,TX M05 B06 200 FL3,Regular,600.0,600.0,,600.0,,100%,37.0,,,,37.0,MTO,,0.0%,37.0,,37.0,600.0,37.0,,,563.0,,,,Short Delivery | Forecast Bullseye,Dispatch 0% of committed (0 vs 600). MTO item — demand is order-driven. Forecast hit dead-on (0% variance) — strong demand sensing. Action: recover shortfall of 600 units.,Production Shortfall,Produced 0 units against committed 600 units. Shortfall of 563 units — expedite production or procure.,Ops accepted Sales forecast in full. No capacity gap at plan stage.,,,563.0,,,,,,,,,,
TB-19mm TX,TX M05 B06 200 FL9,Regular,,,,,,,,150.0,,,150.0,MTO,75.0,,75.0,,75.0,,,,,,150.0,,75.0,Forecast Bullseye,Dispatch 75 units (no committed demand). MTO item — demand is order-driven. Forecast hit dead-on (0% variance) — strong demand sensing. Action: review over-commit of 75 units.,Over-Production,Produced 150 units against committed 0 units. Red flag — produced 150 units more than ordered. Investigate planning breakdown.,Ops accepted Sales forecast in full. No capacity gap at plan stage.,,,,,,,,,2184.75,,75.0,,2184.75
TB 74,TX M05 B06 200 OEM,Regular,,,,,,,2840.0,,,,2840.0,MTO,,,2840.0,,2840.0,,,,,,,2840.0,,Forecast Bullseye,Dispatch 0 units (no committed demand). MTO item — demand is order-driven. Forecast hit dead-on (0% variance) — strong demand sensing. No open commitment gap.,Unsold MTO Stock,Produced 0 units against committed 0 units.,Ops accepted Sales forecast in full. No capacity gap at plan stage.,,74510.24,,,,,,,,,,,
TB-19mm TX,TX M05 B06 200 WH,Regular,400.0,400.0,,400.0,,100%,,1150.0,1150.0,1150.0,1150.0,MTO,650.0,162.5%,500.0,,500.0,,,,,,750.0,,250.0,Over-Delivered | Forecast Bullseye,Dispatch 162% of committed (650 vs 400). MTO item — demand is order-driven. Forecast hit dead-on (0% variance) — strong demand sensing. Action: review over-commit of 250 units.,Over-Production,"Produced 1,150 units against committed 400 units. Red flag — produced 750 units more than ordered. Investigate planning breakdown.",Ops accepted Sales forecast in full. No capacity gap at plan stage.,,,400.0,400.0,,,,,7282.5,,250.0,,7282.5
TB-19mm TX,TX M05 B06 202 WH,Regular,,,,,,,,8.0,,,8.0,MTO,,,8.0,,8.0,,,,,,8.0,,,Forecast Bullseye,Dispatch 0 units (no committed demand). MTO item — demand is order-driven. Forecast hit dead-on (0% variance) — strong demand sensing. No open commitment gap.,Over-Production,Produced 8 units against committed 0 units. Red flag — produced 8 units more than ordered. Investigate planning breakdown.,Ops accepted Sales forecast in full. No capacity gap at plan stage.,,,,,,,,,,,,,
TB-19mm TX,TX M05 B06 206 FL,Regular,800.0,800.0,,800.0,,100%,60.0,825.0,,,885.0,MTO,,0.0%,885.0,,885.0,800.0,800.0,,,,85.0,,,Short Delivery | Forecast Bullseye,Dispatch 0% of committed (0 vs 800). MTO item — demand is order-driven. Forecast hit dead-on (0% variance) — strong demand sensing. Action: recover shortfall of 800 units.,Over-Production,Produced 825 units against committed 800 units. Red flag — produced 85 units more than ordered. Investigate planning breakdown.,Ops accepted Sales forecast in full. No capacity gap at plan stage.,1980.7,,740.0,740.0,,23304.0,,,,,,,
TB-19mm TX,TX M05 B06 206 WH,Regular,200.0,200.0,,200.0,,100%,,500.0,500.0,500.0,500.0,MTO,300.0,150.0%,200.0,,200.0,,,,,,300.0,,100.0,Over-Delivered | Forecast Bullseye,Dispatch 150% of committed (300 vs 200). MTO item — demand is order-driven. Forecast hit dead-on (0% variance) — strong demand sensing. Action: review over-commit of 100 units.,Over-Production,Produced 500 units against committed 200 units. Red flag — produced 300 units more than ordered. Investigate planning breakdown.,Ops accepted Sales forecast in full. No capacity gap at plan stage.,,,200.0,200.0,,,,,2913.0,,100.0,,2913.0
TB 74,TX M05 B06 208 FL,Regular,200.0,200.0,,200.0,,100%,31.0,,,,31.0,MTO,,0.0%,31.0,,31.0,200.0,31.0,,,169.0,,,,Short Delivery | Forecast Bullseye,Dispatch 0% of committed (0 vs 200). MTO item — demand is order-driven. Forecast hit dead-on (0% variance) — strong demand sensing. Action: recover shortfall of 200 units.,Production Shortfall,Produced 0 units against committed 200 units. Shortfall of 169 units — expedite production or procure.,Ops accepted Sales forecast in full. No capacity gap at plan stage.,,,169.0,,,,,,,,,,
TB-19mm TX,TX M05 B06 208 FL3,Regular,3700.0,3700.0,,3700.0,,100%,10694.0,3275.0,,,13969.0,MTO,6600.0,178.4%,7369.0,,7369.0,,,,,,3275.0,6994.0,2900.0,Over-Delivered | Forecast Bullseye,"Dispatch 178% of committed (6,600 vs 3,700). MTO item — demand is order-driven. Forecast hit dead-on (0% variance) — strong demand sensing. Action: review over-commit of 2,900 units.",Over-Production,"Produced 3,275 units against committed 3,700 units. Red flag — produced 3,275 units more than ordered. Investigate planning breakdown.",Ops accepted Sales forecast in full. No capacity gap at plan stage.,80220.34,171316.35,,,,,,,84477.0,2900.0,,84477.0,
TB-19mm TX,TX M05 B06 208 KOEL,Regular,400.0,400.0,,400.0,,100%,326.0,375.0,,,701.0,MTO,400.0,100.0%,301.0,,301.0,,,,,,301.0,,,On Target | Forecast Bullseye,Dispatch 100% of committed (400 vs 400). MTO item — demand is order-driven. Forecast hit dead-on (0% variance) — strong demand sensing. No open commitment gap.,Over-Production,Produced 375 units against committed 400 units. Red flag — produced 301 units more than ordered. Investigate planning breakdown.,Ops accepted Sales forecast in full. No capacity gap at plan stage.,7346.31,,74.0,74.0,,,,,,,,,
TB 74,TX M05 B06 210 TM,Regular,,,,,,,5798.0,,,,5798.0,MTO,,,5798.0,,5798.0,,,,,,,5798.0,,Forecast Bullseye,Dispatch 0 units (no committed demand). MTO item — demand is order-driven. Forecast hit dead-on (0% variance) — strong demand sensing. No open commitment gap.,Unsold MTO Stock,Produced 0 units against committed 0 units.,Ops accepted Sales forecast in full. No capacity gap at plan stage.,,141097.34,,,,,,,,,,,
TB-19mm TX,TX M05 B06 210 WH,Regular,,,,,,,,,,,,MTO,300.0,,-300.0,,,,,,,,,,300.0,Forecast Bullseye,Dispatch 300 units (no committed demand). MTO item — demand is order-driven. Forecast hit dead-on (0% variance) — strong demand sensing. Action: review over-commit of 300 units.,Healthy Stock,Produced 0 units against committed 0 units.,Ops accepted Sales forecast in full. No capacity gap at plan stage.,,,,,,,,,8739.0,,300.0,,8739.0
TB-19mm TX,TX M05 B06 220 WH,Regular,,,,,,,,,50.0,50.0,,MTO,100.0,,-100.0,,,,,,,,,,100.0,Forecast Bullseye,Dispatch 100 units (no committed demand). MTO item — demand is order-driven. Forecast hit dead-on (0% variance) — strong demand sensing. Action: review over-commit of 100 units.,Healthy Stock,Produced 0 units against committed 0 units.,Ops accepted Sales forecast in full. No capacity gap at plan stage.,,,,,,,,,2913.0,,100.0,,2913.0
TB-19mm TX,TX M05 B06 224 WH,Regular,,,,,,,,,,,,MTO,50.0,,-50.0,,,,,,,,,,50.0,Forecast Bullseye,Dispatch 50 units (no committed demand). MTO item — demand is order-driven. Forecast hit dead-on (0% variance) — strong demand sensing. Action: review over-commit of 50 units.,Healthy Stock,Produced 0 units against committed 0 units.,Ops accepted Sales forecast in full. No capacity gap at plan stage.,,,,,,,,,1456.5,,50.0,,1456.5
TB 74,TX M05 B06 232 FG1,Regular,400.0,400.0,,400.0,,100%,2.0,,,,2.0,MTO,,0.0%,2.0,,2.0,400.0,2.0,,,398.0,,,,Short Delivery | Forecast Bullseye,Dispatch 0% of committed (0 vs 400). MTO item — demand is order-driven. Forecast hit dead-on (0% variance) — strong demand sensing. Action: recover shortfall of 400 units.,Production Shortfall,Produced 0 units against committed 400 units. Shortfall of 398 units — expedite production or procure.,Ops accepted Sales forecast in full. No capacity gap at plan stage.,,,398.0,,,,,,,,,,
TB-19mm TX,TX M05 B06 232 FG2,Regular,,,,,,,,150.0,,,150.0,MTO,,,150.0,,150.0,,,,,,150.0,,,Forecast Bullseye,Dispatch 0 units (no committed demand). MTO item — demand is order-driven. Forecast hit dead-on (0% variance) — strong demand sensing. No open commitment gap.,Over-Production,Produced 150 units against committed 0 units. Red flag — produced 150 units more than ordered. Investigate planning breakdown.,Ops accepted Sales forecast in full. No capacity gap at plan stage.,,,,,,,,,,,,,
TB 74,TX M05 B06 232 FG5,Regular,1000.0,1000.0,,1000.0,,100%,49.0,,,,49.0,MTO,,0.0%,49.0,,49.0,1000.0,49.0,,,951.0,,,,Short Delivery | Forecast Bullseye,"Dispatch 0% of committed (0 vs 1,000). MTO item — demand is order-driven. Forecast hit dead-on (0% variance) — strong demand sensing. Action: recover shortfall of 1,000 units.",Production Shortfall,"Produced 0 units against committed 1,000 units. Shortfall of 951 units — expedite production or procure.",Ops accepted Sales forecast in full. No capacity gap at plan stage.,,,951.0,,,,,,,,,,
TB 74,TX M05 B06 232 FL1,Regular,200.0,200.0,,200.0,,100%,17.0,,,,17.0,MTO,,0.0%,17.0,,17.0,200.0,17.0,,,183.0,,,,Short Delivery | Forecast Bullseye,Dispatch 0% of committed (0 vs 200). MTO item — demand is order-driven. Forecast hit dead-on (0% variance) — strong demand sensing. Action: recover shortfall of 200 units.,Production Shortfall,Produced 0 units against committed 200 units. Shortfall of 183 units — expedite production or procure.,Ops accepted Sales forecast in full. No capacity gap at plan stage.,,,183.0,,,,,,,,,,
TB 74,TX M05 B06 232 OEM,Regular,,,,,,,619.0,,,,619.0,MTO,,,619.0,,619.0,,,,,,,619.0,,Forecast Bullseye,Dispatch 0 units (no committed demand). MTO item — demand is order-driven. Forecast hit dead-on (0% variance) — strong demand sensing. No open commitment gap.,Unsold MTO Stock,Produced 0 units against committed 0 units.,Ops accepted Sales forecast in full. No capacity gap at plan stage.,,17451.05,,,,,,,,,,,
TB-19mm TX,TX M05 B06 236 WH,Regular,,,,,,,,9.0,,,9.0,MTO,,,9.0,,9.0,,,,,,9.0,,,Forecast Bullseye,Dispatch 0 units (no committed demand). MTO item — demand is order-driven. Forecast hit dead-on (0% variance) — strong demand sensing. No open commitment gap.,Over-Production,Produced 9 units against committed 0 units. Red flag — produced 9 units more than ordered. Investigate planning breakdown.,Ops accepted Sales forecast in full. No capacity gap at plan stage.,,,,,,,,,,,,,
TB-19mm TX small,TX M05 B06 24 WH,Regular,700.0,700.0,,700.0,,100%,,700.0,900.0,900.0,700.0,MTO,600.0,85.7%,100.0,,100.0,100.0,100.0,,,,,,,Short Delivery | Forecast Bullseye,Dispatch 86% of committed (600 vs 700). MTO item — demand is order-driven. Forecast hit dead-on (0% variance) — strong demand sensing. Action: recover shortfall of 100 units.,Healthy Stock,Produced 700 units against committed 700 units.,Ops accepted Sales forecast in full. No capacity gap at plan stage.,,,700.0,700.0,,,,,,,,,
TB-19mm TX,TX M05 B06 240 WH,Regular,,,,,,,,,,,,MTO,50.0,,-50.0,,,,,,,,,,50.0,Forecast Bullseye,Dispatch 50 units (no committed demand). MTO item — demand is order-driven. Forecast hit dead-on (0% variance) — strong demand sensing. Action: review over-commit of 50 units.,Healthy Stock,Produced 0 units against committed 0 units.,Ops accepted Sales forecast in full. No capacity gap at plan stage.,,,,,,,,,1456.5,,50.0,,1456.5
,TX M05 B06 246 CM,Regular,,,,,,,5.0,,,,5.0,TBC,,,5.0,,5.0,,,,,,,5.0,,Forecast Bullseye,Dispatch 0 units (no committed demand). Forecast hit dead-on (0% variance) — strong demand sensing. No open commitment gap.,Healthy Stock,Produced 0 units against committed 0 units.,Ops accepted Sales forecast in full. No capacity gap at plan stage.,,134.1,,,,,,,,,,,
TB 74,TX M05 B06 246 FG,Regular,,,,,,,25.0,,,,25.0,MTO,,,25.0,,25.0,,,,,,,25.0,,Forecast Bullseye,Dispatch 0 units (no committed demand). MTO item — demand is order-driven. Forecast hit dead-on (0% variance) — strong demand sensing. No open commitment gap.,Unsold MTO Stock,Produced 0 units against committed 0 units.,Ops accepted Sales forecast in full. No capacity gap at plan stage.,,635.97,,,,,,,,,,,
TB-19mm TX,TX M05 B06 246 WH,Regular,,,,,,,,,,,,MTO,50.0,,-50.0,,,,,,,,,,50.0,Forecast Bullseye,Dispatch 50 units (no committed demand). MTO item — demand is order-driven. Forecast hit dead-on (0% variance) — strong demand sensing. Action: review over-commit of 50 units.,Healthy Stock,Produced 0 units against committed 0 units.,Ops accepted Sales forecast in full. No capacity gap at plan stage.,,,,,,,,,1456.5,,50.0,,1456.5
TB-19mm TX,TX M05 B06 26 WH,Regular,,,,,,,,,,,,MTS,300.0,,-300.0,500.0,,,,,,,,,300.0,Forecast Bullseye,Dispatch 300 units (no committed demand). MTS item — buffer stock + green level matters. Forecast hit dead-on (0% variance) — strong demand sensing. Action: review over-commit of 300 units.,Stock-Out Risk,Produced 0 units against committed 0 units. Closing -300 units. Green level 500 (-0.6x cover) — ⚠ Safety breach — replenish urgently.,Ops accepted Sales forecast in full. No capacity gap at plan stage.,,,500.0,,,,,,8739.0,,300.0,,8739.0
TB-19mm TX,TX M05 B06 264 WH,Regular,100.0,100.0,,100.0,,100%,,,,,,MTO,50.0,50.0%,-50.0,,,50.0,,,,50.0,,,,Short Delivery | Forecast Bullseye,Dispatch 50% of committed (50 vs 100). MTO item — demand is order-driven. Forecast hit dead-on (0% variance) — strong demand sensing. Action: recover shortfall of 50 units.,Production Shortfall,Produced 0 units against committed 100 units. Shortfall of 100 units — expedite production or procure.,Ops accepted Sales forecast in full. No capacity gap at plan stage.,,,100.0,,1456.5,,,,,,,,
TB 67 S,TX M05 B06 28 FG,Regular,,,,,,,225.0,,,,225.0,MTO,,,225.0,,225.0,,,,,,,225.0,,Forecast Bullseye,Dispatch 0 units (no committed demand). MTO item — demand is order-driven. Forecast hit dead-on (0% variance) — strong demand sensing. No open commitment gap.,Unsold MTO Stock,Produced 0 units against committed 0 units.,Ops accepted Sales forecast in full. No capacity gap at plan stage.,,2945.25,,,,,,,,,,,
TB-19mm TX,TX M05 B06 28 OEM,Regular,200.0,200.0,,200.0,,100%,100.0,500.0,,,600.0,MTO,,0.0%,600.0,,600.0,200.0,200.0,,,,400.0,,,Short Delivery | Forecast Bullseye,Dispatch 0% of committed (0 vs 200). MTO item — demand is order-driven. Forecast hit dead-on (0% variance) — strong demand sensing. Action: recover shortfall of 200 units.,Over-Production,Produced 500 units against committed 200 units. Red flag — produced 400 units more than ordered. Investigate planning breakdown.,Ops accepted Sales forecast in full. No capacity gap at plan stage.,5561.48,,100.0,100.0,,5826.0,,,,,,,
TB 67 B,TX M05 B06 28 PM,Regular,400.0,400.0,,400.0,,100%,650.0,,,,650.0,MTO,,0.0%,650.0,,650.0,400.0,400.0,,,,,250.0,,Short Delivery | Forecast Bullseye,Dispatch 0% of committed (0 vs 400). MTO item — demand is order-driven. Forecast hit dead-on (0% variance) — strong demand sensing. Action: recover shortfall of 400 units.,Healthy Stock,Produced 0 units against committed 400 units.,Ops accepted Sales forecast in full. No capacity gap at plan stage.,,3665.75,,,,,,,,,,,
TB 67,TX M05 B06 28 W/J,Regular,,,,,,,9.0,,,,9.0,MTO,,,9.0,,9.0,,,,,,,9.0,,Forecast Bullseye,Dispatch 0 units (no committed demand). MTO item — demand is order-driven. Forecast hit dead-on (0% variance) — strong demand sensing. No open commitment gap.,Unsold MTO Stock,Produced 0 units against committed 0 units.,Ops accepted Sales forecast in full. No capacity gap at plan stage.,,136.91,,,,,,,,,,,
TB-19mm TX,TX M05 B06 28 WH,Regular,2000.0,2000.0,,2000.0,,100%,,,,,,MTS,600.0,30.0%,-600.0,450.0,,1400.0,,,,1400.0,,,,Short Delivery | Forecast Bullseye,"Dispatch 30% of committed (600 vs 2,000). MTS item — buffer stock + green level matters. Forecast hit dead-on (0% variance) — strong demand sensing. Action: recover shortfall of 1,400 units.",Production Shortfall | Stock-Out Risk,"Produced 0 units against committed 2,000 units. Shortfall of 2,000 units — expedite production or procure. Closing -600 units. Green level 450 (-1.3x cover) — ⚠ Safety breach — replenish urgently.",Ops accepted Sales forecast in full. No capacity gap at plan stage.,,,2450.0,,40782.0,,,,,,,,
TB-19mm TX,TX M05 B06 284 WH,Regular,,,,,,,,,,,,MTO,50.0,,-50.0,,,,,,,,,,50.0,Forecast Bullseye,Dispatch 50 units (no committed demand). MTO item — demand is order-driven. Forecast hit dead-on (0% variance) — strong demand sensing. Action: review over-commit of 50 units.,Healthy Stock,Produced 0 units against committed 0 units.,Ops accepted Sales forecast in full. No capacity gap at plan stage.,,,,,,,,,1456.5,,50.0,,1456.5
TB 74,TX M05 B06 292 FL,Regular,200.0,200.0,,200.0,,100%,4.0,,,,4.0,MTO,,0.0%,4.0,,4.0,200.0,4.0,,,196.0,,,,Short Delivery | Forecast Bullseye,Dispatch 0% of committed (0 vs 200). MTO item — demand is order-driven. Forecast hit dead-on (0% variance) — strong demand sensing. Action: recover shortfall of 200 units.,Production Shortfall,Produced 0 units against committed 200 units. Shortfall of 196 units — expedite production or procure.,Ops accepted Sales forecast in full. No capacity gap at plan stage.,,,196.0,,,,,,,,,,
TB 74,TX M05 B06 292 FL2,Regular,600.0,600.0,,600.0,,100%,1.0,,,,1.0,MTO,,0.0%,1.0,,1.0,600.0,1.0,,,599.0,,,,Short Delivery | Forecast Bullseye,Dispatch 0% of committed (0 vs 600). MTO item — demand is order-driven. Forecast hit dead-on (0% variance) — strong demand sensing. Action: recover shortfall of 600 units.,Production Shortfall,Produced 0 units against committed 600 units. Shortfall of 599 units — expedite production or procure.,Ops accepted Sales forecast in full. No capacity gap at plan stage.,,,599.0,,,,,,,,,,
TB 74,TX M05 B06 292 OEM,Regular,,,,,,,325.0,,,,325.0,MTO,,,325.0,,325.0,,,,,,,325.0,,Forecast Bullseye,Dispatch 0 units (no committed demand). MTO item — demand is order-driven. Forecast hit dead-on (0% variance) — strong demand sensing. No open commitment gap.,Unsold MTO Stock,Produced 0 units against committed 0 units.,Ops accepted Sales forecast in full. No capacity gap at plan stage.,,10476.2,,,,,,,,,,,
TB 67 S,TX M05 B06 30 FG,Regular,,,,,,,136.0,,,,136.0,MTO,,,136.0,,136.0,,,,,,,136.0,,Forecast Bullseye,Dispatch 0 units (no committed demand). MTO item — demand is order-driven. Forecast hit dead-on (0% variance) — strong demand sensing. No open commitment gap.,Unsold MTO Stock,Produced 0 units against committed 0 units.,Ops accepted Sales forecast in full. No capacity gap at plan stage.,,1854.65,,,,,,,,,,,
TB 67 B,TX M05 B06 30 TM,Regular,200.0,200.0,,200.0,,100%,63.0,,,,63.0,MTO,,0.0%,63.0,,63.0,200.0,63.0,,,137.0,,,,Short Delivery | Forecast Bullseye,Dispatch 0% of committed (0 vs 200). MTO item — demand is order-driven. Forecast hit dead-on (0% variance) — strong demand sensing. Action: recover shortfall of 200 units.,Production Shortfall,Produced 0 units against committed 200 units. Shortfall of 137 units — expedite production or procure.,Ops accepted Sales forecast in full. No capacity gap at plan stage.,,,137.0,,,,,,,,,,
TB-19mm TX,TX M05 B06 30 WH,Regular,2000.0,2000.0,,2000.0,,100%,,6050.0,6000.0,6000.0,6050.0,MTS,2100.0,105.0%,3950.0,750.0,3200.0,,,,,,3300.0,,100.0,On Target | Forecast Bullseye,"Dispatch 105% of committed (2,100 vs 2,000). MTS item — buffer stock + green level matters. Forecast hit dead-on (0% variance) — strong demand sensing. Action: review over-commit of 100 units.",Excess Inventory,"Produced 6,050 units against committed 2,000 units. Excess build-up of 3,300 units — throttle production.",Ops accepted Sales forecast in full. No capacity gap at plan stage.,,,2750.0,2750.0,,,,,2913.0,,100.0,,2913.0
TB 67 B,TX M05 B06 32 (TM),Regular,,,,,,,3.0,,,,3.0,MTO,,,3.0,,3.0,,,,,,,3.0,,Forecast Bullseye,Dispatch 0 units (no committed demand). MTO item — demand is order-driven. Forecast hit dead-on (0% variance) — strong demand sensing. No open commitment gap.,Unsold MTO Stock,Produced 0 units against committed 0 units.,Ops accepted Sales forecast in full. No capacity gap at plan stage.,,47.74,,,,,,,,,,,
TB 67,TX M05 B06 32 OEM,Regular,1100.0,1100.0,,1100.0,,100%,984.0,,,,984.0,MTO,,0.0%,984.0,,984.0,1100.0,984.0,,,116.0,,,,Short Delivery | Forecast Bullseye,"Dispatch 0% of committed (0 vs 1,100). MTO item — demand is order-driven. Forecast hit dead-on (0% variance) — strong demand sensing. Action: recover shortfall of 1,100 units.",Production Shortfall,"Produced 0 units against committed 1,100 units. Shortfall of 116 units — expedite production or procure.",Ops accepted Sales forecast in full. No capacity gap at plan stage.,,,116.0,,,,,,,,,,
TB-19mm TX,TX M05 B06 32 WH,Regular,2000.0,2000.0,,2000.0,,100%,,5075.0,4800.0,4800.0,5075.0,MTS,2100.0,105.0%,2975.0,1040.0,1935.0,,,,,,2035.0,,100.0,On Target | Forecast Bullseye,"Dispatch 105% of committed (2,100 vs 2,000). MTS item — buffer stock + green level matters. Forecast hit dead-on (0% variance) — strong demand sensing. Action: review over-commit of 100 units.",Excess Inventory,"Produced 5,075 units against committed 2,000 units. Excess build-up of 2,035 units — throttle production.",Ops accepted Sales forecast in full. No capacity gap at plan stage.,,,3040.0,3040.0,,,,,2913.0,,100.0,,2913.0
TB 67,TX M05 B06 34 (TX),Regular,,,,,,,157.0,,,,157.0,MTO,,,157.0,,157.0,,,,,,,157.0,,Forecast Bullseye,Dispatch 0 units (no committed demand). MTO item — demand is order-driven. Forecast hit dead-on (0% variance) — strong demand sensing. No open commitment gap.,Unsold MTO Stock,Produced 0 units against committed 0 units.,Ops accepted Sales forecast in full. No capacity gap at plan stage.,,2199.43,,,,,,,,,,,
TB 67 S,TX M05 B06 34 FG,Regular,,,,,,,3.0,,,,3.0,MTO,,,3.0,,3.0,,,,,,,3.0,,Forecast Bullseye,Dispatch 0 units (no committed demand). MTO item — demand is order-driven. Forecast hit dead-on (0% variance) — strong demand sensing. No open commitment gap.,Unsold MTO Stock,Produced 0 units against committed 0 units.,Ops accepted Sales forecast in full. No capacity gap at plan stage.,,42.15,,,,,,,,,,,
TB-19mm TX,TX M05 B06 34 GC,Regular,,,,,,,1283.0,,,,1283.0,MTO,300.0,,983.0,,983.0,,,,,,,1283.0,300.0,Forecast Bullseye,Dispatch 300 units (no committed demand). MTO item — demand is order-driven. Forecast hit dead-on (0% variance) — strong demand sensing. Action: review over-commit of 300 units.,Unsold MTO Stock,Produced 0 units against committed 0 units.,Ops accepted Sales forecast in full. No capacity gap at plan stage.,,20709.84,,,,,,,8739.0,300.0,,8739.0,
TB-19mm TX,TX M05 B06 34 TMJ,Regular,800.0,800.0,,800.0,,100%,10450.0,,,,10450.0,MTO,700.0,87.5%,9750.0,,9750.0,100.0,100.0,,,,,9650.0,,Short Delivery | Forecast Bullseye,Dispatch 88% of committed (700 vs 800). MTO item — demand is order-driven. Forecast hit dead-on (0% variance) — strong demand sensing. Action: recover shortfall of 100 units.,Healthy Stock,Produced 0 units against committed 800 units.,Ops accepted Sales forecast in full. No capacity gap at plan stage.,,132366.44,,,,2913.0,,,,,,,
TB-19mm TX,TX M05 B06 34 UGC,Regular,2300.0,2300.0,,2300.0,,100%,2838.0,3050.0,,,5888.0,MTS,3000.0,130.4%,2888.0,1000.0,1888.0,,,,,,2588.0,,700.0,Over-Delivered | Forecast Bullseye,"Dispatch 130% of committed (3,000 vs 2,300). MTS item — buffer stock + green level matters. Forecast hit dead-on (0% variance) — strong demand sensing. Action: review over-commit of 700 units.",Excess Inventory,"Produced 3,050 units against committed 2,300 units. Excess build-up of 2,588 units — throttle production.",Ops accepted Sales forecast in full. No capacity gap at plan stage.,39991.17,,462.0,462.0,,,,,20391.0,538.0,162.0,15671.94,4719.06
TB-19mm TX,TX M05 B06 34 WH,Regular,2000.0,2000.0,,2000.0,,100%,,2825.0,3000.0,3000.0,2825.0,MTS,1800.0,90.0%,1025.0,500.0,525.0,200.0,200.0,,,,325.0,,,On Target | Forecast Bullseye,"Dispatch 90% of committed (1,800 vs 2,000). MTS item — buffer stock + green level matters. Forecast hit dead-on (0% variance) — strong demand sensing. Action: recover shortfall of 200 units.",Production Surplus,"Produced 2,825 units against committed 2,000 units.",Ops accepted Sales forecast in full. No capacity gap at plan stage.,,,2500.0,2500.0,,5826.0,,,,,,,
TB 67 S,TX M05 B06 36 FG1,Regular,,,,,,,100.0,,,,100.0,MTO,,,100.0,,100.0,,,,,,,100.0,,Forecast Bullseye,Dispatch 0 units (no committed demand). MTO item — demand is order-driven. Forecast hit dead-on (0% variance) — strong demand sensing. No open commitment gap.,Unsold MTO Stock,Produced 0 units against committed 0 units.,Ops accepted Sales forecast in full. No capacity gap at plan stage.,,1370.42,,,,,,,,,,,
TB 67 S,TX M05 B06 36 FG2,Regular,,,,,,,10.0,,,,10.0,MTO,,,10.0,,10.0,,,,,,,10.0,,Forecast Bullseye,Dispatch 0 units (no committed demand). MTO item — demand is order-driven. Forecast hit dead-on (0% variance) — strong demand sensing. No open commitment gap.,Unsold MTO Stock,Produced 0 units against committed 0 units.,Ops accepted Sales forecast in full. No capacity gap at plan stage.,,139.11,,,,,,,,,,,
TB-19mm TX,TX M05 B06 36 OEM,Regular,29200.0,29200.0,,29200.0,,100%,43433.0,23950.0,,,67383.0,MTS,37200.0,127.4%,30183.0,27650.0,2533.0,,,,,,10533.0,,8000.0,Over-Delivered | Forecast Bullseye,"Dispatch 127% of committed (37,200 vs 29,200). MTS item — buffer stock + green level matters. Forecast hit dead-on (0% variance) — strong demand sensing. Action: review over-commit of 8,000 units.",Production Surplus,"Produced 23,950 units against committed 29,200 units.",Ops accepted Sales forecast in full. No capacity gap at plan stage.,148174.45,,13417.0,13417.0,,,,,233040.0,8000.0,,233040.0,
TB-19mm TX,TX M05 B06 36 WH,Regular,10000.0,10000.0,,10000.0,,100%,,600.0,,,600.0,MTS,7500.0,75.0%,-6900.0,980.0,,2500.0,,,,2500.0,,,,Short Delivery | Forecast Bullseye,"Dispatch 75% of committed (7,500 vs 10,000). MTS item — buffer stock + green level matters. Forecast hit dead-on (0% variance) — strong demand sensing. Action: recover shortfall of 2,500 units.",Production Shortfall | Stock-Out Risk,"Produced 600 units against committed 10,000 units. Shortfall of 9,400 units — expedite production or procure. Closing -6,900 units. Green level 980 (-7.0x cover) — ⚠ Safety breach — replenish urgently.",Ops accepted Sales forecast in full. No capacity gap at plan stage.,,,10980.0,600.0,72825.0,,,,,,,,
TB 67 S,TX M05 B06 38 FG,Regular,100.0,100.0,,100.0,,100%,12.0,,,,12.0,MTO,,0.0%,12.0,,12.0,100.0,12.0,,,88.0,,,,Short Delivery | Forecast Bullseye,Dispatch 0% of committed (0 vs 100). MTO item — demand is order-driven. Forecast hit dead-on (0% variance) — strong demand sensing. Action: recover shortfall of 100 units.,Production Shortfall,Produced 0 units against committed 100 units. Shortfall of 88 units — expedite production or procure.,Ops accepted Sales forecast in full. No capacity gap at plan stage.,,,88.0,,,,,,,,,,
TB-19mm TX,TX M05 B06 38 FG3,Regular,2500.0,2500.0,,2500.0,,100%,6192.0,3528.0,,,9720.0,MTS,3800.0,152.0%,5920.0,140.0,5780.0,,,,,,3528.0,3552.0,1300.0,Over-Delivered | Forecast Bullseye,"Dispatch 152% of committed (3,800 vs 2,500). MTS item — buffer stock + green level matters. Forecast hit dead-on (0% variance) — strong demand sensing. Action: review over-commit of 1,300 units.",Excess Inventory,"Produced 3,528 units against committed 2,500 units. Excess build-up of 3,528 units — throttle production.",Ops accepted Sales forecast in full. No capacity gap at plan stage.,52555.17,52912.69,,,,,,,37869.0,1300.0,,37869.0,
TB 67 S,TX M05 B06 38 FL1,Regular,,,,,,,59.0,,,,59.0,MTO,,,59.0,,59.0,,,,,,,59.0,,Forecast Bullseye,Dispatch 0 units (no committed demand). MTO item — demand is order-driven. Forecast hit dead-on (0% variance) — strong demand sensing. No open commitment gap.,Unsold MTO Stock,Produced 0 units against committed 0 units.,Ops accepted Sales forecast in full. No capacity gap at plan stage.,,820.43,,,,,,,,,,,
TB-19mm TX,TX M05 B06 38 WH,Regular,3400.0,3400.0,,3400.0,,100%,,,400.0,400.0,,MTS,3600.0,105.9%,-3600.0,1090.0,,,,,,,,,200.0,On Target | Forecast Bullseye,"Dispatch 106% of committed (3,600 vs 3,400). MTS item — buffer stock + green level matters. Forecast hit dead-on (0% variance) — strong demand sensing. Action: review over-commit of 200 units.",Production Shortfall | Stock-Out Risk,"Produced 0 units against committed 3,400 units. Shortfall of 3,400 units — expedite production or procure. Closing -3,600 units. Green level 1,090 (-3.3x cover) — ⚠ Safety breach — replenish urgently.",Ops accepted Sales forecast in full. No capacity gap at plan stage.,,,4490.0,,,,,,5826.0,,200.0,,5826.0
TB-19mm TX,TX M05 B06 40 FG1,Regular,200.0,200.0,,200.0,,100%,206.0,825.0,,,1031.0,MTO,500.0,250.0%,531.0,,531.0,,,,,,825.0,6.0,300.0,Over-Delivered | Forecast Bullseye,Dispatch 250% of committed (500 vs 200). MTO item — demand is order-driven. Forecast hit dead-on (0% variance) — strong demand sensing. Action: review over-commit of 300 units.,Over-Production,Produced 825 units against committed 200 units. Red flag — produced 825 units more than ordered. Investigate planning breakdown.,Ops accepted Sales forecast in full. No capacity gap at plan stage.,11567.29,84.13,,,,,,,8739.0,6.0,294.0,174.78,8564.22
TB-19mm TX,TX M05 B06 40 FL1,Regular,,,,,,,36.0,200.0,,,236.0,MTO,200.0,,36.0,,36.0,,,,,,200.0,36.0,200.0,Forecast Bullseye,Dispatch 200 units (no committed demand). MTO item — demand is order-driven. Forecast hit dead-on (0% variance) — strong demand sensing. Action: review over-commit of 200 units.,Over-Production,Produced 200 units against committed 0 units. Red flag — produced 200 units more than ordered. Investigate planning breakdown.,Ops accepted Sales forecast in full. No capacity gap at plan stage.,2802.61,504.47,,,,,,,5826.0,36.0,164.0,1048.68,4777.32
TB 67,TX M05 B06 40 FL2,Regular,,,,,,,28.0,,,,28.0,MTO,,,28.0,,28.0,,,,,,,28.0,,Forecast Bullseye,Dispatch 0 units (no committed demand). MTO item — demand is order-driven. Forecast hit dead-on (0% variance) — strong demand sensing. No open commitment gap.,Unsold MTO Stock,Produced 0 units against committed 0 units.,Ops accepted Sales forecast in full. No capacity gap at plan stage.,,392.85,,,,,,,,,,,
TB-19mm TX,TX M05 B06 40 FL3,Regular,1000.0,1000.0,,1000.0,,100%,1440.0,1000.0,,,2440.0,MTO,1000.0,100.0%,1440.0,,1440.0,,,,,,1000.0,440.0,,On Target | Forecast Bullseye,"Dispatch 100% of committed (1,000 vs 1,000). MTO item — demand is order-driven. Forecast hit dead-on (0% variance) — strong demand sensing. No open commitment gap.",Over-Production,"Produced 1,000 units against committed 1,000 units. Red flag — produced 1,000 units more than ordered. Investigate planning breakdown.",Ops accepted Sales forecast in full. No capacity gap at plan stage.,15132.9,6658.48,,,,,,,,,,,
TB-19mm TX,TX M05 B06 40 GC,Regular,1000.0,1000.0,,1000.0,,100%,78.0,2200.0,,,2278.0,MTO,2200.0,220.0%,78.0,,78.0,,,,,,1278.0,,1200.0,Over-Delivered | Forecast Bullseye,"Dispatch 220% of committed (2,200 vs 1,000). MTO item — demand is order-driven. Forecast hit dead-on (0% variance) — strong demand sensing. Action: review over-commit of 1,200 units.",Over-Production,"Produced 2,200 units against committed 1,000 units. Red flag — produced 1,278 units more than ordered. Investigate planning breakdown.",Ops accepted Sales forecast in full. No capacity gap at plan stage.,18320.64,,922.0,922.0,,,,,34956.0,,1200.0,,34956.0
TB 67 B,TX M05 B06 40 TM,Regular,200.0,200.0,,200.0,,100%,2.0,,,,2.0,MTO,,0.0%,2.0,,2.0,200.0,2.0,,,198.0,,,,Short Delivery | Forecast Bullseye,Dispatch 0% of committed (0 vs 200). MTO item — demand is order-driven. Forecast hit dead-on (0% variance) — strong demand sensing. Action: recover shortfall of 200 units.,Production Shortfall,Produced 0 units against committed 200 units. Shortfall of 198 units — expedite production or procure.,Ops accepted Sales forecast in full. No capacity gap at plan stage.,,,198.0,,,,,,,,,,
TB 67,TX M05 B06 40 W/J,Regular,,,,,,,83.0,,,,83.0,MTO,,,83.0,,83.0,,,,,,,83.0,,Forecast Bullseye,Dispatch 0 units (no committed demand). MTO item — demand is order-driven. Forecast hit dead-on (0% variance) — strong demand sensing. No open commitment gap.,Unsold MTO Stock,Produced 0 units against committed 0 units.,Ops accepted Sales forecast in full. No capacity gap at plan stage.,,1476.13,,,,,,,,,,,
TB-19mm TX,TX M05 B06 40 WH,Regular,1000.0,1000.0,,1000.0,,100%,,,,,,MTO,400.0,40.0%,-400.0,,,600.0,,,,600.0,,,,Short Delivery | Forecast Bullseye,"Dispatch 40% of committed (400 vs 1,000). MTO item — demand is order-driven. Forecast hit dead-on (0% variance) — strong demand sensing. Action: recover shortfall of 600 units.",Production Shortfall,"Produced 0 units against committed 1,000 units. Shortfall of 1,000 units — expedite production or procure.",Ops accepted Sales forecast in full. No capacity gap at plan stage.,,,1000.0,,17478.0,,,,,,,,
,TX M05 B06 42 (TX),Regular,,,,,,,182.0,,,,182.0,TBC,,,182.0,,182.0,,,,,,,182.0,,Forecast Bullseye,Dispatch 0 units (no committed demand). Forecast hit dead-on (0% variance) — strong demand sensing. No open commitment gap.,Healthy Stock,Produced 0 units against committed 0 units.,Ops accepted Sales forecast in full. No capacity gap at plan stage.,,3177.15,,,,,,,,,,,
TB-19mm TX,TX M05 B06 42 OEM,Regular,,,,,,,3655.0,13400.0,,19500.0,-2445.0,MTS,,,-2445.0,14400.0,,,,,,,2655.0,,,Forecast Bullseye,Dispatch 0 units (no committed demand). MTS item — buffer stock + green level matters. Forecast hit dead-on (0% variance) — strong demand sensing. No open commitment gap.,Production Shortfall | Stock-Out Risk | Production Surplus,"Produced 13,400 units against committed 0 units. Shortfall of 2,445 units — expedite production or procure. Closing -2,445 units. Green level 14,400 (-0.2x cover) — ⚠ Safety breach — replenish urgently.",Ops accepted Sales forecast in full. No capacity gap at plan stage.,42372.23,,10745.0,10745.0,,,,,,,,,
TB-19mm TX,TX M05 B06 42 TMJ,Regular,10300.0,10300.0,,10300.0,,100%,,,19500.0,,19500.0,MTO,19500.0,189.3%,0.0,,,,,,,,,,9200.0,Over-Delivered | Forecast Bullseye,"Dispatch 189% of committed (19,500 vs 10,300). MTO item — demand is order-driven. Forecast hit dead-on (0% variance) — strong demand sensing. Action: review over-commit of 9,200 units.",Healthy Stock,"Produced 0 units against committed 10,300 units. Production and inventory in healthy state.",Ops accepted Sales forecast in full. No capacity gap at plan stage.,,,10300.0,,,,,,267996.0,,9200.0,,267996.0
TB-19mm TX,TX M05 B06 42 WH,Regular,2000.0,2000.0,,2000.0,,100%,,1275.0,1200.0,1200.0,1275.0,MTS,1200.0,60.0%,75.0,730.0,,800.0,75.0,,,725.0,,,,Short Delivery | Forecast Bullseye,"Dispatch 60% of committed (1,200 vs 2,000). MTS item — buffer stock + green level matters. Forecast hit dead-on (0% variance) — strong demand sensing. Action: recover shortfall of 800 units.",Production Shortfall | Stock-Out Risk,"Produced 1,275 units against committed 2,000 units. Shortfall of 725 units — expedite production or procure. Closing 75 units. Green level 730 (0.1x cover) — ⚠ Safety breach — replenish urgently.",Ops accepted Sales forecast in full. No capacity gap at plan stage.,,,2730.0,1275.0,21119.25,2184.75,,,,,,,
TB 67 S,TX M05 B06 44 GC,Regular,1700.0,1700.0,,1700.0,,100%,2484.0,,,,2484.0,MTO,,0.0%,2484.0,,2484.0,1700.0,1700.0,,,,,784.0,,Short Delivery | Forecast Bullseye,"Dispatch 0% of committed (0 vs 1,700). MTO item — demand is order-driven. Forecast hit dead-on (0% variance) — strong demand sensing. Action: recover shortfall of 1,700 units.",Healthy Stock,"Produced 0 units against committed 1,700 units.",Ops accepted Sales forecast in full. No capacity gap at plan stage.,,11883.4,,,,,,,,,,,
TB 67,TX M05 B06 44 OEM,Regular,,,,,,,946.0,,,,946.0,MTO,,,946.0,,946.0,,,,,,,946.0,,Forecast Bullseye,Dispatch 0 units (no committed demand). MTO item — demand is order-driven. Forecast hit dead-on (0% variance) — strong demand sensing. No open commitment gap.,Unsold MTO Stock,Produced 0 units against committed 0 units.,Ops accepted Sales forecast in full. No capacity gap at plan stage.,,16676.92,,,,,,,,,,,
,TX M05 B06 44 TM,Regular,,,,,,,318.0,,,,318.0,TBC,,,318.0,,318.0,,,,,,,318.0,,Forecast Bullseye,Dispatch 0 units (no committed demand). Forecast hit dead-on (0% variance) — strong demand sensing. No open commitment gap.,Healthy Stock,Produced 0 units against committed 0 units.,Ops accepted Sales forecast in full. No capacity gap at plan stage.,,4614.46,,,,,,,,,,,
TB-19mm TX,TX M05 B06 44 TMJ,Regular,15900.0,15900.0,,15900.0,,100%,6310.0,8300.0,,,14610.0,MTS,27600.0,173.6%,-12990.0,17233.33,,,,,,,,,11700.0,Over-Delivered | Forecast Bullseye,"Dispatch 174% of committed (27,600 vs 15,900). MTS item — buffer stock + green level matters. Forecast hit dead-on (0% variance) — strong demand sensing. Action: review over-commit of 11,700 units.",Production Shortfall | Stock-Out Risk,"Produced 8,300 units against committed 15,900 units. Shortfall of 1,290 units — expedite production or procure. Closing -12,990 units. Green level 17,233 (-0.8x cover) — ⚠ Safety breach — replenish urgently.",Ops accepted Sales forecast in full. No capacity gap at plan stage.,,,26823.33,8300.0,,,,,340821.0,,11700.0,,340821.0
TB-19mm TX,TX M05 B06 44 WH,Regular,3000.0,3000.0,,3000.0,,100%,,1300.0,,,1300.0,MTS,1500.0,50.0%,-200.0,530.0,,1500.0,,,,1500.0,,,,Short Delivery | Forecast Bullseye,"Dispatch 50% of committed (1,500 vs 3,000). MTS item — buffer stock + green level matters. Forecast hit dead-on (0% variance) — strong demand sensing. Action: recover shortfall of 1,500 units.",Production Shortfall | Stock-Out Risk,"Produced 1,300 units against committed 3,000 units. Shortfall of 1,700 units — expedite production or procure. Closing -200 units. Green level 530 (-0.4x cover) — ⚠ Safety breach — replenish urgently.",Ops accepted Sales forecast in full. No capacity gap at plan stage.,,,3530.0,1300.0,43695.0,,,,,,,,
TB-19mm TX,TX M05 B06 44 WH1,Regular,9300.0,9300.0,,9300.0,,100%,,6425.0,6300.0,6300.0,6425.0,MTO,300.0,3.2%,6125.0,,6125.0,9000.0,6125.0,,,2875.0,,,,Short Delivery | Forecast Bullseye,"Dispatch 3% of committed (300 vs 9,300). MTO item — demand is order-driven. Forecast hit dead-on (0% variance) — strong demand sensing. Action: recover shortfall of 9,000 units.",Production Shortfall,"Produced 6,425 units against committed 9,300 units. Shortfall of 2,875 units — expedite production or procure.",Ops accepted Sales forecast in full. No capacity gap at plan stage.,,,9300.0,6425.0,83748.75,178421.25,,,,,,,
,TX M05 B06 46 (TX),Regular,,,,,,,8.0,,,,8.0,TBC,,,8.0,,8.0,,,,,,,8.0,,Forecast Bullseye,Dispatch 0 units (no committed demand). Forecast hit dead-on (0% variance) — strong demand sensing. No open commitment gap.,Healthy Stock,Produced 0 units against committed 0 units.,Ops accepted Sales forecast in full. No capacity gap at plan stage.,,120.53,,,,,,,,,,,
TB 67 B G,TX M05 B06 46 AL,Regular,,,,,,,1403.0,,,,1403.0,MTO,,,1403.0,,1403.0,,,,,,,1403.0,,Forecast Bullseye,Dispatch 0 units (no committed demand). MTO item — demand is order-driven. Forecast hit dead-on (0% variance) — strong demand sensing. No open commitment gap.,Unsold MTO Stock,Produced 0 units against committed 0 units.,Ops accepted Sales forecast in full. No capacity gap at plan stage.,,21616.22,,,,,,,,,,,
TB-19mm TX,TX M05 B06 46 FG,Regular,1000.0,1000.0,,1000.0,,100%,84.0,325.0,,,409.0,MTO,300.0,30.0%,109.0,,109.0,700.0,109.0,,,591.0,,,,Short Delivery | Forecast Bullseye,"Dispatch 30% of committed (300 vs 1,000). MTO item — demand is order-driven. Forecast hit dead-on (0% variance) — strong demand sensing. Action: recover shortfall of 700 units.",Production Shortfall,"Produced 325 units against committed 1,000 units. Shortfall of 591 units — expedite production or procure.",Ops accepted Sales forecast in full. No capacity gap at plan stage.,,,916.0,325.0,17215.83,3175.17,,,,,,,
TB-19mm TX,TX M05 B06 46 FG1,Regular,800.0,800.0,,800.0,,100%,31.0,1025.0,,,1056.0,MTO,500.0,62.5%,556.0,,556.0,300.0,300.0,,,,256.0,,,Short Delivery | Forecast Bullseye,Dispatch 62% of committed (500 vs 800). MTO item — demand is order-driven. Forecast hit dead-on (0% variance) — strong demand sensing. Action: recover shortfall of 300 units.,Over-Production,"Produced 1,025 units against committed 800 units. Red flag — produced 256 units more than ordered. Investigate planning breakdown.",Ops accepted Sales forecast in full. No capacity gap at plan stage.,3747.1,,769.0,769.0,,8739.0,,,,,,,
TB-19mm TX,TX M05 B06 46 TMJ,Regular,1400.0,1400.0,,1400.0,,100%,7992.0,,,,7992.0,MTO,4800.0,342.9%,3192.0,,3192.0,,,,,,,6592.0,3400.0,Over-Delivered | Forecast Bullseye,"Dispatch 343% of committed (4,800 vs 1,400). MTO item — demand is order-driven. Forecast hit dead-on (0% variance) — strong demand sensing. Action: review over-commit of 3,400 units.",Unsold MTO Stock,"Produced 0 units against committed 1,400 units.",Ops accepted Sales forecast in full. No capacity gap at plan stage.,,98989.69,,,,,,,99042.0,3400.0,,99042.0,
TB-19mm TX,TX M05 B06 46 WH,Regular,2000.0,2000.0,,2000.0,,100%,,4800.0,3900.0,3900.0,4800.0,MTS,1800.0,90.0%,3000.0,750.0,2250.0,200.0,200.0,,,,2050.0,,,On Target | Forecast Bullseye,"Dispatch 90% of committed (1,800 vs 2,000). MTS item — buffer stock + green level matters. Forecast hit dead-on (0% variance) — strong demand sensing. Action: recover shortfall of 200 units.",Excess Inventory,"Produced 4,800 units against committed 2,000 units. Excess build-up of 2,050 units — throttle production.",Ops accepted Sales forecast in full. No capacity gap at plan stage.,,,2750.0,2750.0,,5826.0,,,,,,,
TB-19mm TX,TX M05 B06 48 FL1,Regular,900.0,900.0,,900.0,,100%,7.0,1625.0,,,1632.0,MTO,1100.0,122.2%,532.0,,532.0,,,,,,732.0,,200.0,Over-Delivered | Forecast Bullseye,"Dispatch 122% of committed (1,100 vs 900). MTO item — demand is order-driven. Forecast hit dead-on (0% variance) — strong demand sensing. Action: review over-commit of 200 units.",Over-Production,"Produced 1,625 units against committed 900 units. Red flag — produced 732 units more than ordered. Investigate planning breakdown.",Ops accepted Sales forecast in full. No capacity gap at plan stage.,10619.58,,893.0,893.0,,,,,5826.0,,200.0,,5826.0
TB 67,TX M05 B06 48 OEM,Regular,,,,,,,1491.0,,,,1491.0,MTO,,,1491.0,,1491.0,,,,,,,1491.0,,Forecast Bullseye,Dispatch 0 units (no committed demand). MTO item — demand is order-driven. Forecast hit dead-on (0% variance) — strong demand sensing. No open commitment gap.,Unsold MTO Stock,Produced 0 units against committed 0 units.,Ops accepted Sales forecast in full. No capacity gap at plan stage.,,28414.88,,,,,,,,,,,
TB-19mm TX,TX M05 B06 48 WH,Regular,3000.0,3000.0,,3000.0,,100%,,3750.0,3000.0,3000.0,3750.0,MTS,3000.0,100.0%,750.0,870.0,,,,,,,,,,On Target | Forecast Bullseye,"Dispatch 100% of committed (3,000 vs 3,000). MTS item — buffer stock + green level matters. Forecast hit dead-on (0% variance) — strong demand sensing. No open commitment gap.",Below Safety,"Produced 3,750 units against committed 3,000 units. Closing 750 units. Green level 870 (0.9x cover) — ⚠ Safety breach — replenish urgently.",Ops accepted Sales forecast in full. No capacity gap at plan stage.,,,3870.0,3750.0,,,,,,,,,
,TX M05 B06 50 (TX),Regular,,,,,,,3502.0,,,,3502.0,TBC,,,3502.0,,3502.0,,,,,,,3502.0,,Forecast Bullseye,Dispatch 0 units (no committed demand). Forecast hit dead-on (0% variance) — strong demand sensing. No open commitment gap.,Healthy Stock,Produced 0 units against committed 0 units.,Ops accepted Sales forecast in full. No capacity gap at plan stage.,,55044.93,,,,,,,,,,,
TB-19mm TX,TX M05 B06 50 FG,Regular,600.0,600.0,,600.0,,100%,9.0,400.0,,,409.0,MTO,400.0,66.7%,9.0,,9.0,200.0,9.0,,,191.0,,,,Short Delivery | Forecast Bullseye,Dispatch 67% of committed (400 vs 600). MTO item — demand is order-driven. Forecast hit dead-on (0% variance) — strong demand sensing. Action: recover shortfall of 200 units.,Production Shortfall,Produced 400 units against committed 600 units. Shortfall of 191 units — expedite production or procure.,Ops accepted Sales forecast in full. No capacity gap at plan stage.,,,591.0,400.0,5563.83,262.17,,,,,,,
TB-19mm TX,TX M05 B06 50 TM,Regular,,,,,,,7857.0,,,,7857.0,MTO,1800.0,,6057.0,,6057.0,,,,,,,7857.0,1800.0,Forecast Bullseye,"Dispatch 1,800 units (no committed demand). MTO item — demand is order-driven. Forecast hit dead-on (0% variance) — strong demand sensing. Action: review over-commit of 1,800 units.",Unsold MTO Stock,Produced 0 units against committed 0 units.,Ops accepted Sales forecast in full. No capacity gap at plan stage.,,121057.12,,,,,,,52434.0,1800.0,,52434.0,
TB-19mm TX,TX M05 B06 50 WH,Regular,,,,,,,,,400.0,400.0,,MTS,200.0,,-200.0,500.0,,,,,,,,,200.0,Forecast Bullseye,Dispatch 200 units (no committed demand). MTS item — buffer stock + green level matters. Forecast hit dead-on (0% variance) — strong demand sensing. Action: review over-commit of 200 units.,Stock-Out Risk,Produced 0 units against committed 0 units. Closing -200 units. Green level 500 (-0.4x cover) — ⚠ Safety breach — replenish urgently.,Ops accepted Sales forecast in full. No capacity gap at plan stage.,,,500.0,,,,,,5826.0,,200.0,,5826.0
TB-19mm TX,TX M05 B06 52 FG,Regular,,,,,,,,575.0,,,575.0,MTO,300.0,,275.0,,275.0,,,,,,575.0,,300.0,Forecast Bullseye,Dispatch 300 units (no committed demand). MTO item — demand is order-driven. Forecast hit dead-on (0% variance) — strong demand sensing. Action: review over-commit of 300 units.,Over-Production,Produced 575 units against committed 0 units. Red flag — produced 575 units more than ordered. Investigate planning breakdown.,Ops accepted Sales forecast in full. No capacity gap at plan stage.,,,,,,,,,8739.0,,300.0,,8739.0
TB 74,TX M05 B06 52 FG3,Regular,200.0,200.0,,200.0,,100%,10.0,,,,10.0,MTO,,0.0%,10.0,,10.0,200.0,10.0,,,190.0,,,,Short Delivery | Forecast Bullseye,Dispatch 0% of committed (0 vs 200). MTO item — demand is order-driven. Forecast hit dead-on (0% variance) — strong demand sensing. Action: recover shortfall of 200 units.,Production Shortfall,Produced 0 units against committed 200 units. Shortfall of 190 units — expedite production or procure.,Ops accepted Sales forecast in full. No capacity gap at plan stage.,,,190.0,,,,,,,,,,
TB 74,TX M05 B06 52 FL,Regular,800.0,800.0,,800.0,,100%,69.0,,,,69.0,MTO,,0.0%,69.0,,69.0,800.0,69.0,,,731.0,,,,Short Delivery | Forecast Bullseye,Dispatch 0% of committed (0 vs 800). MTO item — demand is order-driven. Forecast hit dead-on (0% variance) — strong demand sensing. Action: recover shortfall of 800 units.,Production Shortfall,Produced 0 units against committed 800 units. Shortfall of 731 units — expedite production or procure.,Ops accepted Sales forecast in full. No capacity gap at plan stage.,,,731.0,,,,,,,,,,
TB 74 B,TX M05 B06 52 O,Regular,,,,,,,262.0,,,,262.0,MTO,,,262.0,,262.0,,,,,,,262.0,,Forecast Bullseye,Dispatch 0 units (no committed demand). MTO item — demand is order-driven. Forecast hit dead-on (0% variance) — strong demand sensing. No open commitment gap.,Unsold MTO Stock,Produced 0 units against committed 0 units.,Ops accepted Sales forecast in full. No capacity gap at plan stage.,,4399.93,,,,,,,,,,,
TB 74 B,TX M05 B06 52 OEM,Regular,,,,,,,159.0,,,,159.0,MTO,,,159.0,,159.0,,,,,,,159.0,,Forecast Bullseye,Dispatch 0 units (no committed demand). MTO item — demand is order-driven. Forecast hit dead-on (0% variance) — strong demand sensing. No open commitment gap.,Unsold MTO Stock,Produced 0 units against committed 0 units.,Ops accepted Sales forecast in full. No capacity gap at plan stage.,,3205.06,,,,,,,,,,,
TB-19mm TX,TX M05 B06 52 WH,Regular,3100.0,3100.0,,3100.0,,100%,,,600.0,600.0,,MTS,2800.0,90.3%,-2800.0,750.0,,300.0,,,,300.0,,,,On Target | Forecast Bullseye,"Dispatch 90% of committed (2,800 vs 3,100). MTS item — buffer stock + green level matters. Forecast hit dead-on (0% variance) — strong demand sensing. Action: recover shortfall of 300 units.",Production Shortfall | Stock-Out Risk,"Produced 0 units against committed 3,100 units. Shortfall of 3,100 units — expedite production or procure. Closing -2,800 units. Green level 750 (-3.7x cover) — ⚠ Safety breach — replenish urgently.",Ops accepted Sales forecast in full. No capacity gap at plan stage.,,,3850.0,,8739.0,,,,,,,,
TB 74 B,TX M05 B06 52 WH1,Regular,1400.0,1400.0,,1400.0,,100%,,,,,,MTO,,0.0%,0,,,1400.0,,,,1400.0,,,,Short Delivery | Forecast Bullseye,"Dispatch 0% of committed (0 vs 1,400). MTO item — demand is order-driven. Forecast hit dead-on (0% variance) — strong demand sensing. Action: recover shortfall of 1,400 units.",Production Shortfall,"Produced 0 units against committed 1,400 units. Shortfall of 1,400 units — expedite production or procure.",Ops accepted Sales forecast in full. No capacity gap at plan stage.,,,1400.0,,,,,,,,,,
TB 74,TX M05 B06 54 GC,Regular,800.0,800.0,,800.0,,100%,36.0,,,,36.0,MTO,,0.0%,36.0,,36.0,800.0,36.0,,,764.0,,,,Short Delivery | Forecast Bullseye,Dispatch 0% of committed (0 vs 800). MTO item — demand is order-driven. Forecast hit dead-on (0% variance) — strong demand sensing. Action: recover shortfall of 800 units.,Production Shortfall,Produced 0 units against committed 800 units. Shortfall of 764 units — expedite production or procure.,Ops accepted Sales forecast in full. No capacity gap at plan stage.,,,764.0,,,,,,,,,,
TB-19mm TX,TX M05 B06 54 OEM,Regular,23300.0,23300.0,,23300.0,,100%,16611.0,15950.0,,,32561.0,MTS,21800.0,93.6%,10761.0,15216.67,,1500.0,1500.0,,,,,,,On Target | Forecast Bullseye,"Dispatch 94% of committed (21,800 vs 23,300). MTS item — buffer stock + green level matters. Forecast hit dead-on (0% variance) — strong demand sensing. Action: recover shortfall of 1,500 units.",Below Safety,"Produced 15,950 units against committed 23,300 units. Closing 10,761 units. Green level 15,217 (0.7x cover) — ⚠ Safety breach — replenish urgently.",Ops accepted Sales forecast in full. No capacity gap at plan stage.,,,21905.67,15950.0,,43695.0,,,,,,,
TB-19mm TX,TX M05 B06 54 WH,Regular,7000.0,7000.0,,7000.0,,100%,,,600.0,600.0,,MTS,4600.0,65.7%,-4600.0,7866.67,,2400.0,,,,2400.0,,,,Short Delivery | Forecast Bullseye,"Dispatch 66% of committed (4,600 vs 7,000). MTS item — buffer stock + green level matters. Forecast hit dead-on (0% variance) — strong demand sensing. Action: recover shortfall of 2,400 units.",Production Shortfall | Stock-Out Risk,"Produced 0 units against committed 7,000 units. Shortfall of 7,000 units — expedite production or procure. Closing -4,600 units. Green level 7,867 (-0.6x cover) — ⚠ Safety breach — replenish urgently.",Ops accepted Sales forecast in full. No capacity gap at plan stage.,,,14866.67,,69912.0,,,,,,,,
TB-19mm TX,TX M05 B06 56 FG2,Regular,200.0,200.0,,200.0,,100%,39.0,525.0,,,564.0,MTO,500.0,250.0%,64.0,,64.0,,,,,,364.0,,300.0,Over-Delivered | Forecast Bullseye,Dispatch 250% of committed (500 vs 200). MTO item — demand is order-driven. Forecast hit dead-on (0% variance) — strong demand sensing. Action: review over-commit of 300 units.,Over-Production,Produced 525 units against committed 200 units. Red flag — produced 364 units more than ordered. Investigate planning breakdown.,Ops accepted Sales forecast in full. No capacity gap at plan stage.,5657.15,,161.0,161.0,,,,,8739.0,,300.0,,8739.0
TB 74,TX M05 B06 56 FG3,Regular,400.0,400.0,,400.0,,100%,76.0,,,,76.0,MTO,,0.0%,76.0,,76.0,400.0,76.0,,,324.0,,,,Short Delivery | Forecast Bullseye,Dispatch 0% of committed (0 vs 400). MTO item — demand is order-driven. Forecast hit dead-on (0% variance) — strong demand sensing. Action: recover shortfall of 400 units.,Production Shortfall,Produced 0 units against committed 400 units. Shortfall of 324 units — expedite production or procure.,Ops accepted Sales forecast in full. No capacity gap at plan stage.,,,324.0,,,,,,,,,,
TB 74,TX M05 B06 56 FL,Regular,,,,,,,141.0,,,,141.0,MTO,,,141.0,,141.0,,,,,,,141.0,,Forecast Bullseye,Dispatch 0 units (no committed demand). MTO item — demand is order-driven. Forecast hit dead-on (0% variance) — strong demand sensing. No open commitment gap.,Unsold MTO Stock,Produced 0 units against committed 0 units.,Ops accepted Sales forecast in full. No capacity gap at plan stage.,,2297.62,,,,,,,,,,,
TB-19mm TX,TX M05 B06 56 WH,Regular,2400.0,2400.0,,2400.0,,100%,,,,,,MTS,200.0,8.3%,-200.0,490.0,,2200.0,,,,2200.0,,,,Short Delivery | Forecast Bullseye,"Dispatch 8% of committed (200 vs 2,400). MTS item — buffer stock + green level matters. Forecast hit dead-on (0% variance) — strong demand sensing. Action: recover shortfall of 2,200 units.",Production Shortfall | Stock-Out Risk,"Produced 0 units against committed 2,400 units. Shortfall of 2,400 units — expedite production or procure. Closing -200 units. Green level 490 (-0.4x cover) — ⚠ Safety breach — replenish urgently.",Ops accepted Sales forecast in full. No capacity gap at plan stage.,,,2890.0,,64086.0,,,,,,,,
TB 74,TX M05 B06 58 AL,Regular,1100.0,1100.0,,1100.0,,100%,1644.0,,,,1644.0,MTO,,0.0%,1644.0,,1644.0,1100.0,1100.0,,,,,544.0,,Short Delivery | Forecast Bullseye,"Dispatch 0% of committed (0 vs 1,100). MTO item — demand is order-driven. Forecast hit dead-on (0% variance) — strong demand sensing. Action: recover shortfall of 1,100 units.",Healthy Stock,"Produced 0 units against committed 1,100 units.",Ops accepted Sales forecast in full. No capacity gap at plan stage.,,8659.44,,,,,,,,,,,
TB-19mm TX,TX M05 B06 58 FG,Regular,900.0,900.0,,900.0,,100%,232.0,1000.0,,,1232.0,MTO,,0.0%,1232.0,,1232.0,900.0,900.0,,,,332.0,,,Short Delivery | Forecast Bullseye,Dispatch 0% of committed (0 vs 900). MTO item — demand is order-driven. Forecast hit dead-on (0% variance) — strong demand sensing. Action: recover shortfall of 900 units.,Over-Production,"Produced 1,000 units against committed 900 units. Red flag — produced 332 units more than ordered. Investigate planning breakdown.",Ops accepted Sales forecast in full. No capacity gap at plan stage.,5750.17,,668.0,668.0,,26217.0,,,,,,,
TB-19mm TX,TX M05 B06 58 FG1,Regular,1800.0,1800.0,,1800.0,,100%,4597.0,5075.0,,,9672.0,MTO,4550.0,252.8%,5122.0,,5122.0,,,,,,5075.0,2797.0,2750.0,Over-Delivered | Forecast Bullseye,"Dispatch 253% of committed (4,550 vs 1,800). MTO item — demand is order-driven. Forecast hit dead-on (0% variance) — strong demand sensing. Action: review over-commit of 2,750 units.",Over-Production,"Produced 5,075 units against committed 1,800 units. Red flag — produced 5,075 units more than ordered. Investigate planning breakdown.",Ops accepted Sales forecast in full. No capacity gap at plan stage.,87556.13,48255.07,,,,,,,80107.5,2750.0,,80107.5,
TB 74,TX M05 B06 58 FL,Regular,,,,,,,20.0,,,,20.0,MTO,,,20.0,,20.0,,,,,,,20.0,,Forecast Bullseye,Dispatch 0 units (no committed demand). MTO item — demand is order-driven. Forecast hit dead-on (0% variance) — strong demand sensing. No open commitment gap.,Unsold MTO Stock,Produced 0 units against committed 0 units.,Ops accepted Sales forecast in full. No capacity gap at plan stage.,,327.31,,,,,,,,,,,
TB 74,TX M05 B06 58 FL2,Regular,,,,,,,100.0,,,,100.0,MTO,,,100.0,,100.0,,,,,,,100.0,,Forecast Bullseye,Dispatch 0 units (no committed demand). MTO item — demand is order-driven. Forecast hit dead-on (0% variance) — strong demand sensing. No open commitment gap.,Unsold MTO Stock,Produced 0 units against committed 0 units.,Ops accepted Sales forecast in full. No capacity gap at plan stage.,,2259.0,,,,,,,,,,,
TB-19mm TX,TX M05 B06 58 OEM,Regular,23000.0,23000.0,,23000.0,,100%,16502.0,12050.0,,,28552.0,MTS,23500.0,102.2%,5052.0,20283.33,,,,,,,,,500.0,On Target | Forecast Bullseye,"Dispatch 102% of committed (23,500 vs 23,000). MTS item — buffer stock + green level matters. Forecast hit dead-on (0% variance) — strong demand sensing. Action: review over-commit of 500 units.",Stock-Out Risk,"Produced 12,050 units against committed 23,000 units. Closing 5,052 units. Green level 20,283 (0.2x cover) — ⚠ Safety breach — replenish urgently.",Ops accepted Sales forecast in full. No capacity gap at plan stage.,,,26781.33,12050.0,,,,,14565.0,,500.0,,14565.0
TB-19mm TX,TX M05 B06 58 WH,Regular,,,,,,,,650.0,,,650.0,MTS,2750.0,,-2100.0,630.0,,,,,,,20.0,,2750.0,Forecast Bullseye,"Dispatch 2,750 units (no committed demand). MTS item — buffer stock + green level matters. Forecast hit dead-on (0% variance) — strong demand sensing. Action: review over-commit of 2,750 units.",Stock-Out Risk | Production Surplus,"Produced 650 units against committed 0 units. Closing -2,100 units. Green level 630 (-3.3x cover) — ⚠ Safety breach — replenish urgently.",Ops accepted Sales forecast in full. No capacity gap at plan stage.,,,630.0,630.0,,,,,80107.5,,2750.0,,80107.5
TB-19mm TX,TX M05 B06 60 FL,Regular,1400.0,1400.0,,1400.0,,100%,13.0,1050.0,,,1063.0,MTO,1050.0,75.0%,13.0,,13.0,350.0,13.0,,,337.0,,,,Short Delivery | Forecast Bullseye,"Dispatch 75% of committed (1,050 vs 1,400). MTO item — demand is order-driven. Forecast hit dead-on (0% variance) — strong demand sensing. Action: recover shortfall of 350 units.",Production Shortfall,"Produced 1,050 units against committed 1,400 units. Shortfall of 337 units — expedite production or procure.",Ops accepted Sales forecast in full. No capacity gap at plan stage.,,,1387.0,1050.0,9816.81,378.69,,,,,,,
TB-19mm TX,TX M05 B06 60 O,Regular,300.0,300.0,,300.0,,100%,4.0,,650.0,200.0,454.0,MTO,600.0,200.0%,-146.0,,,,,,,,,,300.0,Over-Delivered | Forecast Bullseye,Dispatch 200% of committed (600 vs 300). MTO item — demand is order-driven. Forecast hit dead-on (0% variance) — strong demand sensing. Action: review over-commit of 300 units.,Healthy Stock,Produced 0 units against committed 300 units.,Ops accepted Sales forecast in full. No capacity gap at plan stage.,,,296.0,,,,,,8739.0,,300.0,,8739.0
TB-19mm TX,TX M05 B06 60 OEM,Regular,3700.0,3700.0,,3700.0,,100%,6853.0,2100.0,450.0,900.0,8503.0,MTS,3600.0,97.3%,4903.0,4516.67,386.33,100.0,100.0,,,,736.33,,,On Target | Forecast Bullseye,"Dispatch 97% of committed (3,600 vs 3,700). MTS item — buffer stock + green level matters. Forecast hit dead-on (0% variance) — strong demand sensing. Action: recover shortfall of 100 units.",Production Surplus,"Produced 2,100 units against committed 3,700 units.",Ops accepted Sales forecast in full. No capacity gap at plan stage.,12213.47,,1363.67,1363.67,,2913.0,,,,,,,
TB-19mm TX,TX M05 B06 60 WH,Regular,3000.0,3000.0,,3000.0,,100%,,6075.0,6000.0,6000.0,6075.0,MTS,3400.0,113.3%,2675.0,800.0,1875.0,,,,,,2275.0,,400.0,Over-Delivered | Forecast Bullseye,"Dispatch 113% of committed (3,400 vs 3,000). MTS item — buffer stock + green level matters. Forecast hit dead-on (0% variance) — strong demand sensing. Action: review over-commit of 400 units.",Excess Inventory,"Produced 6,075 units against committed 3,000 units. Excess build-up of 2,275 units — throttle production.",Ops accepted Sales forecast in full. No capacity gap at plan stage.,,,3800.0,3800.0,,,,,11652.0,,400.0,,11652.0
TB 74,TX M05 B06 60 WH1,Regular,4000.0,4000.0,,4000.0,,100%,,,,,,MTO,,0.0%,0,,,4000.0,,,,4000.0,,,,Short Delivery | Forecast Bullseye,"Dispatch 0% of committed (0 vs 4,000). MTO item — demand is order-driven. Forecast hit dead-on (0% variance) — strong demand sensing. Action: recover shortfall of 4,000 units.",Production Shortfall,"Produced 0 units against committed 4,000 units. Shortfall of 4,000 units — expedite production or procure.",Ops accepted Sales forecast in full. No capacity gap at plan stage.,,,4000.0,,,,,,,,,,
TB-19mm TX,TX M05 B06 62 FG,Regular,900.0,900.0,,900.0,,100%,1915.0,2600.0,,,4515.0,MTO,1800.0,200.0%,2715.0,,2715.0,,,,,,2600.0,1015.0,900.0,Over-Delivered | Forecast Bullseye,"Dispatch 200% of committed (1,800 vs 900). MTO item — demand is order-driven. Forecast hit dead-on (0% variance) — strong demand sensing. Action: review over-commit of 900 units.",Over-Production,"Produced 2,600 units against committed 900 units. Red flag — produced 2,600 units more than ordered. Investigate planning breakdown.",Ops accepted Sales forecast in full. No capacity gap at plan stage.,44711.58,17454.71,,,,,,,26217.0,900.0,,26217.0,
TB 74,TX M05 B06 62 OEM,Regular,200.0,200.0,,200.0,,100%,26.0,,,,26.0,MTO,,0.0%,26.0,,26.0,200.0,26.0,,,174.0,,,,Short Delivery | Forecast Bullseye,Dispatch 0% of committed (0 vs 200). MTO item — demand is order-driven. Forecast hit dead-on (0% variance) — strong demand sensing. Action: recover shortfall of 200 units.,Production Shortfall,Produced 0 units against committed 200 units. Shortfall of 174 units — expedite production or procure.,Ops accepted Sales forecast in full. No capacity gap at plan stage.,,,174.0,,,,,,,,,,
TB-19mm TX,TX M05 B06 62 WH,Regular,2500.0,2500.0,,2500.0,,100%,,5175.0,5000.0,5000.0,5175.0,MTS,3200.0,128.0%,1975.0,500.0,1475.0,,,,,,2175.0,,700.0,Over-Delivered | Forecast Bullseye,"Dispatch 128% of committed (3,200 vs 2,500). MTS item — buffer stock + green level matters. Forecast hit dead-on (0% variance) — strong demand sensing. Action: review over-commit of 700 units.",Excess Inventory,"Produced 5,175 units against committed 2,500 units. Excess build-up of 2,175 units — throttle production.",Ops accepted Sales forecast in full. No capacity gap at plan stage.,,,3000.0,3000.0,,,,,20391.0,,700.0,,20391.0
TB-19mm TX,TX M05 B06 64 (TX),Regular,7100.0,7100.0,,7100.0,,100%,3049.0,22950.0,,,25999.0,MTS,9000.0,126.8%,16999.0,9250.0,7749.0,,,,,,9649.0,,1900.0,Over-Delivered | Forecast Bullseye,"Dispatch 127% of committed (9,000 vs 7,100). MTS item — buffer stock + green level matters. Forecast hit dead-on (0% variance) — strong demand sensing. Action: review over-commit of 1,900 units.",Excess Inventory,"Produced 22,950 units against committed 7,100 units. Excess build-up of 9,649 units — throttle production.",Ops accepted Sales forecast in full. No capacity gap at plan stage.,156371.6,,13301.0,13301.0,,,,,55347.0,,1900.0,,55347.0
TB 74,TX M05 B06 64 AL,Regular,8400.0,8400.0,,8400.0,,100%,3702.0,,,,3702.0,MTO,,0.0%,3702.0,,3702.0,8400.0,3702.0,,,4698.0,,,,Short Delivery | Forecast Bullseye,"Dispatch 0% of committed (0 vs 8,400). MTO item — demand is order-driven. Forecast hit dead-on (0% variance) — strong demand sensing. Action: recover shortfall of 8,400 units.",Production Shortfall,"Produced 0 units against committed 8,400 units. Shortfall of 4,698 units — expedite production or procure.",Ops accepted Sales forecast in full. No capacity gap at plan stage.,,,4698.0,,,,,,,,,,
TB-19mm TX,TX M05 B06 64 FG,Regular,1000.0,1000.0,,1000.0,,100%,91.0,1000.0,,,1091.0,MTO,325.0,32.5%,766.0,,766.0,675.0,675.0,,,,91.0,,,Short Delivery | Forecast Bullseye,"Dispatch 32% of committed (325 vs 1,000). MTO item — demand is order-driven. Forecast hit dead-on (0% variance) — strong demand sensing. Action: recover shortfall of 675 units.",Over-Production,"Produced 1,000 units against committed 1,000 units. Red flag — produced 91 units more than ordered. Investigate planning breakdown.",Ops accepted Sales forecast in full. No capacity gap at plan stage.,1599.71,,909.0,909.0,,19662.75,,,,,,,
TB 74,TX M05 B06 64 FG1,Regular,100.0,100.0,,100.0,,100%,22.0,,,,22.0,MTO,,0.0%,22.0,,22.0,100.0,22.0,,,78.0,,,,Short Delivery | Forecast Bullseye,Dispatch 0% of committed (0 vs 100). MTO item — demand is order-driven. Forecast hit dead-on (0% variance) — strong demand sensing. Action: recover shortfall of 100 units.,Production Shortfall,Produced 0 units against committed 100 units. Shortfall of 78 units — expedite production or procure.,Ops accepted Sales forecast in full. No capacity gap at plan stage.,,,78.0,,,,,,,,,,
TB 74,TX M05 B06 64 FG2,Regular,200.0,200.0,,200.0,,100%,151.0,,,,151.0,MTO,,0.0%,151.0,,151.0,200.0,151.0,,,49.0,,,,Short Delivery | Forecast Bullseye,Dispatch 0% of committed (0 vs 200). MTO item — demand is order-driven. Forecast hit dead-on (0% variance) — strong demand sensing. Action: recover shortfall of 200 units.,Production Shortfall,Produced 0 units against committed 200 units. Shortfall of 49 units — expedite production or procure.,Ops accepted Sales forecast in full. No capacity gap at plan stage.,,,49.0,,,,,,,,,,
TB 74,TX M05 B06 64 FL1,Regular,400.0,400.0,,400.0,,100%,31.0,,,,31.0,MTO,,0.0%,31.0,,31.0,400.0,31.0,,,369.0,,,,Short Delivery | Forecast Bullseye,Dispatch 0% of committed (0 vs 400). MTO item — demand is order-driven. Forecast hit dead-on (0% variance) — strong demand sensing. Action: recover shortfall of 400 units.,Production Shortfall,Produced 0 units against committed 400 units. Shortfall of 369 units — expedite production or procure.,Ops accepted Sales forecast in full. No capacity gap at plan stage.,,,369.0,,,,,,,,,,
TB 74,TX M05 B06 64 OEM,Regular,700.0,700.0,,700.0,,100%,5498.0,,,,5498.0,MTO,,0.0%,5498.0,,5498.0,700.0,700.0,,,,,4798.0,,Short Delivery | Forecast Bullseye,Dispatch 0% of committed (0 vs 700). MTO item — demand is order-driven. Forecast hit dead-on (0% variance) — strong demand sensing. Action: recover shortfall of 700 units.,Healthy Stock,Produced 0 units against committed 700 units.,Ops accepted Sales forecast in full. No capacity gap at plan stage.,,77896.87,,,,,,,,,,,
TB-19mm TX,TX M05 B06 64 WH,Regular,7000.0,7000.0,,7000.0,,100%,,4175.0,6250.0,6250.0,4175.0,MTS,4000.0,57.1%,175.0,1400.0,,3000.0,175.0,,,2825.0,,,,Short Delivery | Forecast Bullseye,"Dispatch 57% of committed (4,000 vs 7,000). MTS item — buffer stock + green level matters. Forecast hit dead-on (0% variance) — strong demand sensing. Action: recover shortfall of 3,000 units.",Production Shortfall | Stock-Out Risk,"Produced 4,175 units against committed 7,000 units. Shortfall of 2,825 units — expedite production or procure. Closing 175 units. Green level 1,400 (0.1x cover) — ⚠ Safety breach — replenish urgently.",Ops accepted Sales forecast in full. No capacity gap at plan stage.,,,8400.0,4175.0,82292.25,5097.75,,,,,,,
TB 74,TX M05 B06 66 (W/J),Regular,,,,,,,15.0,,,,15.0,MTO,,,15.0,,15.0,,,,,,,15.0,,Forecast Bullseye,Dispatch 0 units (no committed demand). MTO item — demand is order-driven. Forecast hit dead-on (0% variance) — strong demand sensing. No open commitment gap.,Unsold MTO Stock,Produced 0 units against committed 0 units.,Ops accepted Sales forecast in full. No capacity gap at plan stage.,,319.59,,,,,,,,,,,
TB 74,TX M05 B06 66 OEM,Regular,400.0,400.0,,400.0,,100%,893.0,,,,893.0,MTO,,0.0%,893.0,,893.0,400.0,400.0,,,,,493.0,,Short Delivery | Forecast Bullseye,Dispatch 0% of committed (0 vs 400). MTO item — demand is order-driven. Forecast hit dead-on (0% variance) — strong demand sensing. Action: recover shortfall of 400 units.,Healthy Stock,Produced 0 units against committed 400 units.,Ops accepted Sales forecast in full. No capacity gap at plan stage.,,8118.24,,,,,,,,,,,
TB 74,TX M05 B06 66 WH,Regular,1000.0,1000.0,,1000.0,,100%,,,,,,MTO,,0.0%,0,,,1000.0,,,,1000.0,,,,Short Delivery | Forecast Bullseye,"Dispatch 0% of committed (0 vs 1,000). MTO item — demand is order-driven. Forecast hit dead-on (0% variance) — strong demand sensing. Action: recover shortfall of 1,000 units.",Production Shortfall,"Produced 0 units against committed 1,000 units. Shortfall of 1,000 units — expedite production or procure.",Ops accepted Sales forecast in full. No capacity gap at plan stage.,,,1000.0,,,,,,,,,,
TB 74,TX M05 B06 68 FL2,Regular,100.0,100.0,,100.0,,100%,105.0,,,,105.0,MTO,,0.0%,105.0,,105.0,100.0,100.0,,,,,5.0,,Short Delivery | Forecast Bullseye,Dispatch 0% of committed (0 vs 100). MTO item — demand is order-driven. Forecast hit dead-on (0% variance) — strong demand sensing. Action: recover shortfall of 100 units.,Healthy Stock,Produced 0 units against committed 100 units.,Ops accepted Sales forecast in full. No capacity gap at plan stage.,,89.81,,,,,,,,,,,
TB 74,TX M05 B06 68 OEM,Regular,,,,,,,24.0,,,,24.0,MTO,,,24.0,,24.0,,,,,,,24.0,,Forecast Bullseye,Dispatch 0 units (no committed demand). MTO item — demand is order-driven. Forecast hit dead-on (0% variance) — strong demand sensing. No open commitment gap.,Unsold MTO Stock,Produced 0 units against committed 0 units.,Ops accepted Sales forecast in full. No capacity gap at plan stage.,,477.5,,,,,,,,,,,
TB-19mm TX,TX M05 B06 68 WH,Regular,2100.0,2100.0,,2100.0,,100%,,11275.0,11000.0,11000.0,11275.0,MTS,4200.0,200.0%,7075.0,1360.0,5715.0,,,,,,7815.0,,2100.0,Over-Delivered | Forecast Bullseye,"Dispatch 200% of committed (4,200 vs 2,100). MTS item — buffer stock + green level matters. Forecast hit dead-on (0% variance) — strong demand sensing. Action: review over-commit of 2,100 units.",Excess Inventory,"Produced 11,275 units against committed 2,100 units. Excess build-up of 7,815 units — throttle production.",Ops accepted Sales forecast in full. No capacity gap at plan stage.,,,3460.0,3460.0,,,,,61173.0,,2100.0,,61173.0
TB 74,TX M05 B06 68 WH1,Regular,800.0,800.0,,800.0,,100%,,,,,,MTO,,0.0%,0,,,800.0,,,,800.0,,,,Short Delivery | Forecast Bullseye,Dispatch 0% of committed (0 vs 800). MTO item — demand is order-driven. Forecast hit dead-on (0% variance) — strong demand sensing. Action: recover shortfall of 800 units.,Production Shortfall,Produced 0 units against committed 800 units. Shortfall of 800 units — expedite production or procure.,Ops accepted Sales forecast in full. No capacity gap at plan stage.,,,800.0,,,,,,,,,,
TB 74,TX M05 B06 70 (TX),Regular,,,,,,,5514.0,,,,5514.0,MTO,,,5514.0,,5514.0,,,,,,,5514.0,,Forecast Bullseye,Dispatch 0 units (no committed demand). MTO item — demand is order-driven. Forecast hit dead-on (0% variance) — strong demand sensing. No open commitment gap.,Unsold MTO Stock,Produced 0 units against committed 0 units.,Ops accepted Sales forecast in full. No capacity gap at plan stage.,,92953.91,,,,,,,,,,,
TB-19mm TX,TX M05 B06 70 AL,Regular,1000.0,1000.0,,1000.0,,100%,74.0,,,,74.0,MTO,150.0,15.0%,-76.0,,,850.0,,,,850.0,,,,Short Delivery | Forecast Bullseye,"Dispatch 15% of committed (150 vs 1,000). MTO item — demand is order-driven. Forecast hit dead-on (0% variance) — strong demand sensing. Action: recover shortfall of 850 units.",Production Shortfall,"Produced 0 units against committed 1,000 units. Shortfall of 926 units — expedite production or procure.",Ops accepted Sales forecast in full. No capacity gap at plan stage.,,,926.0,,24760.5,,,,,,,,
TB-19mm TX,TX M05 B06 70 FL1,Regular,600.0,600.0,,600.0,,100%,48.0,450.0,,,498.0,MTO,400.0,66.7%,98.0,,98.0,200.0,98.0,,,102.0,,,,Short Delivery | Forecast Bullseye,Dispatch 67% of committed (400 vs 600). MTO item — demand is order-driven. Forecast hit dead-on (0% variance) — strong demand sensing. Action: recover shortfall of 200 units.,Production Shortfall,Produced 450 units against committed 600 units. Shortfall of 102 units — expedite production or procure.,Ops accepted Sales forecast in full. No capacity gap at plan stage.,,,552.0,450.0,2971.26,2854.74,,,,,,,
TB 74,TX M05 B06 70 OEM,Regular,,,,,,,7.0,,,,7.0,MTO,,,7.0,,7.0,,,,,,,7.0,,Forecast Bullseye,Dispatch 0 units (no committed demand). MTO item — demand is order-driven. Forecast hit dead-on (0% variance) — strong demand sensing. No open commitment gap.,Unsold MTO Stock,Produced 0 units against committed 0 units.,Ops accepted Sales forecast in full. No capacity gap at plan stage.,,131.57,,,,,,,,,,,
TB-19mm TX,TX M05 B06 70 WH,Regular,1000.0,1000.0,,1000.0,,100%,,2025.0,2000.0,2000.0,2025.0,MTO,1400.0,140.0%,625.0,,625.0,,,,,,1025.0,,400.0,Over-Delivered | Forecast Bullseye,"Dispatch 140% of committed (1,400 vs 1,000). MTO item — demand is order-driven. Forecast hit dead-on (0% variance) — strong demand sensing. Action: review over-commit of 400 units.",Over-Production,"Produced 2,025 units against committed 1,000 units. Red flag — produced 1,025 units more than ordered. Investigate planning breakdown.",Ops accepted Sales forecast in full. No capacity gap at plan stage.,,,1000.0,1000.0,,,,,11652.0,,400.0,,11652.0
TB 74 15B25,TX M05 B06 72 (TX),Regular,,,,,,,1028.0,,,,1028.0,MTO,,,1028.0,,1028.0,,,,,,,1028.0,,Forecast Bullseye,Dispatch 0 units (no committed demand). MTO item — demand is order-driven. Forecast hit dead-on (0% variance) — strong demand sensing. No open commitment gap.,Unsold MTO Stock,Produced 0 units against committed 0 units.,Ops accepted Sales forecast in full. No capacity gap at plan stage.,,17281.63,,,,,,,,,,,
TB 74,TX M05 B06 72 FG,Regular,1600.0,1600.0,,1600.0,,100%,64.0,,,,64.0,MTO,,0.0%,64.0,,64.0,1600.0,64.0,,,1536.0,,,,Short Delivery | Forecast Bullseye,"Dispatch 0% of committed (0 vs 1,600). MTO item — demand is order-driven. Forecast hit dead-on (0% variance) — strong demand sensing. Action: recover shortfall of 1,600 units.",Production Shortfall,"Produced 0 units against committed 1,600 units. Shortfall of 1,536 units — expedite production or procure.",Ops accepted Sales forecast in full. No capacity gap at plan stage.,,,1536.0,,,,,,,,,,
TB-19mm TX,TX M05 B06 72 FG1,Regular,1000.0,1000.0,,1000.0,,100%,1791.0,1175.0,,,2966.0,MTO,1000.0,100.0%,1966.0,,1966.0,,,,,,1175.0,791.0,,On Target | Forecast Bullseye,"Dispatch 100% of committed (1,000 vs 1,000). MTO item — demand is order-driven. Forecast hit dead-on (0% variance) — strong demand sensing. No open commitment gap.",Over-Production,"Produced 1,175 units against committed 1,000 units. Red flag — produced 1,175 units more than ordered. Investigate planning breakdown.",Ops accepted Sales forecast in full. No capacity gap at plan stage.,20486.72,13791.49,,,,,,,,,,,
TB 74,TX M05 B06 72 FG4,Regular,800.0,800.0,,800.0,,100%,1350.0,,,,1350.0,MTO,,0.0%,1350.0,,1350.0,800.0,800.0,,,,,550.0,,Short Delivery | Forecast Bullseye,Dispatch 0% of committed (0 vs 800). MTO item — demand is order-driven. Forecast hit dead-on (0% variance) — strong demand sensing. Action: recover shortfall of 800 units.,Healthy Stock,Produced 0 units against committed 800 units.,Ops accepted Sales forecast in full. No capacity gap at plan stage.,,9188.72,,,,,,,,,,,
TB 74,TX M05 B06 72 FL,Regular,200.0,200.0,,200.0,,100%,6.0,,,,6.0,MTO,,0.0%,6.0,,6.0,200.0,6.0,,,194.0,,,,Short Delivery | Forecast Bullseye,Dispatch 0% of committed (0 vs 200). MTO item — demand is order-driven. Forecast hit dead-on (0% variance) — strong demand sensing. Action: recover shortfall of 200 units.,Production Shortfall,Produced 0 units against committed 200 units. Shortfall of 194 units — expedite production or procure.,Ops accepted Sales forecast in full. No capacity gap at plan stage.,,,194.0,,,,,,,,,,
TB 74,TX M05 B06 72 OEM,Regular,800.0,800.0,,800.0,,100%,562.0,,,,562.0,MTO,,0.0%,562.0,,562.0,800.0,562.0,,,238.0,,,,Short Delivery | Forecast Bullseye,Dispatch 0% of committed (0 vs 800). MTO item — demand is order-driven. Forecast hit dead-on (0% variance) — strong demand sensing. Action: recover shortfall of 800 units.,Production Shortfall,Produced 0 units against committed 800 units. Shortfall of 238 units — expedite production or procure.,Ops accepted Sales forecast in full. No capacity gap at plan stage.,,,238.0,,,,,,,,,,
TB 74,TX M05 B06 72 W/J,Regular,,,,,,,2.0,,,,2.0,MTO,,,2.0,,2.0,,,,,,,2.0,,Forecast Bullseye,Dispatch 0 units (no committed demand). MTO item — demand is order-driven. Forecast hit dead-on (0% variance) — strong demand sensing. No open commitment gap.,Unsold MTO Stock,Produced 0 units against committed 0 units.,Ops accepted Sales forecast in full. No capacity gap at plan stage.,,36.97,,,,,,,,,,,
TB-19mm TX,TX M05 B06 72 WH,Regular,9000.0,9000.0,,9000.0,,100%,,5000.0,,,5000.0,MTS,10000.0,111.1%,-5000.0,10080.0,,,,,,,,,1000.0,Over-Delivered | Forecast Bullseye,"Dispatch 111% of committed (10,000 vs 9,000). MTS item — buffer stock + green level matters. Forecast hit dead-on (0% variance) — strong demand sensing. Action: review over-commit of 1,000 units.",Production Shortfall | Stock-Out Risk,"Produced 5,000 units against committed 9,000 units. Shortfall of 4,000 units — expedite production or procure. Closing -5,000 units. Green level 10,080 (-0.5x cover) — ⚠ Safety breach — replenish urgently.",Ops accepted Sales forecast in full. No capacity gap at plan stage.,,,19080.0,5000.0,,,,,29130.0,,1000.0,,29130.0
TB 74,TX M05 B06 74 MH,Regular,100.0,100.0,,100.0,,100%,126.0,,,,126.0,MTO,,0.0%,126.0,,126.0,100.0,100.0,,,,,26.0,,Short Delivery | Forecast Bullseye,Dispatch 0% of committed (0 vs 100). MTO item — demand is order-driven. Forecast hit dead-on (0% variance) — strong demand sensing. Action: recover shortfall of 100 units.,Healthy Stock,Produced 0 units against committed 100 units.,Ops accepted Sales forecast in full. No capacity gap at plan stage.,,459.19,,,,,,,,,,,
TB-19mm TX,TX M05 B06 74 OEM,Regular,4700.0,4700.0,,4700.0,,100%,2459.0,2000.0,,,4459.0,MTO,200.0,4.3%,4259.0,,4259.0,4500.0,4259.0,,,241.0,,,,Short Delivery | Forecast Bullseye,"Dispatch 4% of committed (200 vs 4,700). MTO item — demand is order-driven. Forecast hit dead-on (0% variance) — strong demand sensing. Action: recover shortfall of 4,500 units.",Production Shortfall,"Produced 2,000 units against committed 4,700 units. Shortfall of 241 units — expedite production or procure.",Ops accepted Sales forecast in full. No capacity gap at plan stage.,,,2241.0,2000.0,7020.33,124064.67,,,,,,,
TB-19mm TX,TX M05 B06 74 WH,Regular,1200.0,1200.0,,1200.0,,100%,,3225.0,2750.0,2750.0,3225.0,MTS,1750.0,145.8%,1475.0,440.0,1035.0,,,,,,1585.0,,550.0,Over-Delivered | Forecast Bullseye,"Dispatch 146% of committed (1,750 vs 1,200). MTS item — buffer stock + green level matters. Forecast hit dead-on (0% variance) — strong demand sensing. Action: review over-commit of 550 units.",Excess Inventory,"Produced 3,225 units against committed 1,200 units. Excess build-up of 1,585 units — throttle production.",Ops accepted Sales forecast in full. No capacity gap at plan stage.,,,1640.0,1640.0,,,,,16021.5,,550.0,,16021.5
TB 74,TX M05 B06 76 OEM,Regular,,,,,,,500.0,,,,500.0,MTO,,,500.0,,500.0,,,,,,,500.0,,Forecast Bullseye,Dispatch 0 units (no committed demand). MTO item — demand is order-driven. Forecast hit dead-on (0% variance) — strong demand sensing. No open commitment gap.,Unsold MTO Stock,Produced 0 units against committed 0 units.,Ops accepted Sales forecast in full. No capacity gap at plan stage.,,500.0,,,,,,,,,,,
TB-19mm TX,TX M05 B06 76 WH,Regular,2500.0,2500.0,,2500.0,,100%,,5150.0,5000.0,5000.0,5150.0,MTS,4500.0,180.0%,650.0,440.0,210.0,,,,,,2210.0,,2000.0,Over-Delivered | Forecast Bullseye,"Dispatch 180% of committed (4,500 vs 2,500). MTS item — buffer stock + green level matters. Forecast hit dead-on (0% variance) — strong demand sensing. Action: review over-commit of 2,000 units.",Excess Inventory,"Produced 5,150 units against committed 2,500 units. Excess build-up of 2,210 units — throttle production.",Ops accepted Sales forecast in full. No capacity gap at plan stage.,,,2940.0,2940.0,,,,,58260.0,,2000.0,,58260.0
TB-19mm TX,TX M05 B06 76 WH1,Regular,250.0,250.0,,250.0,,100%,,475.0,250.0,250.0,475.0,MTO,,0.0%,475.0,,475.0,250.0,250.0,,,,225.0,,,Short Delivery | Forecast Bullseye,Dispatch 0% of committed (0 vs 250). MTO item — demand is order-driven. Forecast hit dead-on (0% variance) — strong demand sensing. Action: recover shortfall of 250 units.,Over-Production,Produced 475 units against committed 250 units. Red flag — produced 225 units more than ordered. Investigate planning breakdown.,Ops accepted Sales forecast in full. No capacity gap at plan stage.,,,250.0,250.0,,7282.5,,,,,,,
TB 74,TX M05 B06 78 AL,Regular,,,,,,,3450.0,,,,3450.0,MTO,,,3450.0,,3450.0,,,,,,,3450.0,,Forecast Bullseye,Dispatch 0 units (no committed demand). MTO item — demand is order-driven. Forecast hit dead-on (0% variance) — strong demand sensing. No open commitment gap.,Unsold MTO Stock,Produced 0 units against committed 0 units.,Ops accepted Sales forecast in full. No capacity gap at plan stage.,,63304.08,,,,,,,,,,,
TB-19mm TX,TX M05 B06 78 FG,Regular,900.0,900.0,,900.0,,100%,1652.0,2500.0,,,4152.0,MTO,2700.0,300.0%,1452.0,,1452.0,,,,,,2500.0,752.0,1800.0,Over-Delivered | Forecast Bullseye,"Dispatch 300% of committed (2,700 vs 900). MTO item — demand is order-driven. Forecast hit dead-on (0% variance) — strong demand sensing. Action: review over-commit of 1,800 units.",Over-Production,"Produced 2,500 units against committed 900 units. Red flag — produced 2,500 units more than ordered. Investigate planning breakdown.",Ops accepted Sales forecast in full. No capacity gap at plan stage.,41514.88,12487.67,,,,,,,52434.0,752.0,1048.0,21905.76,30528.24
TB-19mm TX,TX M05 B06 78 FG1,Regular,1600.0,1600.0,,1600.0,,100%,4440.0,5026.0,,,9466.0,MTO,5000.0,312.5%,4466.0,,4466.0,,,,,,5026.0,2840.0,3400.0,Over-Delivered | Forecast Bullseye,"Dispatch 312% of committed (5,000 vs 1,600). MTO item — demand is order-driven. Forecast hit dead-on (0% variance) — strong demand sensing. Action: review over-commit of 3,400 units.",Over-Production,"Produced 5,026 units against committed 1,600 units. Red flag — produced 5,026 units more than ordered. Investigate planning breakdown.",Ops accepted Sales forecast in full. No capacity gap at plan stage.,85580.77,48358.41,,,,,,,99042.0,2840.0,560.0,82729.2,16312.8
TB-19mm TX,TX M05 B06 78 WH,Regular,400.0,400.0,,400.0,,100%,,500.0,500.0,500.0,500.0,MTS,750.0,187.5%,-250.0,500.0,,,,,,,,,350.0,Over-Delivered | Forecast Bullseye,Dispatch 188% of committed (750 vs 400). MTS item — buffer stock + green level matters. Forecast hit dead-on (0% variance) — strong demand sensing. Action: review over-commit of 350 units.,Stock-Out Risk,Produced 500 units against committed 400 units. Closing -250 units. Green level 500 (-0.5x cover) — ⚠ Safety breach — replenish urgently.,Ops accepted Sales forecast in full. No capacity gap at plan stage.,,,900.0,500.0,,,,,10195.5,,350.0,,10195.5
TB-19mm TX,TX M05 B06 78 WH1,Regular,500.0,500.0,,500.0,,100%,,,,,,MTO,500.0,100.0%,-500.0,,,,,,,,,,,On Target | Forecast Bullseye,Dispatch 100% of committed (500 vs 500). MTO item — demand is order-driven. Forecast hit dead-on (0% variance) — strong demand sensing. No open commitment gap.,Production Shortfall,Produced 0 units against committed 500 units. Shortfall of 500 units — expedite production or procure.,Ops accepted Sales forecast in full. No capacity gap at plan stage.,,,500.0,,,,,,,,,,
TB 74,TX M05 B06 80 (TX),Regular,1800.0,1800.0,,1800.0,,100%,8388.0,,,,8388.0,MTO,,0.0%,8388.0,,8388.0,1800.0,1800.0,,,,,6588.0,,Short Delivery | Forecast Bullseye,"Dispatch 0% of committed (0 vs 1,800). MTO item — demand is order-driven. Forecast hit dead-on (0% variance) — strong demand sensing. Action: recover shortfall of 1,800 units.",Healthy Stock,"Produced 0 units against committed 1,800 units.",Ops accepted Sales forecast in full. No capacity gap at plan stage.,,113785.3,,,,,,,,,,,
TB-19mm TX,TX M05 B06 80 FG,Regular,1700.0,1700.0,,1700.0,,100%,64.0,525.0,,,589.0,MTO,1000.0,58.8%,-411.0,,,700.0,,,,700.0,,,,Short Delivery | Forecast Bullseye,"Dispatch 59% of committed (1,000 vs 1,700). MTO item — demand is order-driven. Forecast hit dead-on (0% variance) — strong demand sensing. Action: recover shortfall of 700 units.",Production Shortfall,"Produced 525 units against committed 1,700 units. Shortfall of 1,111 units — expedite production or procure.",Ops accepted Sales forecast in full. No capacity gap at plan stage.,,,1636.0,525.0,20391.0,,,,,,,,
TB-19mm TX,TX M05 B06 80 WH,Regular,1000.0,1000.0,,1000.0,,100%,,1050.0,1200.0,1200.0,1050.0,MTO,1200.0,120.0%,-150.0,,,,,,,,50.0,,200.0,Over-Delivered | Forecast Bullseye,"Dispatch 120% of committed (1,200 vs 1,000). MTO item — demand is order-driven. Forecast hit dead-on (0% variance) — strong demand sensing. Action: review over-commit of 200 units.",Over-Production,"Produced 1,050 units against committed 1,000 units. Red flag — produced 50 units more than ordered. Investigate planning breakdown.",Ops accepted Sales forecast in full. No capacity gap at plan stage.,,,1000.0,1000.0,,,,,5826.0,,200.0,,5826.0
TB-19mm TX,TX M05 B06 82 WH,Regular,600.0,600.0,,600.0,,100%,,1500.0,1500.0,1500.0,1500.0,MTO,1250.0,208.3%,250.0,,250.0,,,,,,900.0,,650.0,Over-Delivered | Forecast Bullseye,"Dispatch 208% of committed (1,250 vs 600). MTO item — demand is order-driven. Forecast hit dead-on (0% variance) — strong demand sensing. Action: review over-commit of 650 units.",Over-Production,"Produced 1,500 units against committed 600 units. Red flag — produced 900 units more than ordered. Investigate planning breakdown.",Ops accepted Sales forecast in full. No capacity gap at plan stage.,,,600.0,600.0,,,,,18934.5,,650.0,,18934.5
TB 74,TX M05 B06 84 OEM,Regular,,,,,,,1800.0,,,,1800.0,MTO,,,1800.0,,1800.0,,,,,,,1800.0,,Forecast Bullseye,Dispatch 0 units (no committed demand). MTO item — demand is order-driven. Forecast hit dead-on (0% variance) — strong demand sensing. No open commitment gap.,Unsold MTO Stock,Produced 0 units against committed 0 units.,Ops accepted Sales forecast in full. No capacity gap at plan stage.,,33692.36,,,,,,,,,,,
TB-19mm TX,TX M05 B06 84 WH,Regular,2000.0,2000.0,,2000.0,,100%,,2525.0,2000.0,2000.0,2525.0,MTS,500.0,25.0%,2025.0,500.0,1525.0,1500.0,1500.0,,,,25.0,,,Short Delivery | Forecast Bullseye,"Dispatch 25% of committed (500 vs 2,000). MTS item — buffer stock + green level matters. Forecast hit dead-on (0% variance) — strong demand sensing. Action: recover shortfall of 1,500 units.",Production Surplus,"Produced 2,525 units against committed 2,000 units.",Ops accepted Sales forecast in full. No capacity gap at plan stage.,,,2500.0,2500.0,,43695.0,,,,,,,
TB-19mm TX,TX M05 B06 86 FG,Regular,1800.0,1800.0,,1800.0,,100%,1142.0,7575.0,,,8717.0,MTS,5025.0,279.2%,3692.0,120.0,3572.0,,,,,,6797.0,,3225.0,Over-Delivered | Forecast Bullseye,"Dispatch 279% of committed (5,025 vs 1,800). MTS item — buffer stock + green level matters. Forecast hit dead-on (0% variance) — strong demand sensing. Action: review over-commit of 3,225 units.",Excess Inventory,"Produced 7,575 units against committed 1,800 units. Excess build-up of 6,797 units — throttle production.",Ops accepted Sales forecast in full. No capacity gap at plan stage.,115907.41,,778.0,778.0,,,,,93944.25,,3225.0,,93944.25
TB-19mm TX,TX M05 B06 86 WH,Regular,1000.0,1000.0,,1000.0,,100%,,,,,,MTO,500.0,50.0%,-500.0,,,500.0,,,,500.0,,,,Short Delivery | Forecast Bullseye,"Dispatch 50% of committed (500 vs 1,000). MTO item — demand is order-driven. Forecast hit dead-on (0% variance) — strong demand sensing. Action: recover shortfall of 500 units.",Production Shortfall,"Produced 0 units against committed 1,000 units. Shortfall of 1,000 units — expedite production or procure.",Ops accepted Sales forecast in full. No capacity gap at plan stage.,,,1000.0,,14565.0,,,,,,,,
TB-19mm TX,TX M05 B06 88 (TX),Regular,400.0,400.0,,400.0,,100%,279.0,,,,279.0,MTO,,0.0%,279.0,,279.0,400.0,279.0,,,121.0,,,,Short Delivery | Forecast Bullseye,Dispatch 0% of committed (0 vs 400). MTO item — demand is order-driven. Forecast hit dead-on (0% variance) — strong demand sensing. Action: recover shortfall of 400 units.,Production Shortfall,Produced 0 units against committed 400 units. Shortfall of 121 units — expedite production or procure.,Ops accepted Sales forecast in full. No capacity gap at plan stage.,,,121.0,,3524.73,8127.27,,,,,,,
TB 74,TX M05 B06 88 AL,Regular,,,,,,,2680.0,,,,2680.0,MTO,,,2680.0,,2680.0,,,,,,,2680.0,,Forecast Bullseye,Dispatch 0 units (no committed demand). MTO item — demand is order-driven. Forecast hit dead-on (0% variance) — strong demand sensing. No open commitment gap.,Unsold MTO Stock,Produced 0 units against committed 0 units.,Ops accepted Sales forecast in full. No capacity gap at plan stage.,,49520.4,,,,,,,,,,,
TB-19mm TX,TX M05 B06 88 FG,Regular,,,,,,,,200.0,,,200.0,MTO,175.0,,25.0,,25.0,,,,,,200.0,,175.0,Forecast Bullseye,Dispatch 175 units (no committed demand). MTO item — demand is order-driven. Forecast hit dead-on (0% variance) — strong demand sensing. Action: review over-commit of 175 units.,Over-Production,Produced 200 units against committed 0 units. Red flag — produced 200 units more than ordered. Investigate planning breakdown.,Ops accepted Sales forecast in full. No capacity gap at plan stage.,,,,,,,,,5097.75,,175.0,,5097.75
TB-19mm TX,TX M05 B06 88 FG1,Regular,1200.0,1200.0,,1200.0,,100%,1469.0,4000.0,,,5469.0,MTO,1950.0,162.5%,3519.0,,3519.0,,,,,,4000.0,269.0,750.0,Over-Delivered | Forecast Bullseye,"Dispatch 162% of committed (1,950 vs 1,200). MTO item — demand is order-driven. Forecast hit dead-on (0% variance) — strong demand sensing. Action: review over-commit of 750 units.",Over-Production,"Produced 4,000 units against committed 1,200 units. Red flag — produced 4,000 units more than ordered. Investigate planning breakdown.",Ops accepted Sales forecast in full. No capacity gap at plan stage.,68612.76,4614.21,,,,,,,21847.5,269.0,481.0,7835.97,14011.53
TB-19mm TX,TX M05 B06 88 WH,Regular,1000.0,1000.0,,1000.0,,100%,,2175.0,1750.0,1750.0,2175.0,MTO,2250.0,225.0%,-75.0,,,,,,,,1175.0,,1250.0,Over-Delivered | Forecast Bullseye,"Dispatch 225% of committed (2,250 vs 1,000). MTO item — demand is order-driven. Forecast hit dead-on (0% variance) — strong demand sensing. Action: review over-commit of 1,250 units.",Over-Production,"Produced 2,175 units against committed 1,000 units. Red flag — produced 1,175 units more than ordered. Investigate planning breakdown.",Ops accepted Sales forecast in full. No capacity gap at plan stage.,,,1000.0,1000.0,,,,,36412.5,,1250.0,,36412.5
TB-19mm TX,TX M05 B06 90 FG,Regular,800.0,800.0,,800.0,,100%,62.0,975.0,,,1037.0,MTO,,0.0%,1037.0,,1037.0,800.0,800.0,,,,237.0,,,Short Delivery | Forecast Bullseye,Dispatch 0% of committed (0 vs 800). MTO item — demand is order-driven. Forecast hit dead-on (0% variance) — strong demand sensing. Action: recover shortfall of 800 units.,Over-Production,Produced 975 units against committed 800 units. Red flag — produced 237 units more than ordered. Investigate planning breakdown.,Ops accepted Sales forecast in full. No capacity gap at plan stage.,4604.99,,738.0,738.0,,23304.0,,,,,,,
TB 74,TX M05 B06 90 FG1,Regular,400.0,400.0,,400.0,,100%,9.0,,,,9.0,MTO,,0.0%,9.0,,9.0,400.0,9.0,,,391.0,,,,Short Delivery | Forecast Bullseye,Dispatch 0% of committed (0 vs 400). MTO item — demand is order-driven. Forecast hit dead-on (0% variance) — strong demand sensing. Action: recover shortfall of 400 units.,Production Shortfall,Produced 0 units against committed 400 units. Shortfall of 391 units — expedite production or procure.,Ops accepted Sales forecast in full. No capacity gap at plan stage.,,,391.0,,,,,,,,,,
TB-19mm TX,TX M05 B06 90 FG3,Regular,9400.0,9400.0,,9400.0,,100%,,4050.0,,,4050.0,MTO,4075.0,43.4%,-25.0,,,5325.0,,,,5325.0,,,,Short Delivery | Forecast Bullseye,"Dispatch 43% of committed (4,075 vs 9,400). MTO item — demand is order-driven. Forecast hit dead-on (0% variance) — strong demand sensing. Action: recover shortfall of 5,325 units.",Production Shortfall,"Produced 4,050 units against committed 9,400 units. Shortfall of 5,350 units — expedite production or procure.",Ops accepted Sales forecast in full. No capacity gap at plan stage.,,,9400.0,4050.0,155117.25,,,,,,,,
TB 74 15B25,TX M05 B06 90 FL1,Regular,,,,,,,15.0,,,,15.0,MTO,,,15.0,,15.0,,,,,,,15.0,,Forecast Bullseye,Dispatch 0 units (no committed demand). MTO item — demand is order-driven. Forecast hit dead-on (0% variance) — strong demand sensing. No open commitment gap.,Unsold MTO Stock,Produced 0 units against committed 0 units.,Ops accepted Sales forecast in full. No capacity gap at plan stage.,,271.55,,,,,,,,,,,
TB-19mm TX,TX M05 B06 90 OEM,Regular,200.0,200.0,,200.0,,100%,1063.0,320.0,,,1383.0,MTO,,0.0%,1383.0,,1383.0,200.0,200.0,,,,320.0,863.0,,Short Delivery | Forecast Bullseye,Dispatch 0% of committed (0 vs 200). MTO item — demand is order-driven. Forecast hit dead-on (0% variance) — strong demand sensing. Action: recover shortfall of 200 units.,Over-Production,Produced 320 units against committed 200 units. Red flag — produced 320 units more than ordered. Investigate planning breakdown.,Ops accepted Sales forecast in full. No capacity gap at plan stage.,6396.68,17251.04,,,,5826.0,,,,,,,
TB-19mm TX,TX M05 B06 90 WH,Regular,1000.0,1000.0,,1000.0,,100%,,400.0,,,400.0,MTS,800.0,80.0%,-400.0,500.0,,200.0,,,,200.0,,,,Short Delivery | Forecast Bullseye,"Dispatch 80% of committed (800 vs 1,000). MTS item — buffer stock + green level matters. Forecast hit dead-on (0% variance) — strong demand sensing. Action: recover shortfall of 200 units.",Production Shortfall | Stock-Out Risk,"Produced 400 units against committed 1,000 units. Shortfall of 600 units — expedite production or procure. Closing -400 units. Green level 500 (-0.8x cover) — ⚠ Safety breach — replenish urgently.",Ops accepted Sales forecast in full. No capacity gap at plan stage.,,,1500.0,400.0,5826.0,,,,,,,,
TB-19mm TX,TX M05 B06 92 OEM,Regular,2400.0,2400.0,,2400.0,,100%,200.0,850.0,,,1050.0,MTO,,0.0%,1050.0,,1050.0,2400.0,1050.0,,,1350.0,,,,Short Delivery | Forecast Bullseye,"Dispatch 0% of committed (0 vs 2,400). MTO item — demand is order-driven. Forecast hit dead-on (0% variance) — strong demand sensing. Action: recover shortfall of 2,400 units.",Production Shortfall,"Produced 850 units against committed 2,400 units. Shortfall of 1,350 units — expedite production or procure.",Ops accepted Sales forecast in full. No capacity gap at plan stage.,,,2200.0,850.0,39325.5,30586.5,,,,,,,
TB 74,TX M05 B06 94 O,Regular,,,,,,,27.0,,,,27.0,MTO,,,27.0,,27.0,,,,,,,27.0,,Forecast Bullseye,Dispatch 0 units (no committed demand). MTO item — demand is order-driven. Forecast hit dead-on (0% variance) — strong demand sensing. No open commitment gap.,Unsold MTO Stock,Produced 0 units against committed 0 units.,Ops accepted Sales forecast in full. No capacity gap at plan stage.,,531.13,,,,,,,,,,,
TB-19mm TX,TX M05 B06 94 OEM,Regular,1900.0,1900.0,,1900.0,,100%,2190.0,1700.0,,,3890.0,MTO,,0.0%,3890.0,,3890.0,1900.0,1900.0,,,,1700.0,290.0,,Short Delivery | Forecast Bullseye,"Dispatch 0% of committed (0 vs 1,900). MTO item — demand is order-driven. Forecast hit dead-on (0% variance) — strong demand sensing. Action: recover shortfall of 1,900 units.",Over-Production,"Produced 1,700 units against committed 1,900 units. Red flag — produced 1,700 units more than ordered. Investigate planning breakdown.",Ops accepted Sales forecast in full. No capacity gap at plan stage.,30382.67,5182.93,,,,55347.0,,,,,,,
TB-19mm TX,TX M05 B06 94 WH,Regular,,,,,,,,1825.0,1500.0,1500.0,1825.0,MTO,1750.0,,75.0,,75.0,,,,,,1825.0,,1750.0,Forecast Bullseye,"Dispatch 1,750 units (no committed demand). MTO item — demand is order-driven. Forecast hit dead-on (0% variance) — strong demand sensing. Action: review over-commit of 1,750 units.",Over-Production,"Produced 1,825 units against committed 0 units. Red flag — produced 1,825 units more than ordered. Investigate planning breakdown.",Ops accepted Sales forecast in full. No capacity gap at plan stage.,,,,,,,,,50977.5,,1750.0,,50977.5
TB 74,TX M05 B06 96 FL,Regular,,,,,,,13.0,,,,13.0,MTO,,,13.0,,13.0,,,,,,,13.0,,Forecast Bullseye,Dispatch 0 units (no committed demand). MTO item — demand is order-driven. Forecast hit dead-on (0% variance) — strong demand sensing. No open commitment gap.,Unsold MTO Stock,Produced 0 units against committed 0 units.,Ops accepted Sales forecast in full. No capacity gap at plan stage.,,252.32,,,,,,,,,,,
TB-19mm TX,TX M05 B06 96 WH,Regular,,,,,,,,,,,,MTO,1000.0,,-1000.0,,,,,,,,,,1000.0,Forecast Bullseye,"Dispatch 1,000 units (no committed demand). MTO item — demand is order-driven. Forecast hit dead-on (0% variance) — strong demand sensing. Action: review over-commit of 1,000 units.",Healthy Stock,Produced 0 units against committed 0 units.,Ops accepted Sales forecast in full. No capacity gap at plan stage.,,,,,,,,,29130.0,,1000.0,,29130.0
TB 74,TX M05 B06 98 FL,Regular,200.0,200.0,,200.0,,100%,,,,,,MTO,,0.0%,0.0,,,200.0,,,,200.0,,,,Short Delivery | Forecast Bullseye,Dispatch 0% of committed (0 vs 200). MTO item — demand is order-driven. Forecast hit dead-on (0% variance) — strong demand sensing. Action: recover shortfall of 200 units.,Production Shortfall,Produced 0 units against committed 200 units. Shortfall of 200 units — expedite production or procure.,Ops accepted Sales forecast in full. No capacity gap at plan stage.,,,200.0,,,,,,,,,,
TB-19mm TX,TX M05 B06 98 WH,Regular,,,,,,,,,,,,MTS,200.0,,-200.0,500.0,,,,,,,,,200.0,Forecast Bullseye,Dispatch 200 units (no committed demand). MTS item — buffer stock + green level matters. Forecast hit dead-on (0% variance) — strong demand sensing. Action: review over-commit of 200 units.,Stock-Out Risk,Produced 0 units against committed 0 units. Closing -200 units. Green level 500 (-0.4x cover) — ⚠ Safety breach — replenish urgently.,Ops accepted Sales forecast in full. No capacity gap at plan stage.,,,500.0,,,,,,5826.0,,200.0,,5826.0
TB-19mm TX,TX M06 B06 120.1-129.1 MTR,Regular,,,,,,,,402.0,250.0,250.0,402.0,MTO,,,402.0,,402.0,,,,,,402.0,,,Forecast Bullseye,Dispatch 0 units (no committed demand). MTO item — demand is order-driven. Forecast hit dead-on (0% variance) — strong demand sensing. No open commitment gap.,Over-Production,Produced 402 units against committed 0 units. Red flag — produced 402 units more than ordered. Investigate planning breakdown.,Ops accepted Sales forecast in full. No capacity gap at plan stage.,,,,,,,,,,,,,
TB-19mm TX,TX M06 B06 132.8-141.8 MTR,Regular,,,,,,,,4150.0,4200.0,4200.0,4150.0,MTO,,,4150.0,,4150.0,,,,,,4150.0,,,Forecast Bullseye,Dispatch 0 units (no committed demand). MTO item — demand is order-driven. Forecast hit dead-on (0% variance) — strong demand sensing. No open commitment gap.,Over-Production,"Produced 4,150 units against committed 0 units. Red flag — produced 4,150 units more than ordered. Investigate planning breakdown.",Ops accepted Sales forecast in full. No capacity gap at plan stage.,,,,,,,,,,,,,
TB-19mm TX,TX M06 B06 45.2-51.6 MTR,Regular,,,,,,,,1300.0,1200.0,1200.0,1300.0,MTO,,,1300.0,,1300.0,,,,,,1300.0,,,Forecast Bullseye,Dispatch 0 units (no committed demand). MTO item — demand is order-driven. Forecast hit dead-on (0% variance) — strong demand sensing. No open commitment gap.,Over-Production,"Produced 1,300 units against committed 0 units. Red flag — produced 1,300 units more than ordered. Investigate planning breakdown.",Ops accepted Sales forecast in full. No capacity gap at plan stage.,,,,,,,,,,,,,
TB-19mm TX,TX M29 B06 24 GEX,Regular,,,,,,,,1800.0,1800.0,1800.0,1800.0,MTO,,,1800.0,,1800.0,,,,,,1800.0,,,Forecast Bullseye,Dispatch 0 units (no committed demand). MTO item — demand is order-driven. Forecast hit dead-on (0% variance) — strong demand sensing. No open commitment gap.,Over-Production,"Produced 1,800 units against committed 0 units. Red flag — produced 1,800 units more than ordered. Investigate planning breakdown.",Ops accepted Sales forecast in full. No capacity gap at plan stage.,,,,,,,,,,,,,
,VABM14B10150MAN,Regular,,,,,,,25.0,,,,25.0,TBC,,,25.0,,25.0,,,,,,,25.0,,Forecast Bullseye,Dispatch 0 units (no committed demand). Forecast hit dead-on (0% variance) — strong demand sensing. No open commitment gap.,Healthy Stock,Produced 0 units against committed 0 units.,Ops accepted Sales forecast in full. No capacity gap at plan stage.,,4150.0,,,,,,,,,,,
VWD Clamps,VWD M01 B03 115.82 MRY,Regular,,,,,,,,20.0,,,20.0,TBC,,,20.0,,20.0,,,,,,20.0,,,Forecast Bullseye,Dispatch 0 units (no committed demand). Forecast hit dead-on (0% variance) — strong demand sensing. No open commitment gap.,Healthy Stock,Produced 20 units against committed 0 units.,Ops accepted Sales forecast in full. No capacity gap at plan stage.,,,,,,,,,,,,,
VWD Clamps,VWD M01 B03 81.03 MRY,Regular,,,,,,,,20.0,,,20.0,TBC,,,20.0,,20.0,,,,,,20.0,,,Forecast Bullseye,Dispatch 0 units (no committed demand). Forecast hit dead-on (0% variance) — strong demand sensing. No open commitment gap.,Healthy Stock,Produced 20 units against committed 0 units.,Ops accepted Sales forecast in full. No capacity gap at plan stage.,,,,,,,,,,,,,
VWD Clamps,VWD M01 B03 86.36 MRY,Regular,,,,,,,,20.0,,,20.0,TBC,,,20.0,,20.0,,,,,,20.0,,,Forecast Bullseye,Dispatch 0 units (no committed demand). Forecast hit dead-on (0% variance) — strong demand sensing. No open commitment gap.,Healthy Stock,Produced 20 units against committed 0 units.,Ops accepted Sales forecast in full. No capacity gap at plan stage.,,,,,,,,,,,,,
,WC M01 B01 J65A (CTWD),Regular,,,,,,,350.0,,,,350.0,TBC,,,350.0,,350.0,,,,,,,350.0,,Forecast Bullseye,Dispatch 0 units (no committed demand). Forecast hit dead-on (0% variance) — strong demand sensing. No open commitment gap.,Healthy Stock,Produced 0 units against committed 0 units.,Ops accepted Sales forecast in full. No capacity gap at plan stage.,,13195.0,,,,,,,,,,,
,WH M01 B03 22-32 JBM,Regular,,,,,,,727.0,,,,727.0,TBC,,,727.0,,727.0,,,,,,,727.0,,Forecast Bullseye,Dispatch 0 units (no committed demand). Forecast hit dead-on (0% variance) — strong demand sensing. No open commitment gap.,Healthy Stock,Produced 0 units against committed 0 units.,Ops accepted Sales forecast in full. No capacity gap at plan stage.,,225694.39,,,,,,,,,,,
HD SS WD 304 16,WH M01 B03 612 RCM,Regular,,,,,,,200.0,,,,200.0,MTO,,,200.0,,200.0,,,,,,,200.0,,Forecast Bullseye,Dispatch 0 units (no committed demand). MTO item — demand is order-driven. Forecast hit dead-on (0% variance) — strong demand sensing. No open commitment gap.,Unsold MTO Stock,Produced 0 units against committed 0 units.,Ops accepted Sales forecast in full. No capacity gap at plan stage.,,4365.42,,,,,,,,,,,
HDWD-16mm,WH M03 B03 156-232 RWC,Regular,,,,,,,,14000.0,14400.0,14400.0,14000.0,MTO,,,14000.0,,14000.0,,,,,,14000.0,,,Forecast Bullseye,Dispatch 0 units (no committed demand). MTO item — demand is order-driven. Forecast hit dead-on (0% variance) — strong demand sensing. No open commitment gap.,Over-Production,"Produced 14,000 units against committed 0 units. Red flag — produced 14,000 units more than ordered. Investigate planning breakdown.",Ops accepted Sales forecast in full. No capacity gap at plan stage.,,,,,,,,,,,,,
HDWD-16mm,WH M06 B03 512 (SAE 512),Regular,,,,,,,,3950.0,2512.0,2512.0,3950.0,MTO,,,3950.0,,3950.0,,,,,,3950.0,,,Forecast Bullseye,Dispatch 0 units (no committed demand). MTO item — demand is order-driven. Forecast hit dead-on (0% variance) — strong demand sensing. No open commitment gap.,Over-Production,"Produced 3,950 units against committed 0 units. Red flag — produced 3,950 units more than ordered. Investigate planning breakdown.",Ops accepted Sales forecast in full. No capacity gap at plan stage.,,,,,,,,,,,,,
HD SS WD 304 14,WHL M01 B02 20 AKG,Regular,2000.0,2000.0,,2000.0,,100%,50.0,,,,50.0,MTO,,0.0%,50.0,,50.0,2000.0,50.0,,,1950.0,,,,Short Delivery | Forecast Bullseye,"Dispatch 0% of committed (0 vs 2,000). MTO item — demand is order-driven. Forecast hit dead-on (0% variance) — strong demand sensing. Action: recover shortfall of 2,000 units.",Production Shortfall,"Produced 0 units against committed 2,000 units. Shortfall of 1,950 units — expedite production or procure.",Ops accepted Sales forecast in full. No capacity gap at plan stage.,,,1950.0,,,,,,,,,,
HDWD-16mm,WHL M01 B03 412 SBS,Regular,,,,,,,,12882.0,,,12882.0,MTO,,,12882.0,,12882.0,,,,,,12882.0,,,Forecast Bullseye,Dispatch 0 units (no committed demand). MTO item — demand is order-driven. Forecast hit dead-on (0% variance) — strong demand sensing. No open commitment gap.,Over-Production,"Produced 12,882 units against committed 0 units. Red flag — produced 12,882 units more than ordered. Investigate planning breakdown.",Ops accepted Sales forecast in full. No capacity gap at plan stage.,,,,,,,,,,,,,
HDWD-16mm,WHL M01 B03 912 CAT,Regular,1600.0,1600.0,,1600.0,,100%,263.0,1730.0,,,1993.0,MTO,1685.0,105.3%,308.0,,308.0,,,,,,393.0,,85.0,On Target | Forecast Bullseye,"Dispatch 105% of committed (1,685 vs 1,600). MTO item — demand is order-driven. Forecast hit dead-on (0% variance) — strong demand sensing. Action: review over-commit of 85 units.",Over-Production,"Produced 1,730 units against committed 1,600 units. Red flag — produced 393 units more than ordered. Investigate planning breakdown.",Ops accepted Sales forecast in full. No capacity gap at plan stage.,17306.68,,1337.0,1337.0,,,,,4388.55,,85.0,,4388.55
HD SS WD 304 16,WHL M01 B03 J110A TC,Regular,800.0,800.0,,800.0,,100%,500.0,,,,500.0,MTO,,0.0%,500.0,,500.0,800.0,500.0,,,300.0,,,,Short Delivery | Forecast Bullseye,Dispatch 0% of committed (0 vs 800). MTO item — demand is order-driven. Forecast hit dead-on (0% variance) — strong demand sensing. Action: recover shortfall of 800 units.,Production Shortfall,Produced 0 units against committed 800 units. Shortfall of 300 units — expedite production or procure.,Ops accepted Sales forecast in full. No capacity gap at plan stage.,,,300.0,,,,,,,,,,
HDWD-16mm,WHL M01 B03 J4 TC,Regular,2100.0,2100.0,,2100.0,,100%,571.0,,,,571.0,MTO,1000.0,47.6%,-429.0,,,1100.0,,,,1100.0,,,,Short Delivery | Forecast Bullseye,"Dispatch 48% of committed (1,000 vs 2,100). MTO item — demand is order-driven. Forecast hit dead-on (0% variance) — strong demand sensing. Action: recover shortfall of 1,100 units.",Production Shortfall,"Produced 0 units against committed 2,100 units. Shortfall of 1,529 units — expedite production or procure.",Ops accepted Sales forecast in full. No capacity gap at plan stage.,,,1529.0,,56793.0,,,,,,,,
HD SS WD 304 16,WHL M01 B03 J5X TC,Regular,,,,,,,675.0,,,,675.0,MTO,,,675.0,,675.0,,,,,,,675.0,,Forecast Bullseye,Dispatch 0 units (no committed demand). MTO item — demand is order-driven. Forecast hit dead-on (0% variance) — strong demand sensing. No open commitment gap.,Unsold MTO Stock,Produced 0 units against committed 0 units.,Ops accepted Sales forecast in full. No capacity gap at plan stage.,,11981.69,,,,,,,,,,,
HDWD-16mm,WHL M01 B03 J65A TC,Regular,1400.0,1400.0,,1400.0,,100%,103.0,,,,103.0,MTO,1000.0,71.4%,-897.0,,,400.0,,,,400.0,,,,Short Delivery | Forecast Bullseye,"Dispatch 71% of committed (1,000 vs 1,400). MTO item — demand is order-driven. Forecast hit dead-on (0% variance) — strong demand sensing. Action: recover shortfall of 400 units.",Production Shortfall,"Produced 0 units against committed 1,400 units. Shortfall of 1,297 units — expedite production or procure.",Ops accepted Sales forecast in full. No capacity gap at plan stage.,,,1297.0,,20652.0,,,,,,,,
HDWD-16mm,WHL M01 B03 J75A TC,Regular,1600.0,1600.0,,1600.0,,100%,2111.0,,,,2111.0,MTO,500.0,31.2%,1611.0,,1611.0,1100.0,1100.0,,,,,511.0,,Short Delivery | Forecast Bullseye,"Dispatch 31% of committed (500 vs 1,600). MTO item — demand is order-driven. Forecast hit dead-on (0% variance) — strong demand sensing. Action: recover shortfall of 1,100 units.",Healthy Stock,"Produced 0 units against committed 1,600 units.",Ops accepted Sales forecast in full. No capacity gap at plan stage.,,8725.07,,,,56793.0,,,,,,,
HD SS WD 410 16,WHL M03 B03 362 SRB,Regular,,,,,,,6.0,,,,6.0,MTO,,,6.0,,6.0,,,,,,,6.0,,Forecast Bullseye,Dispatch 0 units (no committed demand). MTO item — demand is order-driven. Forecast hit dead-on (0% variance) — strong demand sensing. No open commitment gap.,Unsold MTO Stock,Produced 0 units against committed 0 units.,Ops accepted Sales forecast in full. No capacity gap at plan stage.,,108.2,,,,,,,,,,,
SS304-2,WL M01 B01 28 CM,Regular,,,,,,,4700.0,,,,4700.0,MTO,,,4700.0,,4700.0,,,,,,,4700.0,,Forecast Bullseye,Dispatch 0 units (no committed demand). MTO item — demand is order-driven. Forecast hit dead-on (0% variance) — strong demand sensing. No open commitment gap.,Unsold MTO Stock,Produced 0 units against committed 0 units.,Ops accepted Sales forecast in full. No capacity gap at plan stage.,,40648.84,,,,,,,,,,,
SS202-2,WL M04 B01 22A AL,Regular,,,,,,,32.0,,,,32.0,MTO,,,32.0,,32.0,,,,,,,32.0,,Forecast Bullseye,Dispatch 0 units (no committed demand). MTO item — demand is order-driven. Forecast hit dead-on (0% variance) — strong demand sensing. No open commitment gap.,Unsold MTO Stock,Produced 0 units against committed 0 units.,Ops accepted Sales forecast in full. No capacity gap at plan stage.,,1080.85,,,,,,,,,,,
SSWD-12mm liner,WL M04 B01 42 TTR,Regular,5200.0,5200.0,,5200.0,,100%,,,7000.0,,7000.0,MTO,1000.0,19.2%,6000.0,,6000.0,4200.0,4200.0,,,,,,,Short Delivery | Forecast Bullseye,"Dispatch 19% of committed (1,000 vs 5,200). MTO item — demand is order-driven. Forecast hit dead-on (0% variance) — strong demand sensing. Action: recover shortfall of 4,200 units.",Healthy Stock,"Produced 0 units against committed 5,200 units.",Ops accepted Sales forecast in full. No capacity gap at plan stage.,,,5200.0,,,62496.0,,,,,,,
SSWD-12mm liner,WL M04 B01 62 TM,Regular,9900.0,9900.0,,9900.0,,100%,705.0,10000.0,,,10705.0,MTS,11000.0,111.1%,-295.0,7766.67,,,,,,,,,1100.0,Over-Delivered | Forecast Bullseye,"Dispatch 111% of committed (11,000 vs 9,900). MTS item — buffer stock + green level matters. Forecast hit dead-on (0% variance) — strong demand sensing. Action: review over-commit of 1,100 units.",Stock-Out Risk,"Produced 10,000 units against committed 9,900 units. Closing -295 units. Green level 7,767 (-0.0x cover) — ⚠ Safety breach — replenish urgently.",Ops accepted Sales forecast in full. No capacity gap at plan stage.,,,16961.67,10000.0,,,,,16368.0,,1100.0,,16368.0
SSWD-12mm liner,WL M04 B01 84 TM,Regular,4000.0,4000.0,,4000.0,,100%,7646.0,10100.0,,,17746.0,MTS,6000.0,150.0%,11746.0,6000.0,5746.0,,,,,,7746.0,,2000.0,Over-Delivered | Forecast Bullseye,"Dispatch 150% of committed (6,000 vs 4,000). MTS item — buffer stock + green level matters. Forecast hit dead-on (0% variance) — strong demand sensing. Action: review over-commit of 2,000 units.",Excess Inventory,"Produced 10,100 units against committed 4,000 units. Excess build-up of 7,746 units — throttle production.",Ops accepted Sales forecast in full. No capacity gap at plan stage.,64806.68,,2354.0,2354.0,,,,,29760.0,2000.0,,29760.0,
SS202-2-7mm,WL M04 B01 J0X CNH,Regular,,,,,,,4070.0,,,,4070.0,MTO,,,4070.0,,4070.0,,,,,,,4070.0,,Forecast Bullseye,Dispatch 0 units (no committed demand). MTO item — demand is order-driven. Forecast hit dead-on (0% variance) — strong demand sensing. No open commitment gap.,Unsold MTO Stock,Produced 0 units against committed 0 units.,Ops accepted Sales forecast in full. No capacity gap at plan stage.,,72649.5,,,,,,,,,,,
SS202-2,WL M04 B01 J2 AL,Regular,,,,,,,1900.0,,,,1900.0,MTO,,,1900.0,,1900.0,,,,,,,1900.0,,Forecast Bullseye,Dispatch 0 units (no committed demand). MTO item — demand is order-driven. Forecast hit dead-on (0% variance) — strong demand sensing. No open commitment gap.,Unsold MTO Stock,Produced 0 units against committed 0 units.,Ops accepted Sales forecast in full. No capacity gap at plan stage.,,19798.0,,,,,,,,,,,
SSWD-12mm liner,WL M04 B01 J2A (SS),Regular,66500.0,66500.0,,66500.0,,100%,55637.0,89650.0,,,145287.0,MTS,82200.0,123.6%,63087.0,59433.33,3653.67,,,,,,19353.67,,15700.0,Over-Delivered | Forecast Bullseye,"Dispatch 124% of committed (82,200 vs 66,500). MTS item — buffer stock + green level matters. Forecast hit dead-on (0% variance) — strong demand sensing. Action: review over-commit of 15,700 units.",Production Surplus,"Produced 89,650 units against committed 66,500 units.",Ops accepted Sales forecast in full. No capacity gap at plan stage.,132270.89,,70296.33,70296.33,,,,,233616.0,,15700.0,,233616.0
SSWD-12mm liner,WL M04 B01 J2A AL,Regular,2800.0,2800.0,,2800.0,,100%,422.0,3050.0,,,3472.0,MTO,3000.0,107.1%,472.0,,472.0,,,,,,672.0,,200.0,On Target | Forecast Bullseye,"Dispatch 107% of committed (3,000 vs 2,800). MTO item — demand is order-driven. Forecast hit dead-on (0% variance) — strong demand sensing. Action: review over-commit of 200 units.",Over-Production,"Produced 3,050 units against committed 2,800 units. Red flag — produced 672 units more than ordered. Investigate planning breakdown.",Ops accepted Sales forecast in full. No capacity gap at plan stage.,4741.22,,2378.0,2378.0,,,,,2976.0,,200.0,,2976.0
,WL M04 B01 J2A OEM,Regular,,,,,,,6400.0,,,,6400.0,TBC,,,6400.0,,6400.0,,,,,,,6400.0,,Forecast Bullseye,Dispatch 0 units (no committed demand). Forecast hit dead-on (0% variance) — strong demand sensing. No open commitment gap.,Healthy Stock,Produced 0 units against committed 0 units.,Ops accepted Sales forecast in full. No capacity gap at plan stage.,,55559.68,,,,,,,,,,,
SSWD-12mm liner,WL M04 B01 J38,Regular,3400.0,3400.0,,3400.0,,100%,1138.0,,,,1138.0,MTO,300.0,8.8%,838.0,,838.0,3100.0,838.0,,,2262.0,,,,Short Delivery | Forecast Bullseye,"Dispatch 9% of committed (300 vs 3,400). MTO item — demand is order-driven. Forecast hit dead-on (0% variance) — strong demand sensing. Action: recover shortfall of 3,100 units.",Production Shortfall,"Produced 0 units against committed 3,400 units. Shortfall of 2,262 units — expedite production or procure.",Ops accepted Sales forecast in full. No capacity gap at plan stage.,,,2262.0,,33658.56,12469.44,,,,,,,
SS202-2 TM,WL M04 B01 J3X (SS),Regular,700.0,700.0,,700.0,,100%,274.0,,,,274.0,MTO,,0.0%,274.0,,274.0,700.0,274.0,,,426.0,,,,Short Delivery | Forecast Bullseye,Dispatch 0% of committed (0 vs 700). MTO item — demand is order-driven. Forecast hit dead-on (0% variance) — strong demand sensing. Action: recover shortfall of 700 units.,Production Shortfall,Produced 0 units against committed 700 units. Shortfall of 426 units — expedite production or procure.,Ops accepted Sales forecast in full. No capacity gap at plan stage.,,,426.0,,,,,,,,,,
SSWD-12mm liner,WL M04 B01 J42 (SS),Regular,5800.0,5800.0,,5800.0,,100%,19136.0,19950.0,,7000.0,32086.0,MTS,25500.0,439.7%,6586.0,10833.33,,,,,,,19950.0,2502.67,19700.0,Over-Delivered | Forecast Bullseye,"Dispatch 440% of committed (25,500 vs 5,800). MTS item — buffer stock + green level matters. Forecast hit dead-on (0% variance) — strong demand sensing. Action: review over-commit of 19,700 units.",Below Safety | Excess Inventory,"Produced 19,950 units against committed 5,800 units. Closing 6,586 units. Green level 10,833 (0.6x cover) — ⚠ Safety breach — replenish urgently. Excess build-up of 19,950 units — throttle production.",Ops accepted Sales forecast in full. No capacity gap at plan stage.,126093.98,15818.1,,,,,,,293136.0,13336.0,6364.0,198439.68,94696.32
SS202-1 TM,WL M04 B01 J45A (SS),Regular,3000.0,3000.0,,3000.0,,100%,3757.0,,,,3757.0,MTO,,0.0%,3757.0,,3757.0,3000.0,3000.0,,,,,757.0,,Short Delivery | Forecast Bullseye,"Dispatch 0% of committed (0 vs 3,000). MTO item — demand is order-driven. Forecast hit dead-on (0% variance) — strong demand sensing. Action: recover shortfall of 3,000 units.",Healthy Stock,"Produced 0 units against committed 3,000 units.",Ops accepted Sales forecast in full. No capacity gap at plan stage.,,4884.1,,,,,,,,,,,
SSWD-12mm liner,WL M04 B01 J53,Regular,18300.0,18300.0,,18300.0,,100%,15661.0,29700.0,,,45361.0,MTS,29200.0,159.6%,16161.0,22800.0,,,,,,,4261.0,,10900.0,Over-Delivered | Forecast Bullseye,"Dispatch 160% of committed (29,200 vs 18,300). MTS item — buffer stock + green level matters. Forecast hit dead-on (0% variance) — strong demand sensing. Action: review over-commit of 10,900 units.",Below Safety | Production Surplus,"Produced 29,700 units against committed 18,300 units. Closing 16,161 units. Green level 22,800 (0.7x cover) — ⚠ Safety breach — replenish urgently.",Ops accepted Sales forecast in full. No capacity gap at plan stage.,29895.35,,25439.0,25439.0,,,,,162192.0,,10900.0,,162192.0
SSWD-12mm liner,WL M04 B01 J56 (SS),Regular,13800.0,13800.0,,13800.0,,100%,8384.0,14900.0,,,23284.0,MTS,16000.0,115.9%,7284.0,9716.67,,,,,,,,,2200.0,Over-Delivered | Forecast Bullseye,"Dispatch 116% of committed (16,000 vs 13,800). MTS item — buffer stock + green level matters. Forecast hit dead-on (0% variance) — strong demand sensing. Action: review over-commit of 2,200 units.",Below Safety,"Produced 14,900 units against committed 13,800 units. Closing 7,284 units. Green level 9,717 (0.7x cover) — ⚠ Safety breach — replenish urgently.",Ops accepted Sales forecast in full. No capacity gap at plan stage.,,,15132.67,14900.0,,,,,32736.0,,2200.0,,32736.0
SSWD-12mm liner,WL M04 B01 J58,Regular,19800.0,19800.0,,19800.0,,100%,6202.0,10000.0,,,16202.0,MTO,20000.0,101.0%,-3798.0,,,,,,,,,,200.0,On Target | Forecast Bullseye,"Dispatch 101% of committed (20,000 vs 19,800). MTO item — demand is order-driven. Forecast hit dead-on (0% variance) — strong demand sensing. Action: review over-commit of 200 units.",Production Shortfall,"Produced 10,000 units against committed 19,800 units. Shortfall of 3,598 units — expedite production or procure.",Ops accepted Sales forecast in full. No capacity gap at plan stage.,,,13598.0,10000.0,,,,,2976.0,,200.0,,2976.0
SS202-2-WL TM,WL M04 B01 J60 TM,Regular,,,,,,,703.0,,,,703.0,MTO,,,703.0,,703.0,,,,,,,703.0,,Forecast Bullseye,Dispatch 0 units (no committed demand). MTO item — demand is order-driven. Forecast hit dead-on (0% variance) — strong demand sensing. No open commitment gap.,Unsold MTO Stock,Produced 0 units against committed 0 units.,Ops accepted Sales forecast in full. No capacity gap at plan stage.,,5420.26,,,,,,,,,,,
SSWD-12mm liner,WL M04 B01 J65A (SS),Regular,17900.0,17900.0,,17900.0,,100%,8329.0,10548.0,,,18877.0,MTS,26200.0,146.4%,-7323.0,16066.67,,,,,,,,,8300.0,Over-Delivered | Forecast Bullseye,"Dispatch 146% of committed (26,200 vs 17,900). MTS item — buffer stock + green level matters. Forecast hit dead-on (0% variance) — strong demand sensing. Action: review over-commit of 8,300 units.",Stock-Out Risk,"Produced 10,548 units against committed 17,900 units. Closing -7,323 units. Green level 16,067 (-0.5x cover) — ⚠ Safety breach — replenish urgently.",Ops accepted Sales forecast in full. No capacity gap at plan stage.,,,25637.67,10548.0,,,,,123504.0,,8300.0,,123504.0
SSWD-12mm liner,WL M04 B01 J72 (SS),Regular,33200.0,33200.0,,33200.0,,100%,16589.0,59850.0,,,76439.0,MTS,48500.0,146.1%,27939.0,35333.33,,,,,,,7905.67,,15300.0,Over-Delivered | Forecast Bullseye,"Dispatch 146% of committed (48,500 vs 33,200). MTS item — buffer stock + green level matters. Forecast hit dead-on (0% variance) — strong demand sensing. Action: review over-commit of 15,300 units.",Below Safety | Production Surplus,"Produced 59,850 units against committed 33,200 units. Closing 27,939 units. Green level 35,333 (0.8x cover) — ⚠ Safety breach — replenish urgently.",Ops accepted Sales forecast in full. No capacity gap at plan stage.,62492.08,,51944.33,51944.33,,,,,227664.0,,15300.0,,227664.0
SSWD-12mm liner,WL M04 B01 J75A (SS),Regular,6300.0,6300.0,,999999.0,993699.0,0%,14421.0,9950.0,,,24371.0,MTS,12000.0,1.2%,12371.0,7880.0,4491.0,987999.0,12371.0,975628.0,,,9950.0,,,Short Delivery | Forecast Drift (Major),"Dispatch 1% of committed (12,000 vs 999,999). MTS item — buffer stock + green level matters. 🚩 Major forecast uplift of 15773% — late demand surge. Action: recover shortfall of 987,999 units.",Production Shortfall | Production Surplus,"Produced 9,950 units against committed 999,999 units. Shortfall of 975,628 units — expedite production or procure.",Ops accepted Sales forecast in full. No capacity gap at plan stage.,78265.51,,,,,184080.48,14517344.64,,,,,,
,WL M04 B01 J75A (TM),Regular,,,,,,,2099.0,,,,2099.0,TBC,,,2099.0,,2099.0,,,,,,,2099.0,,Forecast Bullseye,Dispatch 0 units (no committed demand). Forecast hit dead-on (0% variance) — strong demand sensing. No open commitment gap.,Healthy Stock,Produced 0 units against committed 0 units.,Ops accepted Sales forecast in full. No capacity gap at plan stage.,,52475.0,,,,,,,,,,,
SSWD-12mm liner,WL M04 B01 J77mm (SS),Regular,13200.0,13200.0,,2999997.0,2986797.0,0%,6148.0,20050.0,,,26198.0,MTS,13000.0,0.4%,13198.0,12166.67,1031.33,2986997.0,13198.0,2973799.0,,,831.33,,,Short Delivery | Forecast Drift (Major),"Dispatch 0% of committed (13,000 vs 2,999,997). MTS item — buffer stock + green level matters. 🚩 Major forecast uplift of 22627% — late demand surge. Action: recover shortfall of 2,986,997 units.",Production Shortfall | Production Surplus,"Produced 20,050 units against committed 2,999,997 units. Shortfall of 2,973,799 units — expedite production or procure.",Ops accepted Sales forecast in full. No capacity gap at plan stage.,6775.57,,19218.67,19218.67,,196386.24,44250129.12,,,,,,
SSWD-12mm liner,WL M04 B01 J82 (SS),Regular,21500.0,21500.0,,21500.0,,100%,11875.0,59900.0,,,71775.0,MTS,37000.0,172.1%,34775.0,24666.67,10108.33,,,,,,25608.33,,15500.0,Over-Delivered | Forecast Bullseye,"Dispatch 172% of committed (37,000 vs 21,500). MTS item — buffer stock + green level matters. Forecast hit dead-on (0% variance) — strong demand sensing. Action: review over-commit of 15,500 units.",Excess Inventory,"Produced 59,900 units against committed 21,500 units. Excess build-up of 25,608 units — throttle production.",Ops accepted Sales forecast in full. No capacity gap at plan stage.,216066.22,,34291.67,34291.67,,,,,230640.0,,15500.0,,230640.0
SSWD-12mm liner,WL M04 B01 J95,Regular,,,,,,,1222.0,,,,1222.0,MTO,400.0,,822.0,,822.0,,,,,,,1222.0,400.0,Forecast Bullseye,Dispatch 400 units (no committed demand). MTO item — demand is order-driven. Forecast hit dead-on (0% variance) — strong demand sensing. Action: review over-commit of 400 units.,Unsold MTO Stock,Produced 0 units against committed 0 units.,Ops accepted Sales forecast in full. No capacity gap at plan stage.,,10586.54,,,,,,,5952.0,400.0,,5952.0,
SSWD-16mm,WL M04 B03 J2 AL,Regular,,,,,,,1688.0,1688.0,,,3376.0,MTO,,,3376.0,,3376.0,,,,,,1688.0,1688.0,,Forecast Bullseye,Dispatch 0 units (no committed demand). MTO item — demand is order-driven. Forecast hit dead-on (0% variance) — strong demand sensing. No open commitment gap.,Over-Production,"Produced 1,688 units against committed 0 units. Red flag — produced 1,688 units more than ordered. Investigate planning breakdown.",Ops accepted Sales forecast in full. No capacity gap at plan stage.,25790.01,25790.01,,,,,,,,,,,
SS202-2-WL 16,WL M04 B03 J2X AL,Regular,2200.0,2200.0,,2200.0,,100%,2750.0,,,,2750.0,MTO,,0.0%,2750.0,,2750.0,2200.0,2200.0,,,,,550.0,,Short Delivery | Forecast Bullseye,"Dispatch 0% of committed (0 vs 2,200). MTO item — demand is order-driven. Forecast hit dead-on (0% variance) — strong demand sensing. Action: recover shortfall of 2,200 units.",Healthy Stock,"Produced 0 units against committed 2,200 units.",Ops accepted Sales forecast in full. No capacity gap at plan stage.,,5898.5,,,,,,,,,,,
SS202-2-WL 16,WL M04 B03 J3 AL,Regular,600.0,600.0,,600.0,,100%,6943.0,,,,6943.0,MTO,,0.0%,6943.0,,6943.0,600.0,600.0,,,,,6343.0,,Short Delivery | Forecast Bullseye,Dispatch 0% of committed (0 vs 600). MTO item — demand is order-driven. Forecast hit dead-on (0% variance) — strong demand sensing. Action: recover shortfall of 600 units.,Healthy Stock,Produced 0 units against committed 600 units.,Ops accepted Sales forecast in full. No capacity gap at plan stage.,,59925.68,,,,,,,,,,,
SS202-2-WL 16,WL M04 B03 J3X AL,Regular,,,,,,,1544.0,,,,1544.0,MTO,,,1544.0,,1544.0,,,,,,,1544.0,,Forecast Bullseye,Dispatch 0 units (no committed demand). MTO item — demand is order-driven. Forecast hit dead-on (0% variance) — strong demand sensing. No open commitment gap.,Unsold MTO Stock,Produced 0 units against committed 0 units.,Ops accepted Sales forecast in full. No capacity gap at plan stage.,,15744.14,,,,,,,,,,,
,WL M22 B01 16 CM,Regular,,,,,,,2.0,,,,2.0,TBC,,,2.0,,2.0,,,,,,,2.0,,Forecast Bullseye,Dispatch 0 units (no committed demand). Forecast hit dead-on (0% variance) — strong demand sensing. No open commitment gap.,Healthy Stock,Produced 0 units against committed 0 units.,Ops accepted Sales forecast in full. No capacity gap at plan stage.,,14.41,,,,,,,,,,,
Mini Clip,WM M01 B09 04 CI 355746,Regular,34200.0,34200.0,,34200.0,,100%,,,,10000.0,-10000.0,MTS,18800.0,55.0%,-28800.0,13200.0,,15400.0,,,,15400.0,,,,Short Delivery | Forecast Bullseye,"Dispatch 55% of committed (18,800 vs 34,200). MTS item — buffer stock + green level matters. Forecast hit dead-on (0% variance) — strong demand sensing. Action: recover shortfall of 15,400 units.",Production Shortfall | Stock-Out Risk,"Produced 0 units against committed 34,200 units. Shortfall of 44,200 units — expedite production or procure. Closing -28,800 units. Green level 13,200 (-2.2x cover) — ⚠ Safety breach — replenish urgently.",Ops accepted Sales forecast in full. No capacity gap at plan stage.,,,47400.0,,137214.0,,,,,,,,
Mini Clip,WMM01B0904WH,Regular,,,,,,,,,4000.0,4000.0,,TBC,4000.0,,-4000.0,,,,,,,,,,4000.0,Forecast Bullseye,"Dispatch 4,000 units (no committed demand). Forecast hit dead-on (0% variance) — strong demand sensing. Action: review over-commit of 4,000 units.",Healthy Stock,Produced 0 units against committed 0 units.,Ops accepted Sales forecast in full. No capacity gap at plan stage.,,,,,,,,,35640.0,,4000.0,,35640.0
Mini Clip,WMM01B0906WH,Regular,,,,,,,,,500.0,500.0,,TBC,500.0,,-500.0,,,,,,,,,,500.0,Forecast Bullseye,Dispatch 500 units (no committed demand). Forecast hit dead-on (0% variance) — strong demand sensing. Action: review over-commit of 500 units.,Healthy Stock,Produced 0 units against committed 0 units.,Ops accepted Sales forecast in full. No capacity gap at plan stage.,,,,,,,,,4455.0,,500.0,,4455.0
Mini Clip,WMM01B0908WH,Regular,,,,,,,,,,,,TBC,500.0,,-500.0,,,,,,,,,,500.0,Forecast Bullseye,Dispatch 500 units (no committed demand). Forecast hit dead-on (0% variance) — strong demand sensing. Action: review over-commit of 500 units.,Healthy Stock,Produced 0 units against committed 0 units.,Ops accepted Sales forecast in full. No capacity gap at plan stage.,,,,,,,,,4455.0,,500.0,,4455.0
MSWD,WN M11 B11 170A CAT,Regular,1000.0,1000.0,,1000.0,,100%,105.0,2215.0,,,2320.0,MTO,2390.0,239.0%,-70.0,,,,,,,,1320.0,,1390.0,Over-Delivered | Forecast Bullseye,"Dispatch 239% of committed (2,390 vs 1,000). MTO item — demand is order-driven. Forecast hit dead-on (0% variance) — strong demand sensing. Action: review over-commit of 1,390 units.",Over-Production,"Produced 2,215 units against committed 1,000 units. Red flag — produced 1,320 units more than ordered. Investigate planning breakdown.",Ops accepted Sales forecast in full. No capacity gap at plan stage.,29406.58,,895.0,895.0,,,,,9146.2,,1390.0,,9146.2
MSWD,WN M11 B11 J0,Regular,1600.0,1600.0,,1600.0,,100%,8000.0,26400.0,1000.0,24000.0,11400.0,MTS,1000.0,62.5%,10400.0,18667.0,,600.0,600.0,,,,14133.0,,,Short Delivery | Forecast Bullseye,"Dispatch 62% of committed (1,000 vs 1,600). MTS item — buffer stock + green level matters. Forecast hit dead-on (0% variance) — strong demand sensing. Action: recover shortfall of 600 units.",Below Safety | Excess Inventory,"Produced 26,400 units against committed 1,600 units. Closing 10,400 units. Green level 18,667 (0.6x cover) — ⚠ Safety breach — replenish urgently. Excess build-up of 14,133 units — throttle production.",Ops accepted Sales forecast in full. No capacity gap at plan stage.,34865.83,,12267.0,12267.0,,3948.0,,,,,,,
MSWD,WN M11 B11 J0 (09 MM),Regular,,,,,,,51000.0,,,,51000.0,MTS,14000.0,,37000.0,10333.0,26667.0,,,,,,,40667.0,14000.0,Forecast Bullseye,"Dispatch 14,000 units (no committed demand). MTS item — buffer stock + green level matters. Forecast hit dead-on (0% variance) — strong demand sensing. Action: review over-commit of 14,000 units.",Healthy Stock,Produced 0 units against committed 0 units. Production and inventory in healthy state.,Ops accepted Sales forecast in full. No capacity gap at plan stage.,,68431.58,,,,,,,92120.0,14000.0,,92120.0,
MSWD,WN M11 B11 J0 (T),Regular,4400.0,4400.0,,4400.0,,100%,1200.0,4400.0,,,5600.0,MTO,4000.0,90.9%,1600.0,,1600.0,400.0,400.0,,,,1200.0,,,On Target | Forecast Bullseye,"Dispatch 91% of committed (4,000 vs 4,400). MTO item — demand is order-driven. Forecast hit dead-on (0% variance) — strong demand sensing. Action: recover shortfall of 400 units.",Over-Production,"Produced 4,400 units against committed 4,400 units. Red flag — produced 1,200 units more than ordered. Investigate planning breakdown.",Ops accepted Sales forecast in full. No capacity gap at plan stage.,3312.94,,3200.0,3200.0,,2632.0,,,,,,,
MSWD,WN M11 B11 J0 (TY) Exp,Regular,,,,,,,,22000.0,,100.0,21900.0,MTS,,,21900.0,6433.0,15467.0,,,,,,15567.0,,,Forecast Bullseye,Dispatch 0 units (no committed demand). MTS item — buffer stock + green level matters. Forecast hit dead-on (0% variance) — strong demand sensing. No open commitment gap.,Production Surplus,"Produced 22,000 units against committed 0 units.",Ops accepted Sales forecast in full. No capacity gap at plan stage.,,,6433.0,6433.0,,,,,,,,,
MSWD,WN M11 B11 J0 MM,Regular,25200.0,25200.0,,25200.0,,100%,,,23000.0,,23000.0,MTO,23000.0,91.3%,0.0,,,2200.0,,,,2200.0,,,,On Target | Forecast Bullseye,"Dispatch 91% of committed (23,000 vs 25,200). MTO item — demand is order-driven. Forecast hit dead-on (0% variance) — strong demand sensing. Action: recover shortfall of 2,200 units.",Production Shortfall,"Produced 0 units against committed 25,200 units. Shortfall of 2,200 units — expedite production or procure.",Ops accepted Sales forecast in full. No capacity gap at plan stage.,,,25200.0,,14476.0,,,,,,,,
MSWD,WN M11 B11 J0 TM,Regular,39700.0,39700.0,,39700.0,,100%,2700.0,10000.0,10000.0,10000.0,12700.0,MTO,10000.0,25.2%,2700.0,,2700.0,29700.0,2700.0,,,27000.0,,,,Short Delivery | Forecast Bullseye,"Dispatch 25% of committed (10,000 vs 39,700). MTO item — demand is order-driven. Forecast hit dead-on (0% variance) — strong demand sensing. Action: recover shortfall of 29,700 units.",Production Shortfall,"Produced 10,000 units against committed 39,700 units. Shortfall of 27,000 units — expedite production or procure.",Ops accepted Sales forecast in full. No capacity gap at plan stage.,,,37000.0,10000.0,177660.0,17766.0,,,,,,,
MSWD,WN M11 B11 J0 TM1,Regular,24100.0,24100.0,,24100.0,,100%,4700.0,30000.0,30000.0,30000.0,34700.0,MTO,30000.0,124.5%,4700.0,,4700.0,,,,,,10600.0,,5900.0,Over-Delivered | Forecast Bullseye,"Dispatch 124% of committed (30,000 vs 24,100). MTO item — demand is order-driven. Forecast hit dead-on (0% variance) — strong demand sensing. Action: review over-commit of 5,900 units.",Over-Production,"Produced 30,000 units against committed 24,100 units. Red flag — produced 10,600 units more than ordered. Investigate planning breakdown.",Ops accepted Sales forecast in full. No capacity gap at plan stage.,29127.42,,19400.0,19400.0,,,,,38822.0,,5900.0,,38822.0
MSWD,WN M11 B11 J0 TTR,Regular,10800.0,10800.0,,10800.0,,100%,,5000.0,10000.0,10000.0,5000.0,MTO,10000.0,92.6%,-5000.0,,,800.0,,,,800.0,,,,On Target | Forecast Bullseye,"Dispatch 93% of committed (10,000 vs 10,800). MTO item — demand is order-driven. Forecast hit dead-on (0% variance) — strong demand sensing. Action: recover shortfall of 800 units.",Production Shortfall,"Produced 5,000 units against committed 10,800 units. Shortfall of 5,800 units — expedite production or procure.",Ops accepted Sales forecast in full. No capacity gap at plan stage.,,,10800.0,5000.0,5264.0,,,,,,,,
MSWD,WN M11 B11 J0 WH,Regular,171600.0,171600.0,,108800.0,-62800.0,63%,,56800.0,,,56800.0,MTS,60800.0,55.9%,-4000.0,121067.0,,48000.0,,,62800.0,110800.0,,,,Short Delivery | Forecast Drift (Major),"Dispatch 56% of committed (60,800 vs 108,800). MTS item — buffer stock + green level matters. 🚩 Major forecast cut of 37% — severe over-promise. Action: recover shortfall of 48,000 units.",Production Shortfall | Stock-Out Risk,"Produced 56,800 units against committed 108,800 units. Shortfall of 52,000 units — expedite production or procure. Closing -4,000 units. Green level 121,067 (-0.0x cover) — ⚠ Safety breach — replenish urgently.",Ops accepted Sales forecast in full. No capacity gap at plan stage.,,,292667.0,56800.0,729064.0,,,413224.0,,,,,
MSWD,WN M11 B11 J00,Regular,19900.0,19900.0,,19900.0,,100%,11200.0,60000.0,46000.0,58000.0,59200.0,MTO,46000.0,231.2%,13200.0,,13200.0,,,,,,51300.0,,26100.0,Over-Delivered | Forecast Bullseye,"Dispatch 231% of committed (46,000 vs 19,900). MTO item — demand is order-driven. Forecast hit dead-on (0% variance) — strong demand sensing. Action: review over-commit of 26,100 units.",Over-Production,"Produced 60,000 units against committed 19,900 units. Red flag — produced 51,300 units more than ordered. Investigate planning breakdown.",Ops accepted Sales forecast in full. No capacity gap at plan stage.,92324.1,,8700.0,8700.0,,,,,171738.0,,26100.0,,171738.0
MSWD,WN M11 B11 J00 AL,Regular,3200.0,3200.0,,3200.0,,100%,,,,,,MTO,,0.0%,0.0,,,3200.0,,,,3200.0,,,,Short Delivery | Forecast Bullseye,"Dispatch 0% of committed (0 vs 3,200). MTO item — demand is order-driven. Forecast hit dead-on (0% variance) — strong demand sensing. Action: recover shortfall of 3,200 units.",Production Shortfall,"Produced 0 units against committed 3,200 units. Shortfall of 3,200 units — expedite production or procure.",Ops accepted Sales forecast in full. No capacity gap at plan stage.,,,3200.0,,21056.0,,,,,,,,
MSWD,WN M11 B11 J00 MD,Regular,6200.0,6200.0,,6200.0,,100%,2000.0,10000.0,14000.0,14000.0,12000.0,MTO,14000.0,225.8%,-2000.0,,,,,,,,5800.0,,7800.0,Over-Delivered | Forecast Bullseye,"Dispatch 226% of committed (14,000 vs 6,200). MTO item — demand is order-driven. Forecast hit dead-on (0% variance) — strong demand sensing. Action: review over-commit of 7,800 units.",Over-Production,"Produced 10,000 units against committed 6,200 units. Red flag — produced 5,800 units more than ordered. Investigate planning breakdown.",Ops accepted Sales forecast in full. No capacity gap at plan stage.,10403.17,,4200.0,4200.0,,,,,51324.0,,7800.0,,51324.0
MSWD,WN M11 B11 J00 MM,Regular,44000.0,44000.0,,44000.0,,100%,1000.0,26000.0,,,27000.0,MTS,37200.0,84.5%,-10200.0,22733.0,,6800.0,,,,6800.0,,,,Short Delivery | Forecast Bullseye,"Dispatch 85% of committed (37,200 vs 44,000). MTS item — buffer stock + green level matters. Forecast hit dead-on (0% variance) — strong demand sensing. Action: recover shortfall of 6,800 units.",Production Shortfall | Stock-Out Risk,"Produced 26,000 units against committed 44,000 units. Shortfall of 17,000 units — expedite production or procure. Closing -10,200 units. Green level 22,733 (-0.4x cover) — ⚠ Safety breach — replenish urgently.",Ops accepted Sales forecast in full. No capacity gap at plan stage.,,,65733.0,26000.0,44744.0,,,,,,,,
,WN M11 B11 J000,Regular,,,,,,,8000.0,,,,8000.0,TBC,,,8000.0,,8000.0,,,,,,,8000.0,,Forecast Bullseye,Dispatch 0 units (no committed demand). Forecast hit dead-on (0% variance) — strong demand sensing. No open commitment gap.,Healthy Stock,Produced 0 units against committed 0 units.,Ops accepted Sales forecast in full. No capacity gap at plan stage.,,12889.28,,,,,,,,,,,
MSWD,WN M11 B11 J00M,Regular,25900.0,25900.0,,25900.0,,100%,13000.0,28200.0,20000.0,20000.0,41200.0,MTS,20000.0,77.2%,21200.0,111333.0,,5900.0,5900.0,,,,,,,Short Delivery | Forecast Bullseye,"Dispatch 77% of committed (20,000 vs 25,900). MTS item — buffer stock + green level matters. Forecast hit dead-on (0% variance) — strong demand sensing. Action: recover shortfall of 5,900 units.",Stock-Out Risk,"Produced 28,200 units against committed 25,900 units. Closing 21,200 units. Green level 111,333 (0.2x cover) — ⚠ Safety breach — replenish urgently.",Ops accepted Sales forecast in full. No capacity gap at plan stage.,,,124233.0,28200.0,,38822.0,,,,,,,
MSWD,WN M11 B11 J00M (TY) Exp,Regular,30000.0,30000.0,,30000.0,,100%,,,28000.0,,28000.0,TBC,28000.0,93.3%,0.0,,,2000.0,,,,2000.0,,,,On Target | Forecast Bullseye,"Dispatch 93% of committed (28,000 vs 30,000). Forecast hit dead-on (0% variance) — strong demand sensing. Action: recover shortfall of 2,000 units.",Production Shortfall,"Produced 0 units against committed 30,000 units. Shortfall of 2,000 units — expedite production or procure.",Ops accepted Sales forecast in full. No capacity gap at plan stage.,,,30000.0,,13160.0,,,,,,,,
MSWD,WN M11 B11 J0X,Regular,,,,,,,22900.0,12700.0,,48000.0,-12400.0,MTS,,,-12400.0,10000.0,,,,,,,12700.0,12900.0,,Forecast Bullseye,Dispatch 0 units (no committed demand). MTS item — buffer stock + green level matters. Forecast hit dead-on (0% variance) — strong demand sensing. No open commitment gap.,Production Shortfall | Stock-Out Risk | Production Surplus,"Produced 12,700 units against committed 0 units. Shortfall of 12,400 units — expedite production or procure. Closing -12,400 units. Green level 10,000 (-1.2x cover) — ⚠ Safety breach — replenish urgently.",Ops accepted Sales forecast in full. No capacity gap at plan stage.,35715.45,36277.9,,,,,,,,,,,
MSWD,WN M11 B11 J0X (T) CNH,Regular,,,,,,,,100.0,,,100.0,MTO,100.0,,0.0,,,,,,,,100.0,,100.0,Forecast Bullseye,Dispatch 100 units (no committed demand). MTO item — demand is order-driven. Forecast hit dead-on (0% variance) — strong demand sensing. Action: review over-commit of 100 units.,Over-Production,Produced 100 units against committed 0 units. Red flag — produced 100 units more than ordered. Investigate planning breakdown.,Ops accepted Sales forecast in full. No capacity gap at plan stage.,,,,,,,,,658.0,,100.0,,658.0
MSWD,WN M11 B11 J0X AL,Regular,700.0,700.0,,700.0,,100%,,5000.0,1000.0,,6000.0,MTO,2000.0,285.7%,4000.0,,4000.0,,,,,,4300.0,,1300.0,Over-Delivered | Forecast Bullseye,"Dispatch 286% of committed (2,000 vs 700). MTO item — demand is order-driven. Forecast hit dead-on (0% variance) — strong demand sensing. Action: review over-commit of 1,300 units.",Over-Production,"Produced 5,000 units against committed 700 units. Red flag — produced 4,300 units more than ordered. Investigate planning breakdown.",Ops accepted Sales forecast in full. No capacity gap at plan stage.,,,700.0,700.0,,,,,8554.0,,1300.0,,8554.0
MSWD,WN M11 B11 J0X MM,Regular,45600.0,45600.0,,45600.0,,100%,1277.0,,47000.0,,48277.0,MTS,48000.0,105.3%,277.0,40000.0,,,,,,,,,2400.0,On Target | Forecast Bullseye,"Dispatch 105% of committed (48,000 vs 45,600). MTS item — buffer stock + green level matters. Forecast hit dead-on (0% variance) — strong demand sensing. Action: review over-commit of 2,400 units.",Stock-Out Risk,"Produced 0 units against committed 45,600 units. Closing 277 units. Green level 40,000 (0.0x cover) — ⚠ Safety breach — replenish urgently.",Ops accepted Sales forecast in full. No capacity gap at plan stage.,,,84323.0,,,,,,15792.0,,2400.0,,15792.0
MSWD,WN M11 B11 J0X MM 1,Regular,4300.0,4300.0,,4300.0,,100%,5800.0,8600.0,,1000.0,13400.0,MTS,2000.0,46.5%,11400.0,333.0,11067.0,2300.0,2300.0,,,,8600.0,1167.0,,Short Delivery | Forecast Bullseye,"Dispatch 47% of committed (2,000 vs 4,300). MTS item — buffer stock + green level matters. Forecast hit dead-on (0% variance) — strong demand sensing. Action: recover shortfall of 2,300 units.",Excess Inventory,"Produced 8,600 units against committed 4,300 units. Excess build-up of 8,600 units — throttle production.",Ops accepted Sales forecast in full. No capacity gap at plan stage.,21888.89,2970.27,,,,15134.0,,,,,,,
MSWD,WN M11 B11 J0X WH,Regular,210000.0,210000.0,,92800.0,-117200.0,44%,,182100.0,,,182100.0,MTS,206400.0,222.4%,-24300.0,116800.0,,,,,3600.0,3600.0,,,113600.0,Over-Delivered | Forecast Drift (Major),"Dispatch 222% of committed (206,400 vs 92,800). MTS item — buffer stock + green level matters. 🚩 Major forecast cut of 56% — severe over-promise. Action: review over-commit of 113,600 units.",Stock-Out Risk,"Produced 182,100 units against committed 92,800 units. Closing -24,300 units. Green level 116,800 (-0.2x cover) — ⚠ Safety breach — replenish urgently.",Ops accepted Sales forecast in full. No capacity gap at plan stage.,,,326800.0,182100.0,23688.0,,,23688.0,747488.0,,113600.0,,747488.0
MSWD,WN M11 B11 J0X WH1,Regular,1000.0,1000.0,,1000.0,,100%,,,1000.0,,1000.0,TBC,1000.0,100.0%,0.0,,,,,,,,,,,On Target | Forecast Bullseye,"Dispatch 100% of committed (1,000 vs 1,000). Forecast hit dead-on (0% variance) — strong demand sensing. No open commitment gap.",Healthy Stock,"Produced 0 units against committed 1,000 units.",Ops accepted Sales forecast in full. No capacity gap at plan stage.,,,1000.0,,,,,,,,,,
MSWD,WN M11 B11 J1 SBS,Regular,,,,,,,,30000.0,30100.0,30100.0,30000.0,TBC,,,30000.0,,30000.0,,,,,,30000.0,,,Forecast Bullseye,Dispatch 0 units (no committed demand). Forecast hit dead-on (0% variance) — strong demand sensing. No open commitment gap.,Healthy Stock,"Produced 30,000 units against committed 0 units.",Ops accepted Sales forecast in full. No capacity gap at plan stage.,,,,,,,,,,,,,
MSWD,WN M11 B11 J1 WH,Regular,89000.0,89000.0,,7200.0,-81800.0,8%,,67749.0,,,67749.0,MTS,69600.0,966.7%,-1851.0,42133.0,,,,,19400.0,19400.0,,,62400.0,Over-Delivered | Forecast Drift (Major),"Dispatch 967% of committed (69,600 vs 7,200). MTS item — buffer stock + green level matters. 🚩 Major forecast cut of 92% — severe over-promise. Action: review over-commit of 62,400 units.",Stock-Out Risk,"Produced 67,749 units against committed 7,200 units. Closing -1,851 units. Green level 42,133 (-0.0x cover) — ⚠ Safety breach — replenish urgently.",Ops accepted Sales forecast in full. No capacity gap at plan stage.,,,131133.0,67749.0,127652.0,,,127652.0,410592.0,,62400.0,,410592.0
,WN M11 B11 J10 WH,Regular,13800.0,13800.0,,750.0,-13050.0,5%,,,,,,MTS,,0.0%,0,1667.0,,750.0,,,13050.0,13800.0,,,,Short Delivery | Forecast Drift (Major),Dispatch 0% of committed (0 vs 750). MTS item — buffer stock + green level matters. 🚩 Major forecast cut of 95% — severe over-promise. Action: recover shortfall of 750 units.,Production Shortfall | Stock-Out Risk,"Produced 0 units against committed 750 units. Shortfall of 750 units — expedite production or procure. Closing 0 units. Green level 1,667 (0.0x cover) — ⚠ Safety breach — replenish urgently.",Ops accepted Sales forecast in full. No capacity gap at plan stage.,,,15467.0,,,,,,,,,,
MSWD,WN M11 B11 J100S,Regular,8800.0,8800.0,,8800.0,,100%,8100.0,20000.0,15000.0,15000.0,28100.0,MTS,15000.0,170.5%,13100.0,7667.0,5433.0,,,,,,11633.0,,6200.0,Over-Delivered | Forecast Bullseye,"Dispatch 170% of committed (15,000 vs 8,800). MTS item — buffer stock + green level matters. Forecast hit dead-on (0% variance) — strong demand sensing. Action: review over-commit of 6,200 units.",Excess Inventory,"Produced 20,000 units against committed 8,800 units. Excess build-up of 11,633 units — throttle production.",Ops accepted Sales forecast in full. No capacity gap at plan stage.,39617.34,,8367.0,8367.0,,,,,40796.0,,6200.0,,40796.0
MSWD,WN M11 B11 J100S (TY) Exp,Regular,,,,,,,,39600.0,,39600.0,,TBC,,,0.0,,,,,,,,39600.0,,,Forecast Bullseye,Dispatch 0 units (no committed demand). Forecast hit dead-on (0% variance) — strong demand sensing. No open commitment gap.,Healthy Stock,"Produced 39,600 units against committed 0 units.",Ops accepted Sales forecast in full. No capacity gap at plan stage.,,,,,,,,,,,,,
MSWD,WN M11 B11 J100S FM(T),Regular,2700.0,2700.0,,2700.0,,100%,,11200.0,11000.0,11000.0,11200.0,MTS,11000.0,407.4%,200.0,1667.0,,,,,,,6833.0,,8300.0,Over-Delivered | Forecast Bullseye,"Dispatch 407% of committed (11,000 vs 2,700). MTS item — buffer stock + green level matters. Forecast hit dead-on (0% variance) — strong demand sensing. Action: review over-commit of 8,300 units.",Stock-Out Risk | Excess Inventory,"Produced 11,200 units against committed 2,700 units. Closing 200 units. Green level 1,667 (0.1x cover) — ⚠ Safety breach — replenish urgently. Excess build-up of 6,833 units — throttle production.",Ops accepted Sales forecast in full. No capacity gap at plan stage.,,,4367.0,4367.0,,,,,54614.0,,8300.0,,54614.0
MSWD,WN M11 B11 J100S TM,Regular,3800.0,3800.0,,3800.0,,100%,2800.0,11900.0,11000.0,11000.0,14700.0,MTO,11000.0,289.5%,3700.0,,3700.0,,,,,,10900.0,,7200.0,Over-Delivered | Forecast Bullseye,"Dispatch 289% of committed (11,000 vs 3,800). MTO item — demand is order-driven. Forecast hit dead-on (0% variance) — strong demand sensing. Action: review over-commit of 7,200 units.",Over-Production,"Produced 11,900 units against committed 3,800 units. Red flag — produced 10,900 units more than ordered. Investigate planning breakdown.",Ops accepted Sales forecast in full. No capacity gap at plan stage.,25180.74,,1000.0,1000.0,,,,,47376.0,,7200.0,,47376.0
MSWD,WN M11 B11 J100S TM1,Regular,2600.0,2600.0,,2600.0,,100%,,,10000.0,10000.0,,MTO,10000.0,384.6%,-10000.0,,,,,,,,,,7400.0,Over-Delivered | Forecast Bullseye,"Dispatch 385% of committed (10,000 vs 2,600). MTO item — demand is order-driven. Forecast hit dead-on (0% variance) — strong demand sensing. Action: review over-commit of 7,400 units.",Production Shortfall,"Produced 0 units against committed 2,600 units. Shortfall of 2,600 units — expedite production or procure.",Ops accepted Sales forecast in full. No capacity gap at plan stage.,,,2600.0,,,,,,48692.0,,7400.0,,48692.0
MSWD,WN M11 B11 J100S WH,Regular,877000.0,877000.0,,137600.0,-739400.0,16%,,579600.0,,,579600.0,MTS,459200.0,333.7%,120400.0,284267.0,,,,,297400.0,297400.0,,,321600.0,Over-Delivered | Forecast Drift (Major),"Dispatch 334% of committed (459,200 vs 137,600). MTS item — buffer stock + green level matters. 🚩 Major forecast cut of 84% — severe over-promise. Action: review over-commit of 321,600 units.",Stock-Out Risk,"Produced 579,600 units against committed 137,600 units. Closing 120,400 units. Green level 284,267 (0.4x cover) — ⚠ Safety breach — replenish urgently.",Ops accepted Sales forecast in full. No capacity gap at plan stage.,,,1161267.0,579600.0,1956892.0,,,1956892.0,2116128.0,,321600.0,,2116128.0
MSWD,WN M11 B11 J11 (TY) Exp,Regular,,,,,,,,600.0,,600.0,,TBC,,,0.0,,,,,,,,600.0,,,Forecast Bullseye,Dispatch 0 units (no committed demand). Forecast hit dead-on (0% variance) — strong demand sensing. No open commitment gap.,Healthy Stock,Produced 600 units against committed 0 units.,Ops accepted Sales forecast in full. No capacity gap at plan stage.,,,,,,,,,,,,,
MSWD,WN M11 B11 J11 WH,Regular,7200.0,7200.0,,200.0,-7000.0,3%,,2275.0,,,2275.0,MTS,800.0,400.0%,1475.0,1667.0,,,,,4925.0,4925.0,,,600.0,Over-Delivered | Forecast Drift (Major),Dispatch 400% of committed (800 vs 200). MTS item — buffer stock + green level matters. 🚩 Major forecast cut of 97% — severe over-promise. Action: review over-commit of 600 units.,Below Safety,"Produced 2,275 units against committed 200 units. Closing 1,475 units. Green level 1,667 (0.9x cover) — ⚠ Safety breach — replenish urgently.",Ops accepted Sales forecast in full. No capacity gap at plan stage.,,,8867.0,2275.0,32406.5,,,32406.5,3948.0,,600.0,,3948.0
MSWD,WN M11 B11 J110A (T) CNH,Regular,,,,,,,,100.0,,,100.0,MTO,100.0,,0.0,,,,,,,,100.0,,100.0,Forecast Bullseye,Dispatch 100 units (no committed demand). MTO item — demand is order-driven. Forecast hit dead-on (0% variance) — strong demand sensing. Action: review over-commit of 100 units.,Over-Production,Produced 100 units against committed 0 units. Red flag — produced 100 units more than ordered. Investigate planning breakdown.,Ops accepted Sales forecast in full. No capacity gap at plan stage.,,,,,,,,,658.0,,100.0,,658.0
MSWD,WN M11 B11 J110A WH,Regular,17800.0,17800.0,,5600.0,-12200.0,31%,,9800.0,,,9800.0,MTS,9600.0,171.4%,200.0,5600.0,,,,,8000.0,8000.0,,,4000.0,Over-Delivered | Forecast Drift (Major),"Dispatch 171% of committed (9,600 vs 5,600). MTS item — buffer stock + green level matters. 🚩 Major forecast cut of 69% — severe over-promise. Action: review over-commit of 4,000 units.",Stock-Out Risk,"Produced 9,800 units against committed 5,600 units. Closing 200 units. Green level 5,600 (0.0x cover) — ⚠ Safety breach — replenish urgently.",Ops accepted Sales forecast in full. No capacity gap at plan stage.,,,23400.0,9800.0,52640.0,,,52640.0,26320.0,,4000.0,,26320.0
,WN M11 B11 J12 WH,Regular,15400.0,15400.0,,800.0,-14600.0,5%,,,,,,MTS,,0.0%,0,933.0,,800.0,,,14600.0,15400.0,,,,Short Delivery | Forecast Drift (Major),Dispatch 0% of committed (0 vs 800). MTS item — buffer stock + green level matters. 🚩 Major forecast cut of 95% — severe over-promise. Action: recover shortfall of 800 units.,Production Shortfall | Stock-Out Risk,Produced 0 units against committed 800 units. Shortfall of 800 units — expedite production or procure. Closing 0 units. Green level 933 (0.0x cover) — ⚠ Safety breach — replenish urgently.,Ops accepted Sales forecast in full. No capacity gap at plan stage.,,,16333.0,,,,,,,,,,
MSWD,WN M11 B11 J13 WH,Regular,3400.0,3400.0,,450.0,-2950.0,13%,,,,,,MTS,400.0,88.9%,-400.0,350.0,,50.0,,,2950.0,3000.0,,,,Short Delivery | Forecast Drift (Major),Dispatch 89% of committed (400 vs 450). MTS item — buffer stock + green level matters. 🚩 Major forecast cut of 87% — severe over-promise. Action: recover shortfall of 50 units.,Production Shortfall | Stock-Out Risk,Produced 0 units against committed 450 units. Shortfall of 450 units — expedite production or procure. Closing -400 units. Green level 350 (-1.1x cover) — ⚠ Safety breach — replenish urgently.,Ops accepted Sales forecast in full. No capacity gap at plan stage.,,,3750.0,,19740.0,,,19411.0,,,,,
,WN M11 B11 J137S,Regular,,,,,,,6000.0,,,,6000.0,MTS,,,6000.0,4333.0,1667.0,,,,,,,1667.0,,Forecast Bullseye,Dispatch 0 units (no committed demand). MTS item — buffer stock + green level matters. Forecast hit dead-on (0% variance) — strong demand sensing. No open commitment gap.,Healthy Stock,Produced 0 units against committed 0 units. Production and inventory in healthy state.,Ops accepted Sales forecast in full. No capacity gap at plan stage.,,5282.14,,,,,,,,,,,
MSWD,WN M11 B11 J137S (T) CNH,Regular,,,,,,,,100.0,,,100.0,MTO,100.0,,0.0,,,,,,,,100.0,,100.0,Forecast Bullseye,Dispatch 100 units (no committed demand). MTO item — demand is order-driven. Forecast hit dead-on (0% variance) — strong demand sensing. Action: review over-commit of 100 units.,Over-Production,Produced 100 units against committed 0 units. Red flag — produced 100 units more than ordered. Investigate planning breakdown.,Ops accepted Sales forecast in full. No capacity gap at plan stage.,,,,,,,,,658.0,,100.0,,658.0
MSWD,WN M11 B11 J137S (TY) Exp,Regular,,,,,,,,26100.0,50.0,26000.0,150.0,TBC,50.0,,100.0,,100.0,,,,,,26100.0,,50.0,Forecast Bullseye,Dispatch 50 units (no committed demand). Forecast hit dead-on (0% variance) — strong demand sensing. Action: review over-commit of 50 units.,Healthy Stock,"Produced 26,100 units against committed 0 units.",Ops accepted Sales forecast in full. No capacity gap at plan stage.,,,,,,,,,329.0,,50.0,,329.0
MSWD,WN M11 B11 J137S TM,Regular,12000.0,12000.0,,12000.0,,100%,900.0,60764.0,50000.0,50050.0,61614.0,MTO,50000.0,416.7%,11614.0,,11614.0,,,,,,49664.0,,38000.0,Over-Delivered | Forecast Bullseye,"Dispatch 417% of committed (50,000 vs 12,000). MTO item — demand is order-driven. Forecast hit dead-on (0% variance) — strong demand sensing. Action: review over-commit of 38,000 units.",Over-Production,"Produced 60,764 units against committed 12,000 units. Red flag — produced 49,664 units more than ordered. Investigate planning breakdown.",Ops accepted Sales forecast in full. No capacity gap at plan stage.,143761.39,,11100.0,11100.0,,,,,250040.0,,38000.0,,250040.0
MSWD,WN M11 B11 J137S WH,Regular,171000.0,171000.0,,67200.0,-103800.0,39%,,102300.0,,,102300.0,MTS,159600.0,237.5%,-57300.0,86000.0,,,,,11400.0,11400.0,,,92400.0,Over-Delivered | Forecast Drift (Major),"Dispatch 238% of committed (159,600 vs 67,200). MTS item — buffer stock + green level matters. 🚩 Major forecast cut of 61% — severe over-promise. Action: review over-commit of 92,400 units.",Stock-Out Risk,"Produced 102,300 units against committed 67,200 units. Closing -57,300 units. Green level 86,000 (-0.7x cover) — ⚠ Safety breach — replenish urgently.",Ops accepted Sales forecast in full. No capacity gap at plan stage.,,,257000.0,102300.0,75012.0,,,75012.0,607992.0,,92400.0,,607992.0
MSWD,WN M11 B11 J14 WH,Regular,6200.0,6200.0,,900.0,-5300.0,15%,,,,,,MTS,150.0,16.7%,-150.0,800.0,,750.0,,,5300.0,6050.0,,,,Short Delivery | Forecast Drift (Major),Dispatch 17% of committed (150 vs 900). MTS item — buffer stock + green level matters. 🚩 Major forecast cut of 85% — severe over-promise. Action: recover shortfall of 750 units.,Production Shortfall | Stock-Out Risk,Produced 0 units against committed 900 units. Shortfall of 900 units — expedite production or procure. Closing -150 units. Green level 800 (-0.2x cover) — ⚠ Safety breach — replenish urgently.,Ops accepted Sales forecast in full. No capacity gap at plan stage.,,,7000.0,,39809.0,,,34874.0,,,,,
MSWD,WN M11 B11 J140A (TY) Exp,Regular,,,,,,,,1600.0,,1600.0,,TBC,,,0.0,,,,,,,,1600.0,,,Forecast Bullseye,Dispatch 0 units (no committed demand). Forecast hit dead-on (0% variance) — strong demand sensing. No open commitment gap.,Healthy Stock,"Produced 1,600 units against committed 0 units.",Ops accepted Sales forecast in full. No capacity gap at plan stage.,,,,,,,,,,,,,
MSWD,WN M11 B11 J140A WH,Regular,,,,,,,,,,,,MTS,1200.0,,-1200.0,1200.0,,,,,,,,,1200.0,Forecast Bullseye,"Dispatch 1,200 units (no committed demand). MTS item — buffer stock + green level matters. Forecast hit dead-on (0% variance) — strong demand sensing. Action: review over-commit of 1,200 units.",Stock-Out Risk,"Produced 0 units against committed 0 units. Closing -1,200 units. Green level 1,200 (-1.0x cover) — ⚠ Safety breach — replenish urgently.",Ops accepted Sales forecast in full. No capacity gap at plan stage.,,,1200.0,,,,,,7896.0,,1200.0,,7896.0
MSWD,WN M11 B11 J15 WH,Regular,3000.0,3000.0,,450.0,-2550.0,15%,,,,,,MTS,1350.0,300.0%,-1350.0,100.0,,,,,1650.0,1650.0,,,900.0,Over-Delivered | Forecast Drift (Major),"Dispatch 300% of committed (1,350 vs 450). MTS item — buffer stock + green level matters. 🚩 Major forecast cut of 85% — severe over-promise. Action: review over-commit of 900 units.",Production Shortfall | Stock-Out Risk,"Produced 0 units against committed 450 units. Shortfall of 450 units — expedite production or procure. Closing -1,350 units. Green level 100 (-13.5x cover) — ⚠ Safety breach — replenish urgently.",Ops accepted Sales forecast in full. No capacity gap at plan stage.,,,3100.0,,10857.0,,,10857.0,5922.0,,900.0,,5922.0
MSWD,WN M11 B11 J150A RCM,Regular,10200.0,10200.0,,10200.0,,100%,400.0,8850.0,12000.0,12000.0,9250.0,MTS,12000.0,117.6%,-2750.0,1833.0,,,,,,,,,1800.0,Over-Delivered | Forecast Bullseye,"Dispatch 118% of committed (12,000 vs 10,200). MTS item — buffer stock + green level matters. Forecast hit dead-on (0% variance) — strong demand sensing. Action: review over-commit of 1,800 units.",Production Shortfall | Stock-Out Risk,"Produced 8,850 units against committed 10,200 units. Shortfall of 950 units — expedite production or procure. Closing -2,750 units. Green level 1,833 (-1.5x cover) — ⚠ Safety breach — replenish urgently.",Ops accepted Sales forecast in full. No capacity gap at plan stage.,,,11633.0,8850.0,,,,,11844.0,,1800.0,,11844.0
MSWD,WN M11 B11 J150A WH,Regular,,,,,,,,,,,,MTS,800.0,,-800.0,733.0,,,,,,,,,800.0,Forecast Bullseye,Dispatch 800 units (no committed demand). MTS item — buffer stock + green level matters. Forecast hit dead-on (0% variance) — strong demand sensing. Action: review over-commit of 800 units.,Stock-Out Risk,Produced 0 units against committed 0 units. Closing -800 units. Green level 733 (-1.1x cover) — ⚠ Safety breach — replenish urgently.,Ops accepted Sales forecast in full. No capacity gap at plan stage.,,,733.0,,,,,,5264.0,,800.0,,5264.0
MSWD,WN M11 B11 J16 WH,Regular,3100.0,3100.0,,600.0,-2500.0,19%,,75.0,,,75.0,MTS,1400.0,233.3%,-1325.0,300.0,,,,,1700.0,1700.0,,,800.0,Over-Delivered | Forecast Drift (Major),"Dispatch 233% of committed (1,400 vs 600). MTS item — buffer stock + green level matters. 🚩 Major forecast cut of 81% — severe over-promise. Action: review over-commit of 800 units.",Production Shortfall | Stock-Out Risk,"Produced 75 units against committed 600 units. Shortfall of 525 units — expedite production or procure. Closing -1,325 units. Green level 300 (-4.4x cover) — ⚠ Safety breach — replenish urgently.",Ops accepted Sales forecast in full. No capacity gap at plan stage.,,,3400.0,75.0,11186.0,,,11186.0,5264.0,,800.0,,5264.0
,WN M11 B11 J19 WH,Regular,100.0,100.0,,100.0,,100%,,,,,,MTS,,0.0%,0,133.0,,100.0,,,,100.0,,,,Short Delivery | Forecast Bullseye,Dispatch 0% of committed (0 vs 100). MTS item — buffer stock + green level matters. Forecast hit dead-on (0% variance) — strong demand sensing. Action: recover shortfall of 100 units.,Production Shortfall | Stock-Out Risk,Produced 0 units against committed 100 units. Shortfall of 100 units — expedite production or procure. Closing 0 units. Green level 133 (0.0x cover) — ⚠ Safety breach — replenish urgently.,Ops accepted Sales forecast in full. No capacity gap at plan stage.,,,233.0,,,,,,,,,,
MSWD,WN M11 B11 J1A,Regular,9900.0,9900.0,,9900.0,,100%,18500.0,,2000.0,11000.0,9500.0,MTS,2000.0,20.2%,7500.0,10000.0,,7900.0,7500.0,,,400.0,,,,Short Delivery | Forecast Bullseye,"Dispatch 20% of committed (2,000 vs 9,900). MTS item — buffer stock + green level matters. Forecast hit dead-on (0% variance) — strong demand sensing. Action: recover shortfall of 7,900 units.",Production Shortfall | Below Safety,"Produced 0 units against committed 9,900 units. Shortfall of 400 units — expedite production or procure. Closing 7,500 units. Green level 10,000 (0.8x cover) — ⚠ Safety breach — replenish urgently.",Ops accepted Sales forecast in full. No capacity gap at plan stage.,,,1400.0,,2632.0,49350.0,,,,,,,
MSWD,WN M11 B11 J1A (T) MTS,Regular,2200.0,2200.0,,2200.0,,100%,,,,,,MTO,,0.0%,0,,,2200.0,,,,2200.0,,,,Short Delivery | Forecast Bullseye,"Dispatch 0% of committed (0 vs 2,200). MTO item — demand is order-driven. Forecast hit dead-on (0% variance) — strong demand sensing. Action: recover shortfall of 2,200 units.",Production Shortfall,"Produced 0 units against committed 2,200 units. Shortfall of 2,200 units — expedite production or procure.",Ops accepted Sales forecast in full. No capacity gap at plan stage.,,,2200.0,,14476.0,,,,,,,,
MSWD,WN M11 B11 J1A (TY) Exp,Regular,12000.0,12000.0,,12000.0,,100%,,4000.0,,4000.0,,TBC,,0.0%,0.0,,,12000.0,,,,12000.0,,,,Short Delivery | Forecast Bullseye,"Dispatch 0% of committed (0 vs 12,000). Forecast hit dead-on (0% variance) — strong demand sensing. Action: recover shortfall of 12,000 units.",Production Shortfall,"Produced 4,000 units against committed 12,000 units. Shortfall of 12,000 units — expedite production or procure.",Ops accepted Sales forecast in full. No capacity gap at plan stage.,,,12000.0,4000.0,78960.0,,,,,,,,
MSWD,WN M11 B11 J1A TM,Regular,28500.0,28500.0,,28500.0,,100%,1500.0,34200.0,37000.0,37000.0,35700.0,MTO,37000.0,129.8%,-1300.0,,,,,,,,7200.0,,8500.0,Over-Delivered | Forecast Bullseye,"Dispatch 130% of committed (37,000 vs 28,500). MTO item — demand is order-driven. Forecast hit dead-on (0% variance) — strong demand sensing. Action: review over-commit of 8,500 units.",Over-Production,"Produced 34,200 units against committed 28,500 units. Red flag — produced 7,200 units more than ordered. Investigate planning breakdown.",Ops accepted Sales forecast in full. No capacity gap at plan stage.,22562.5,,27000.0,27000.0,,,,,55930.0,,8500.0,,55930.0
MSWD,WN M11 B11 J1A WH,Regular,756000.0,756000.0,,243200.0,-512800.0,32%,,217400.0,,,217400.0,MTS,243200.0,100.0%,-25800.0,306667.0,,,,,512800.0,512800.0,,,,On Target | Forecast Drift (Major),"Dispatch 100% of committed (243,200 vs 243,200). MTS item — buffer stock + green level matters. 🚩 Major forecast cut of 68% — severe over-promise. No open commitment gap.",Production Shortfall | Stock-Out Risk,"Produced 217,400 units against committed 243,200 units. Shortfall of 25,800 units — expedite production or procure. Closing -25,800 units. Green level 306,667 (-0.1x cover) — ⚠ Safety breach — replenish urgently.",Ops accepted Sales forecast in full. No capacity gap at plan stage.,,,1062667.0,217400.0,3374224.0,,,3374224.0,,,,,
MSWD,WN M11 B11 J1A WH1,Regular,9000.0,9000.0,,9000.0,,100%,,,9000.0,,9000.0,TBC,9000.0,100.0%,0.0,,,,,,,,,,,On Target | Forecast Bullseye,"Dispatch 100% of committed (9,000 vs 9,000). Forecast hit dead-on (0% variance) — strong demand sensing. No open commitment gap.",Healthy Stock,"Produced 0 units against committed 9,000 units.",Ops accepted Sales forecast in full. No capacity gap at plan stage.,,,9000.0,,,,,,,,,,
MSWD,WN M11 B11 J1X,Regular,31700.0,31700.0,,14000000.0,13968300.0,0%,22905.0,51500.0,,,74405.0,MTS,25000.0,0.2%,49405.0,24333.0,25072.0,13975000.0,49405.0,13925595.0,,,18372.0,,,Short Delivery | Forecast Drift (Major),"Dispatch 0% of committed (25,000 vs 14,000,000). MTS item — buffer stock + green level matters. 🚩 Major forecast uplift of 44064% — late demand surge. Action: recover shortfall of 13,975,000 units.",Production Shortfall | Production Surplus,"Produced 51,500 units against committed 14,000,000 units. Shortfall of 13,925,595 units — expedite production or procure.",Ops accepted Sales forecast in full. No capacity gap at plan stage.,61846.58,,33128.0,33128.0,,325084.9,91630415.1,,,,,,
MSWD,WN M11 B11 J1X (T),Regular,53600.0,53600.0,,53600.0,,100%,1000.0,40100.0,40000.0,40000.0,41100.0,MTS,40000.0,74.6%,1100.0,52333.0,,13600.0,1100.0,,,12500.0,,,,Short Delivery | Forecast Bullseye,"Dispatch 75% of committed (40,000 vs 53,600). MTS item — buffer stock + green level matters. Forecast hit dead-on (0% variance) — strong demand sensing. Action: recover shortfall of 13,600 units.",Production Shortfall | Stock-Out Risk,"Produced 40,100 units against committed 53,600 units. Shortfall of 12,500 units — expedite production or procure. Closing 1,100 units. Green level 52,333 (0.0x cover) — ⚠ Safety breach — replenish urgently.",Ops accepted Sales forecast in full. No capacity gap at plan stage.,,,104933.0,40100.0,82250.0,7238.0,,,,,,,
MSWD,WN M11 B11 J1X (T) CNH,Regular,,,,,,,,,100.0,,100.0,MTO,100.0,,0.0,,,,,,,,,,100.0,Forecast Bullseye,Dispatch 100 units (no committed demand). MTO item — demand is order-driven. Forecast hit dead-on (0% variance) — strong demand sensing. Action: review over-commit of 100 units.,Healthy Stock,Produced 0 units against committed 0 units. Production and inventory in healthy state.,Ops accepted Sales forecast in full. No capacity gap at plan stage.,,,,,,,,,658.0,,100.0,,658.0
MSWD,WN M11 B11 J1X (TY) Exp,Regular,,,,,,,,8200.0,100.0,4300.0,4000.0,TBC,,,4000.0,,4000.0,,,,,,8200.0,,,Forecast Bullseye,Dispatch 0 units (no committed demand). Forecast hit dead-on (0% variance) — strong demand sensing. No open commitment gap.,Healthy Stock,"Produced 8,200 units against committed 0 units.",Ops accepted Sales forecast in full. No capacity gap at plan stage.,,,,,,,,,,,,,
MSWD,WN M11 B11 J1X (TY) TM,Regular,8100.0,8100.0,,8100.0,,100%,,11000.0,9000.0,9000.0,11000.0,MTO,9000.0,111.1%,2000.0,,2000.0,,,,,,2900.0,,900.0,Over-Delivered | Forecast Bullseye,"Dispatch 111% of committed (9,000 vs 8,100). MTO item — demand is order-driven. Forecast hit dead-on (0% variance) — strong demand sensing. Action: review over-commit of 900 units.",Over-Production,"Produced 11,000 units against committed 8,100 units. Red flag — produced 2,900 units more than ordered. Investigate planning breakdown.",Ops accepted Sales forecast in full. No capacity gap at plan stage.,,,8100.0,8100.0,,,,,5922.0,,900.0,,5922.0
MSWD,WN M11 B11 J1X TM1,Regular,,,,,,,100.0,3000.0,3000.0,3000.0,3100.0,MTO,3000.0,,100.0,,100.0,,,,,,3000.0,100.0,3000.0,Forecast Bullseye,"Dispatch 3,000 units (no committed demand). MTO item — demand is order-driven. Forecast hit dead-on (0% variance) — strong demand sensing. Action: review over-commit of 3,000 units.",Over-Production,"Produced 3,000 units against committed 0 units. Red flag — produced 3,000 units more than ordered. Investigate planning breakdown.",Ops accepted Sales forecast in full. No capacity gap at plan stage.,8942.55,298.09,,,,,,,19740.0,100.0,2900.0,658.0,19082.0
MSWD,WN M11 B11 J1X WH,Regular,177000.0,177000.0,,42000.0,-135000.0,24%,,172400.0,,,172400.0,MTS,110400.0,262.9%,62000.0,91200.0,,,,,4600.0,4600.0,,,68400.0,Over-Delivered | Forecast Drift (Major),"Dispatch 263% of committed (110,400 vs 42,000). MTS item — buffer stock + green level matters. 🚩 Major forecast cut of 76% — severe over-promise. Action: review over-commit of 68,400 units.",Below Safety,"Produced 172,400 units against committed 42,000 units. Closing 62,000 units. Green level 91,200 (0.7x cover) — ⚠ Safety breach — replenish urgently.",Ops accepted Sales forecast in full. No capacity gap at plan stage.,,,268200.0,172400.0,30268.0,,,30268.0,450072.0,,68400.0,,450072.0
,WN M11 B11 J2,Regular,,,,,,,12700.0,,,,12700.0,TBC,,,12700.0,,12700.0,,,,,,,12700.0,,Forecast Bullseye,Dispatch 0 units (no committed demand). Forecast hit dead-on (0% variance) — strong demand sensing. No open commitment gap.,Healthy Stock,Produced 0 units against committed 0 units.,Ops accepted Sales forecast in full. No capacity gap at plan stage.,,60609.23,,,,,,,,,,,
MSWD,WN M11 B11 J2 (T) TTR,Regular,,,,,,,,1000.0,1000.0,1000.0,1000.0,MTO,1000.0,,0.0,,,,,,,,1000.0,,1000.0,Forecast Bullseye,"Dispatch 1,000 units (no committed demand). MTO item — demand is order-driven. Forecast hit dead-on (0% variance) — strong demand sensing. Action: review over-commit of 1,000 units.",Over-Production,"Produced 1,000 units against committed 0 units. Red flag — produced 1,000 units more than ordered. Investigate planning breakdown.",Ops accepted Sales forecast in full. No capacity gap at plan stage.,,,,,,,,,6580.0,,1000.0,,6580.0
MSWD,WN M11 B11 J2 (TY) Exp,Regular,,,,,,,,8800.0,,8800.0,,TBC,,,0.0,,,,,,,,8800.0,,,Forecast Bullseye,Dispatch 0 units (no committed demand). Forecast hit dead-on (0% variance) — strong demand sensing. No open commitment gap.,Healthy Stock,"Produced 8,800 units against committed 0 units.",Ops accepted Sales forecast in full. No capacity gap at plan stage.,,,,,,,,,,,,,
MSWD,WN M11 B11 J2 (TY) SIM,Regular,,,,,,,,1000.0,,,1000.0,MTO,1000.0,,0.0,,,,,,,,1000.0,,1000.0,Forecast Bullseye,"Dispatch 1,000 units (no committed demand). MTO item — demand is order-driven. Forecast hit dead-on (0% variance) — strong demand sensing. Action: review over-commit of 1,000 units.",Over-Production,"Produced 1,000 units against committed 0 units. Red flag — produced 1,000 units more than ordered. Investigate planning breakdown.",Ops accepted Sales forecast in full. No capacity gap at plan stage.,,,,,,,,,6580.0,,1000.0,,6580.0
MSWD,WN M11 B11 J2 FM,Regular,800.0,800.0,,800.0,,100%,5000.0,,,,5000.0,MTO,,0.0%,5000.0,,5000.0,800.0,800.0,,,,,4200.0,,Short Delivery | Forecast Bullseye,Dispatch 0% of committed (0 vs 800). MTO item — demand is order-driven. Forecast hit dead-on (0% variance) — strong demand sensing. Action: recover shortfall of 800 units.,Healthy Stock,Produced 0 units against committed 800 units.,Ops accepted Sales forecast in full. No capacity gap at plan stage.,,20043.87,,,,5264.0,,,,,,,
MSWD,WN M11 B11 J2 MM,Regular,32900.0,32900.0,,32900.0,,100%,41100.0,76850.0,,51000.0,66950.0,MTS,24000.0,72.9%,42950.0,44433.0,,8900.0,8900.0,,,,40617.0,,,Short Delivery | Forecast Bullseye,"Dispatch 73% of committed (24,000 vs 32,900). MTS item — buffer stock + green level matters. Forecast hit dead-on (0% variance) — strong demand sensing. Action: recover shortfall of 8,900 units.",Below Safety | Excess Inventory,"Produced 76,850 units against committed 32,900 units. Closing 42,950 units. Green level 44,433 (1.0x cover) — ⚠ Safety breach — replenish urgently. Excess build-up of 40,617 units — throttle production.",Ops accepted Sales forecast in full. No capacity gap at plan stage.,201542.77,,36233.0,36233.0,,58562.0,,,,,,,
MSWD,WN M11 B11 J2 MM KJ,Regular,96300.0,96300.0,,96300.0,,100%,,,51000.0,,51000.0,MTO,51000.0,53.0%,0.0,,,45300.0,,,,45300.0,,,,Short Delivery | Forecast Bullseye,"Dispatch 53% of committed (51,000 vs 96,300). MTO item — demand is order-driven. Forecast hit dead-on (0% variance) — strong demand sensing. Action: recover shortfall of 45,300 units.",Production Shortfall,"Produced 0 units against committed 96,300 units. Shortfall of 45,300 units — expedite production or procure.",Ops accepted Sales forecast in full. No capacity gap at plan stage.,,,96300.0,,298074.0,,,,,,,,
MSWD,WN M11 B11 J2 WH,Regular,61000.0,61000.0,,23200.0,-37800.0,38%,,,,,,MTS,35200.0,151.7%,-35200.0,50133.0,,,,,25800.0,25800.0,,,12000.0,Over-Delivered | Forecast Drift (Major),"Dispatch 152% of committed (35,200 vs 23,200). MTS item — buffer stock + green level matters. 🚩 Major forecast cut of 62% — severe over-promise. Action: review over-commit of 12,000 units.",Production Shortfall | Stock-Out Risk,"Produced 0 units against committed 23,200 units. Shortfall of 23,200 units — expedite production or procure. Closing -35,200 units. Green level 50,133 (-0.7x cover) — ⚠ Safety breach — replenish urgently.",Ops accepted Sales forecast in full. No capacity gap at plan stage.,,,111133.0,,169764.0,,,169764.0,78960.0,,12000.0,,78960.0
MSWD,WN M11 B11 J22 WH,Regular,900.0,900.0,,10000.0,9100.0,0%,,650.0,,,650.0,TBC,600.0,6.0%,50.0,,50.0,9400.0,50.0,9100.0,,250.0,,,,Short Delivery | Forecast Drift (Major),"Dispatch 6% of committed (600 vs 10,000). 🚩 Major forecast uplift of 1011% — late demand surge. Action: recover shortfall of 9,400 units.",Production Shortfall,"Produced 650 units against committed 10,000 units. Shortfall of 9,350 units — expedite production or procure.",Ops accepted Sales forecast in full. No capacity gap at plan stage.,,,900.0,650.0,1645.0,329.0,59878.0,,,,,,
MSWD,WN M11 B11 J24 WH,Regular,800.0,800.0,,10100.0,9300.0,0%,,775.0,,,775.0,MTS,700.0,6.9%,75.0,33.0,42.0,9400.0,75.0,9300.0,,25.0,,,,Short Delivery | Forecast Drift (Major),"Dispatch 7% of committed (700 vs 10,100). MTS item — buffer stock + green level matters. 🚩 Major forecast uplift of 1162% — late demand surge. Action: recover shortfall of 9,400 units.",Production Shortfall,"Produced 775 units against committed 10,100 units. Shortfall of 9,325 units — expedite production or procure.",Ops accepted Sales forecast in full. No capacity gap at plan stage.,,,833.0,775.0,164.5,493.5,61194.0,,,,,,
MSWD,WN M11 B11 J2A,Regular,4800.0,4800.0,,4800.0,,100%,4800.0,,,,4800.0,MTO,,0.0%,4800.0,,4800.0,4800.0,4800.0,,,,,,,Short Delivery | Forecast Bullseye,"Dispatch 0% of committed (0 vs 4,800). MTO item — demand is order-driven. Forecast hit dead-on (0% variance) — strong demand sensing. Action: recover shortfall of 4,800 units.",Healthy Stock,"Produced 0 units against committed 4,800 units.",Ops accepted Sales forecast in full. No capacity gap at plan stage.,,,,,,31584.0,,,,,,,
MSWD,WN M11 B11 J2A (T),Regular,24600.0,24600.0,,24600.0,,100%,2405.0,,13200.0,7200.0,8405.0,MTO,7200.0,29.3%,1205.0,,1205.0,17400.0,1205.0,,,16195.0,,,,Short Delivery | Forecast Bullseye,"Dispatch 29% of committed (7,200 vs 24,600). MTO item — demand is order-driven. Forecast hit dead-on (0% variance) — strong demand sensing. Action: recover shortfall of 17,400 units.",Production Shortfall,"Produced 0 units against committed 24,600 units. Shortfall of 16,195 units — expedite production or procure.",Ops accepted Sales forecast in full. No capacity gap at plan stage.,,,22195.0,,106563.1,7928.9,,,,,,,
MSWD,WN M11 B11 J2A (T) CNH,Regular,,,,,,,,,100.0,,100.0,MTO,100.0,,0.0,,,,,,,,,,100.0,Forecast Bullseye,Dispatch 100 units (no committed demand). MTO item — demand is order-driven. Forecast hit dead-on (0% variance) — strong demand sensing. Action: review over-commit of 100 units.,Healthy Stock,Produced 0 units against committed 0 units. Production and inventory in healthy state.,Ops accepted Sales forecast in full. No capacity gap at plan stage.,,,,,,,,,658.0,,100.0,,658.0
MSWD,WN M11 B11 J2A (T) CNH1,Regular,,,,,,,,,100.0,,100.0,MTO,100.0,,0.0,,,,,,,,,,100.0,Forecast Bullseye,Dispatch 100 units (no committed demand). MTO item — demand is order-driven. Forecast hit dead-on (0% variance) — strong demand sensing. Action: review over-commit of 100 units.,Healthy Stock,Produced 0 units against committed 0 units. Production and inventory in healthy state.,Ops accepted Sales forecast in full. No capacity gap at plan stage.,,,,,,,,,658.0,,100.0,,658.0
MSWD,WN M11 B11 J2A (T) SIM,Regular,2500.0,2500.0,,2500.0,,100%,,,,,,MTO,,0.0%,0.0,,,2500.0,,,,2500.0,,,,Short Delivery | Forecast Bullseye,"Dispatch 0% of committed (0 vs 2,500). MTO item — demand is order-driven. Forecast hit dead-on (0% variance) — strong demand sensing. Action: recover shortfall of 2,500 units.",Production Shortfall,"Produced 0 units against committed 2,500 units. Shortfall of 2,500 units — expedite production or procure.",Ops accepted Sales forecast in full. No capacity gap at plan stage.,,,2500.0,,16450.0,,,,,,,,
MSWD,WN M11 B11 J2A (T) TTR,Regular,,,,,,,150.0,6950.0,,6000.0,1100.0,MTO,,,1100.0,,1100.0,,,,,,6950.0,150.0,,Forecast Bullseye,Dispatch 0 units (no committed demand). MTO item — demand is order-driven. Forecast hit dead-on (0% variance) — strong demand sensing. No open commitment gap.,Over-Production,"Produced 6,950 units against committed 0 units. Red flag — produced 6,950 units more than ordered. Investigate planning breakdown.",Ops accepted Sales forecast in full. No capacity gap at plan stage.,30636.3,661.22,,,,,,,,,,,
MSWD,WN M11 B11 J2A (TY) Exp,Regular,,,,,,,,6000.0,200.0,6600.0,-400.0,MTS,,,-400.0,1200.0,,,,,,,4800.0,,,Forecast Bullseye,Dispatch 0 units (no committed demand). MTS item — buffer stock + green level matters. Forecast hit dead-on (0% variance) — strong demand sensing. No open commitment gap.,Production Shortfall | Stock-Out Risk | Production Surplus,"Produced 6,000 units against committed 0 units. Shortfall of 400 units — expedite production or procure. Closing -400 units. Green level 1,200 (-0.3x cover) — ⚠ Safety breach — replenish urgently.",Ops accepted Sales forecast in full. No capacity gap at plan stage.,,,1200.0,1200.0,,,,,,,,,
MSWD,WN M11 B11 J2A MM,Regular,174500.0,174500.0,,7200.0,-167300.0,4%,41350.0,260100.0,,,301450.0,MTS,204600.0,2841.7%,96850.0,142800.0,,,,,,,,,197400.0,Over-Delivered | Forecast Drift (Major),"Dispatch 2842% of committed (204,600 vs 7,200). MTS item — buffer stock + green level matters. 🚩 Major forecast cut of 96% — severe over-promise. Action: review over-commit of 197,400 units.",Below Safety,"Produced 260,100 units against committed 7,200 units. Closing 96,850 units. Green level 142,800 (0.7x cover) — ⚠ Safety breach — replenish urgently.",Ops accepted Sales forecast in full. No capacity gap at plan stage.,,,275950.0,260100.0,,,,,1298892.0,34150.0,163250.0,224707.0,1074185.0
MSWD,WN M11 B11 J2A MM 1,Regular,108200.0,108200.0,,108200.0,,100%,300.0,82400.0,,,82700.0,MTS,85800.0,79.3%,-3100.0,44267.0,,22400.0,,,,22400.0,,,,Short Delivery | Forecast Bullseye,"Dispatch 79% of committed (85,800 vs 108,200). MTS item — buffer stock + green level matters. Forecast hit dead-on (0% variance) — strong demand sensing. Action: recover shortfall of 22,400 units.",Production Shortfall | Stock-Out Risk,"Produced 82,400 units against committed 108,200 units. Shortfall of 25,500 units — expedite production or procure. Closing -3,100 units. Green level 44,267 (-0.1x cover) — ⚠ Safety breach — replenish urgently.",Ops accepted Sales forecast in full. No capacity gap at plan stage.,,,152167.0,82400.0,147392.0,,,,,,,,
MSWD,WN M11 B11 J2A RCM HAA0140218,Regular,800.0,800.0,,800.0,,100%,,,,,,MTO,,0.0%,0.0,,,800.0,,,,800.0,,,,Short Delivery | Forecast Bullseye,Dispatch 0% of committed (0 vs 800). MTO item — demand is order-driven. Forecast hit dead-on (0% variance) — strong demand sensing. Action: recover shortfall of 800 units.,Production Shortfall,Produced 0 units against committed 800 units. Shortfall of 800 units — expedite production or procure.,Ops accepted Sales forecast in full. No capacity gap at plan stage.,,,800.0,,5264.0,,,,,,,,
MSWD,WN M11 B11 J2A TM,Regular,11800.0,11800.0,,11800.0,,100%,3850.0,21400.0,22200.0,22200.0,25250.0,MTO,22200.0,188.1%,3050.0,,3050.0,,,,,,13450.0,,10400.0,Over-Delivered | Forecast Bullseye,"Dispatch 188% of committed (22,200 vs 11,800). MTO item — demand is order-driven. Forecast hit dead-on (0% variance) — strong demand sensing. Action: review over-commit of 10,400 units.",Over-Production,"Produced 21,400 units against committed 11,800 units. Red flag — produced 13,450 units more than ordered. Investigate planning breakdown.",Ops accepted Sales forecast in full. No capacity gap at plan stage.,65038.42,,7950.0,7950.0,,,,,68432.0,,10400.0,,68432.0
MSWD,WN M11 B11 J2A WH,Regular,702000.0,702000.0,,108800.0,-593200.0,15%,,535600.0,,,535600.0,MTS,539200.0,495.6%,-3600.0,238400.0,,,,,162800.0,162800.0,,,430400.0,Over-Delivered | Forecast Drift (Major),"Dispatch 496% of committed (539,200 vs 108,800). MTS item — buffer stock + green level matters. 🚩 Major forecast cut of 85% — severe over-promise. Action: review over-commit of 430,400 units.",Stock-Out Risk,"Produced 535,600 units against committed 108,800 units. Closing -3,600 units. Green level 238,400 (-0.0x cover) — ⚠ Safety breach — replenish urgently.",Ops accepted Sales forecast in full. No capacity gap at plan stage.,,,940400.0,535600.0,1071224.0,,,1071224.0,2832032.0,,430400.0,,2832032.0
MSWD,WN M11 B11 J2X,Regular,4200.0,4200.0,,4200.0,,100%,,,,,,MTO,,0.0%,0.0,,,4200.0,,,,4200.0,,,,Short Delivery | Forecast Bullseye,"Dispatch 0% of committed (0 vs 4,200). MTO item — demand is order-driven. Forecast hit dead-on (0% variance) — strong demand sensing. Action: recover shortfall of 4,200 units.",Production Shortfall,"Produced 0 units against committed 4,200 units. Shortfall of 4,200 units — expedite production or procure.",Ops accepted Sales forecast in full. No capacity gap at plan stage.,,,4200.0,,27636.0,,,,,,,,
MSWD,WN M11 B11 J2X (T) CNH,Regular,,,,,,,,,100.0,,100.0,MTO,100.0,,0.0,,,,,,,,,,100.0,Forecast Bullseye,Dispatch 100 units (no committed demand). MTO item — demand is order-driven. Forecast hit dead-on (0% variance) — strong demand sensing. Action: review over-commit of 100 units.,Healthy Stock,Produced 0 units against committed 0 units. Production and inventory in healthy state.,Ops accepted Sales forecast in full. No capacity gap at plan stage.,,,,,,,,,658.0,,100.0,,658.0
MSWD,WN M11 B11 J2X (T) CNH1,Regular,,,,,,,,,100.0,,100.0,MTO,100.0,,0.0,,,,,,,,,,100.0,Forecast Bullseye,Dispatch 100 units (no committed demand). MTO item — demand is order-driven. Forecast hit dead-on (0% variance) — strong demand sensing. Action: review over-commit of 100 units.,Healthy Stock,Produced 0 units against committed 0 units. Production and inventory in healthy state.,Ops accepted Sales forecast in full. No capacity gap at plan stage.,,,,,,,,,658.0,,100.0,,658.0
MSWD,WN M11 B11 J2X (TM),Regular,7200.0,7200.0,,7200.0,,100%,1950.0,6400.0,2000.0,2000.0,8350.0,MTO,2000.0,27.8%,6350.0,,6350.0,5200.0,5200.0,,,,1150.0,,,Short Delivery | Forecast Bullseye,"Dispatch 28% of committed (2,000 vs 7,200). MTO item — demand is order-driven. Forecast hit dead-on (0% variance) — strong demand sensing. Action: recover shortfall of 5,200 units.",Over-Production,"Produced 6,400 units against committed 7,200 units. Red flag — produced 1,150 units more than ordered. Investigate planning breakdown.",Ops accepted Sales forecast in full. No capacity gap at plan stage.,5245.03,,5250.0,5250.0,,34216.0,,,,,,,
MSWD,WN M11 B11 J2X (TY) Exp,Regular,,,,,,,,39100.0,200.0,39300.0,,TBC,,,0.0,,,,,,,,39100.0,,,Forecast Bullseye,Dispatch 0 units (no committed demand). Forecast hit dead-on (0% variance) — strong demand sensing. No open commitment gap.,Healthy Stock,"Produced 39,100 units against committed 0 units.",Ops accepted Sales forecast in full. No capacity gap at plan stage.,,,,,,,,,,,,,
MSWD,WN M11 B11 J2X MM,Regular,16200.0,16200.0,,16200.0,,100%,800.0,14050.0,,,14850.0,MTS,15000.0,92.6%,-150.0,9667.0,,1200.0,,,,1200.0,,,,On Target | Forecast Bullseye,"Dispatch 93% of committed (15,000 vs 16,200). MTS item — buffer stock + green level matters. Forecast hit dead-on (0% variance) — strong demand sensing. Action: recover shortfall of 1,200 units.",Production Shortfall | Stock-Out Risk,"Produced 14,050 units against committed 16,200 units. Shortfall of 1,350 units — expedite production or procure. Closing -150 units. Green level 9,667 (-0.0x cover) — ⚠ Safety breach — replenish urgently.",Ops accepted Sales forecast in full. No capacity gap at plan stage.,,,25067.0,14050.0,7896.0,,,,,,,,
MSWD,WN M11 B11 J2X TM1,Regular,10500.0,10500.0,,10500.0,,100%,2450.0,2000.0,6000.0,6000.0,4450.0,MTO,6000.0,57.1%,-1550.0,,,4500.0,,,,4500.0,,,,Short Delivery | Forecast Bullseye,"Dispatch 57% of committed (6,000 vs 10,500). MTO item — demand is order-driven. Forecast hit dead-on (0% variance) — strong demand sensing. Action: recover shortfall of 4,500 units.",Production Shortfall,"Produced 2,000 units against committed 10,500 units. Shortfall of 6,050 units — expedite production or procure.",Ops accepted Sales forecast in full. No capacity gap at plan stage.,,,8050.0,2000.0,29610.0,,,,,,,,
MSWD,WN M11 B11 J2X WH,Regular,318000.0,318000.0,,55200.0,-262800.0,17%,,71500.0,,,71500.0,MTS,181600.0,329.0%,-110100.0,156000.0,,,,,136400.0,136400.0,,,126400.0,Over-Delivered | Forecast Drift (Major),"Dispatch 329% of committed (181,600 vs 55,200). MTS item — buffer stock + green level matters. 🚩 Major forecast cut of 83% — severe over-promise. Action: review over-commit of 126,400 units.",Stock-Out Risk,"Produced 71,500 units against committed 55,200 units. Closing -110,100 units. Green level 156,000 (-0.7x cover) — ⚠ Safety breach — replenish urgently.",Ops accepted Sales forecast in full. No capacity gap at plan stage.,,,474000.0,71500.0,897512.0,,,897512.0,831712.0,,126400.0,,831712.0
,WN M11 B11 J2X WH1,Regular,1600.0,1600.0,,1600.0,,100%,,,,,,TBC,,0.0%,0,,,1600.0,,,,1600.0,,,,Short Delivery | Forecast Bullseye,"Dispatch 0% of committed (0 vs 1,600). Forecast hit dead-on (0% variance) — strong demand sensing. Action: recover shortfall of 1,600 units.",Production Shortfall,"Produced 0 units against committed 1,600 units. Shortfall of 1,600 units — expedite production or procure.",Ops accepted Sales forecast in full. No capacity gap at plan stage.,,,1600.0,,,,,,,,,,
MSWD,WN M11 B11 J3,Regular,31800.0,31800.0,,31800.0,,100%,10300.0,35150.0,,3000.0,42450.0,MTS,26000.0,81.8%,16450.0,11500.0,4950.0,5800.0,5800.0,,,,2150.0,,,Short Delivery | Forecast Bullseye,"Dispatch 82% of committed (26,000 vs 31,800). MTS item — buffer stock + green level matters. Forecast hit dead-on (0% variance) — strong demand sensing. Action: recover shortfall of 5,800 units.",Production Surplus,"Produced 35,150 units against committed 31,800 units.",Ops accepted Sales forecast in full. No capacity gap at plan stage.,10324.15,,33000.0,33000.0,,38164.0,,,,,,,
MSWD,WN M11 B11 J3 (T) CNH,Regular,,,,,,,,,100.0,,100.0,MTO,100.0,,0.0,,,,,,,,,,100.0,Forecast Bullseye,Dispatch 100 units (no committed demand). MTO item — demand is order-driven. Forecast hit dead-on (0% variance) — strong demand sensing. Action: review over-commit of 100 units.,Healthy Stock,Produced 0 units against committed 0 units. Production and inventory in healthy state.,Ops accepted Sales forecast in full. No capacity gap at plan stage.,,,,,,,,,658.0,,100.0,,658.0
MSWD,WN M11 B11 J3 (T) CNH1,Regular,,,,,,,,,100.0,,100.0,MTO,100.0,,0.0,,,,,,,,,,100.0,Forecast Bullseye,Dispatch 100 units (no committed demand). MTO item — demand is order-driven. Forecast hit dead-on (0% variance) — strong demand sensing. Action: review over-commit of 100 units.,Healthy Stock,Produced 0 units against committed 0 units. Production and inventory in healthy state.,Ops accepted Sales forecast in full. No capacity gap at plan stage.,,,,,,,,,658.0,,100.0,,658.0
MSWD,WN M11 B11 J3 (TY) Exp,Regular,,,,,,,,12400.0,200.0,12600.0,,MTS,,,0.0,333.0,,,,,,,12067.0,,,Forecast Bullseye,Dispatch 0 units (no committed demand). MTS item — buffer stock + green level matters. Forecast hit dead-on (0% variance) — strong demand sensing. No open commitment gap.,Stock-Out Risk | Production Surplus,"Produced 12,400 units against committed 0 units. Closing 0 units. Green level 333 (0.0x cover) — ⚠ Safety breach — replenish urgently.",Ops accepted Sales forecast in full. No capacity gap at plan stage.,,,333.0,333.0,,,,,,,,,
MSWD,WN M11 B11 J3 FM (H),Regular,400.0,400.0,,400.0,,100%,,,4000.0,2000.0,2000.0,MTO,2000.0,500.0%,0.0,,,,,,,,,,1600.0,Over-Delivered | Forecast Bullseye,"Dispatch 500% of committed (2,000 vs 400). MTO item — demand is order-driven. Forecast hit dead-on (0% variance) — strong demand sensing. Action: review over-commit of 1,600 units.",Healthy Stock,Produced 0 units against committed 400 units. Production and inventory in healthy state.,Ops accepted Sales forecast in full. No capacity gap at plan stage.,,,400.0,,,,,,10528.0,,1600.0,,10528.0
MSWD,WN M11 B11 J3 FM (T),Regular,8000.0,8000.0,,8000.0,,100%,,2000.0,,,2000.0,MTO,,0.0%,2000.0,,2000.0,8000.0,2000.0,,,6000.0,,,,Short Delivery | Forecast Bullseye,"Dispatch 0% of committed (0 vs 8,000). MTO item — demand is order-driven. Forecast hit dead-on (0% variance) — strong demand sensing. Action: recover shortfall of 8,000 units.",Production Shortfall,"Produced 2,000 units against committed 8,000 units. Shortfall of 6,000 units — expedite production or procure.",Ops accepted Sales forecast in full. No capacity gap at plan stage.,,,8000.0,2000.0,39480.0,13160.0,,,,,,,
MSWD,WN M11 B11 J3 MM (T),Regular,13800.0,13800.0,,13800.0,,100%,13250.0,2400.0,,12250.0,3400.0,MTS,,0.0%,3400.0,4167.0,,13800.0,3400.0,,,10400.0,,,,Short Delivery | Forecast Bullseye,"Dispatch 0% of committed (0 vs 13,800). MTS item — buffer stock + green level matters. Forecast hit dead-on (0% variance) — strong demand sensing. Action: recover shortfall of 13,800 units.",Production Shortfall | Below Safety,"Produced 2,400 units against committed 13,800 units. Shortfall of 10,400 units — expedite production or procure. Closing 3,400 units. Green level 4,167 (0.8x cover) — ⚠ Safety breach — replenish urgently.",Ops accepted Sales forecast in full. No capacity gap at plan stage.,,,4717.0,2400.0,68432.0,22372.0,,,,,,,
MSWD,WN M11 B11 J3 TTR,Regular,2200.0,2200.0,,2200.0,,100%,500.0,,2000.0,1000.0,1500.0,MTO,1000.0,45.5%,500.0,,500.0,1200.0,500.0,,,700.0,,,,Short Delivery | Forecast Bullseye,"Dispatch 45% of committed (1,000 vs 2,200). MTO item — demand is order-driven. Forecast hit dead-on (0% variance) — strong demand sensing. Action: recover shortfall of 1,200 units.",Production Shortfall,"Produced 0 units against committed 2,200 units. Shortfall of 700 units — expedite production or procure.",Ops accepted Sales forecast in full. No capacity gap at plan stage.,,,1700.0,,4606.0,3290.0,,,,,,,
MSWD,WN M11 B11 J3 WH,Regular,90000.0,90000.0,,14400.0,-75600.0,16%,,22300.0,,,22300.0,TBC,26100.0,181.2%,-3800.0,,,,,,63900.0,63900.0,,,11700.0,Over-Delivered | Forecast Drift (Major),"Dispatch 181% of committed (26,100 vs 14,400). 🚩 Major forecast cut of 84% — severe over-promise. Action: review over-commit of 11,700 units.",Healthy Stock,"Produced 22,300 units against committed 14,400 units.",Ops accepted Sales forecast in full. No capacity gap at plan stage.,,,90000.0,22300.0,420462.0,,,420462.0,76986.0,,11700.0,,76986.0
MSWD,WN M11 B11 J3X,Regular,5800.0,5800.0,,5800.0,,100%,,,,,,MTO,,0.0%,0,,,5800.0,,,,5800.0,,,,Short Delivery | Forecast Bullseye,"Dispatch 0% of committed (0 vs 5,800). MTO item — demand is order-driven. Forecast hit dead-on (0% variance) — strong demand sensing. Action: recover shortfall of 5,800 units.",Production Shortfall,"Produced 0 units against committed 5,800 units. Shortfall of 5,800 units — expedite production or procure.",Ops accepted Sales forecast in full. No capacity gap at plan stage.,,,5800.0,,38164.0,,,,,,,,
MSWD,WN M11 B11 J3X (T) CNH,Regular,,,,,,,,,100.0,,100.0,MTO,100.0,,0.0,,,,,,,,,,100.0,Forecast Bullseye,Dispatch 100 units (no committed demand). MTO item — demand is order-driven. Forecast hit dead-on (0% variance) — strong demand sensing. Action: review over-commit of 100 units.,Healthy Stock,Produced 0 units against committed 0 units. Production and inventory in healthy state.,Ops accepted Sales forecast in full. No capacity gap at plan stage.,,,,,,,,,658.0,,100.0,,658.0
MSWD,WN M11 B11 J3X (T) CNH1,Regular,,,,,,,,,100.0,,100.0,MTO,100.0,,0.0,,,,,,,,,,100.0,Forecast Bullseye,Dispatch 100 units (no committed demand). MTO item — demand is order-driven. Forecast hit dead-on (0% variance) — strong demand sensing. Action: review over-commit of 100 units.,Healthy Stock,Produced 0 units against committed 0 units. Production and inventory in healthy state.,Ops accepted Sales forecast in full. No capacity gap at plan stage.,,,,,,,,,658.0,,100.0,,658.0
MSWD,WN M11 B11 J3X (T) TM,Regular,3800.0,3800.0,,3800.0,,100%,,1400.0,,3000.0,-1600.0,MTO,,0.0%,-1600.0,,,3800.0,,,,3800.0,,,,Short Delivery | Forecast Bullseye,"Dispatch 0% of committed (0 vs 3,800). MTO item — demand is order-driven. Forecast hit dead-on (0% variance) — strong demand sensing. Action: recover shortfall of 3,800 units.",Production Shortfall,"Produced 1,400 units against committed 3,800 units. Shortfall of 5,400 units — expedite production or procure.",Ops accepted Sales forecast in full. No capacity gap at plan stage.,,,3800.0,1400.0,25004.0,,,,,,,,
MSWD,WN M11 B11 J3X (TY) Exp,Regular,,,,,,,,2700.0,200.0,2900.0,,TBC,,,0.0,,,,,,,,2700.0,,,Forecast Bullseye,Dispatch 0 units (no committed demand). Forecast hit dead-on (0% variance) — strong demand sensing. No open commitment gap.,Healthy Stock,"Produced 2,700 units against committed 0 units.",Ops accepted Sales forecast in full. No capacity gap at plan stage.,,,,,,,,,,,,,
MSWD,WN M11 B11 J3X FM (T),Regular,1400.0,1400.0,,1400.0,,100%,,,,,,MTO,,0.0%,0,,,1400.0,,,,1400.0,,,,Short Delivery | Forecast Bullseye,"Dispatch 0% of committed (0 vs 1,400). MTO item — demand is order-driven. Forecast hit dead-on (0% variance) — strong demand sensing. Action: recover shortfall of 1,400 units.",Production Shortfall,"Produced 0 units against committed 1,400 units. Shortfall of 1,400 units — expedite production or procure.",Ops accepted Sales forecast in full. No capacity gap at plan stage.,,,1400.0,,9212.0,,,,,,,,
MSWD,WN M11 B11 J3X MM,Regular,2800.0,2800.0,,2800.0,,100%,400.0,,3000.0,,3400.0,MTS,2000.0,71.4%,1400.0,1933.0,,800.0,800.0,,,,,,,Short Delivery | Forecast Bullseye,"Dispatch 71% of committed (2,000 vs 2,800). MTS item — buffer stock + green level matters. Forecast hit dead-on (0% variance) — strong demand sensing. Action: recover shortfall of 800 units.",Below Safety,"Produced 0 units against committed 2,800 units. Closing 1,400 units. Green level 1,933 (0.7x cover) — ⚠ Safety breach — replenish urgently.",Ops accepted Sales forecast in full. No capacity gap at plan stage.,,,4333.0,,,5264.0,,,,,,,
MSWD,WN M11 B11 J3X WH,Regular,606000.0,606000.0,,91800.0,-514200.0,15%,,99800.0,,,99800.0,MTS,108900.0,118.6%,-9100.0,54600.0,,,,,497100.0,497100.0,,,17100.0,Over-Delivered | Forecast Drift (Major),"Dispatch 119% of committed (108,900 vs 91,800). MTS item — buffer stock + green level matters. 🚩 Major forecast cut of 85% — severe over-promise. Action: review over-commit of 17,100 units.",Stock-Out Risk,"Produced 99,800 units against committed 91,800 units. Closing -9,100 units. Green level 54,600 (-0.2x cover) — ⚠ Safety breach — replenish urgently.",Ops accepted Sales forecast in full. No capacity gap at plan stage.,,,660600.0,99800.0,3270918.0,,,3270918.0,112518.0,,17100.0,,112518.0
MSWD,WN M11 B11 J4,Regular,26800.0,26800.0,,26800.0,,100%,7400.0,29650.0,2000.0,2000.0,37050.0,MTS,31500.0,117.5%,5550.0,9167.0,,,,,,,1083.0,,4700.0,Over-Delivered | Forecast Bullseye,"Dispatch 118% of committed (31,500 vs 26,800). MTS item — buffer stock + green level matters. Forecast hit dead-on (0% variance) — strong demand sensing. Action: review over-commit of 4,700 units.",Below Safety | Production Surplus,"Produced 29,650 units against committed 26,800 units. Closing 5,550 units. Green level 9,167 (0.6x cover) — ⚠ Safety breach — replenish urgently.",Ops accepted Sales forecast in full. No capacity gap at plan stage.,7055.54,,28567.0,28567.0,,,,,30926.0,,4700.0,,30926.0
MSWD,WN M11 B11 J4 (T) CNH,Regular,,,,,,,,,100.0,,100.0,MTO,100.0,,0.0,,,,,,,,,,100.0,Forecast Bullseye,Dispatch 100 units (no committed demand). MTO item — demand is order-driven. Forecast hit dead-on (0% variance) — strong demand sensing. Action: review over-commit of 100 units.,Healthy Stock,Produced 0 units against committed 0 units. Production and inventory in healthy state.,Ops accepted Sales forecast in full. No capacity gap at plan stage.,,,,,,,,,658.0,,100.0,,658.0
MSWD,WN M11 B11 J4 (TY) Exp,Regular,,,,,,,,12000.0,100.0,12100.0,,TBC,,,0.0,,,,,,,,12000.0,,,Forecast Bullseye,Dispatch 0 units (no committed demand). Forecast hit dead-on (0% variance) — strong demand sensing. No open commitment gap.,Healthy Stock,"Produced 12,000 units against committed 0 units.",Ops accepted Sales forecast in full. No capacity gap at plan stage.,,,,,,,,,,,,,
MSWD,WN M11 B11 J4 RCM-213,Regular,26300.0,26300.0,,26300.0,,100%,9150.0,20000.0,19500.0,19500.0,29150.0,MTS,19500.0,74.1%,9650.0,11167.0,,6800.0,6800.0,,,,,,,Short Delivery | Forecast Bullseye,"Dispatch 74% of committed (19,500 vs 26,300). MTS item — buffer stock + green level matters. Forecast hit dead-on (0% variance) — strong demand sensing. Action: recover shortfall of 6,800 units.",Below Safety,"Produced 20,000 units against committed 26,300 units. Closing 9,650 units. Green level 11,167 (0.9x cover) — ⚠ Safety breach — replenish urgently.",Ops accepted Sales forecast in full. No capacity gap at plan stage.,,,28317.0,20000.0,,44744.0,,,,,,,
MSWD,WN M11 B11 J4 WH,Regular,124000.0,124000.0,,18400.0,-105600.0,15%,,,,,,MTS,1200.0,6.5%,-1200.0,26933.0,,17200.0,,,105600.0,122800.0,,,,Short Delivery | Forecast Drift (Major),"Dispatch 7% of committed (1,200 vs 18,400). MTS item — buffer stock + green level matters. 🚩 Major forecast cut of 85% — severe over-promise. Action: recover shortfall of 17,200 units.",Production Shortfall | Stock-Out Risk,"Produced 0 units against committed 18,400 units. Shortfall of 18,400 units — expedite production or procure. Closing -1,200 units. Green level 26,933 (-0.0x cover) — ⚠ Safety breach — replenish urgently.",Ops accepted Sales forecast in full. No capacity gap at plan stage.,,,150933.0,,808024.0,,,694848.0,,,,,
MSWD,WN M11 B11 J45A,Regular,,,,,,,,2100.0,6.0,3.0,2103.0,MTS,3.0,,2100.0,4667.0,,,,,,,,,3.0,Forecast Bullseye,Dispatch 3 units (no committed demand). MTS item — buffer stock + green level matters. Forecast hit dead-on (0% variance) — strong demand sensing. Action: review over-commit of 3 units.,Stock-Out Risk,"Produced 2,100 units against committed 0 units. Closing 2,100 units. Green level 4,667 (0.4x cover) — ⚠ Safety breach — replenish urgently.",Ops accepted Sales forecast in full. No capacity gap at plan stage.,,,4667.0,2100.0,,,,,19.74,,3.0,,19.74
MSWD,WN M11 B11 J45A (T) CNH,Regular,,,,,,,,100.0,,,100.0,MTO,100.0,,0.0,,,,,,,,100.0,,100.0,Forecast Bullseye,Dispatch 100 units (no committed demand). MTO item — demand is order-driven. Forecast hit dead-on (0% variance) — strong demand sensing. Action: review over-commit of 100 units.,Over-Production,Produced 100 units against committed 0 units. Red flag — produced 100 units more than ordered. Investigate planning breakdown.,Ops accepted Sales forecast in full. No capacity gap at plan stage.,,,,,,,,,658.0,,100.0,,658.0
,WN M11 B11 J45A FM (T),Regular,400.0,400.0,,400.0,,100%,750.0,,,,750.0,MTS,,0.0%,750.0,3450.0,,400.0,400.0,,,,,,,Short Delivery | Forecast Bullseye,Dispatch 0% of committed (0 vs 400). MTS item — buffer stock + green level matters. Forecast hit dead-on (0% variance) — strong demand sensing. Action: recover shortfall of 400 units.,Stock-Out Risk,"Produced 0 units against committed 400 units. Closing 750 units. Green level 3,450 (0.2x cover) — ⚠ Safety breach — replenish urgently.",Ops accepted Sales forecast in full. No capacity gap at plan stage.,,,3100.0,,,,,,,,,,
MSWD,WN M11 B11 J45A TM,Regular,,,,,,,700.0,1300.0,700.0,700.0,2000.0,MTO,700.0,,1300.0,,1300.0,,,,,,1300.0,700.0,700.0,Forecast Bullseye,Dispatch 700 units (no committed demand). MTO item — demand is order-driven. Forecast hit dead-on (0% variance) — strong demand sensing. Action: review over-commit of 700 units.,Over-Production,"Produced 1,300 units against committed 0 units. Red flag — produced 1,300 units more than ordered. Investigate planning breakdown.",Ops accepted Sales forecast in full. No capacity gap at plan stage.,9048.0,4872.0,,,,,,,4606.0,700.0,,4606.0,
MSWD,WN M11 B11 J45A WH,Regular,401000.0,401000.0,,35200.0,-365800.0,9%,,96500.0,,3.0,96497.0,MTS,106400.0,302.3%,-9903.0,85067.0,,,,,294600.0,294600.0,,,71200.0,Over-Delivered | Forecast Drift (Major),"Dispatch 302% of committed (106,400 vs 35,200). MTS item — buffer stock + green level matters. 🚩 Major forecast cut of 91% — severe over-promise. Action: review over-commit of 71,200 units.",Stock-Out Risk,"Produced 96,500 units against committed 35,200 units. Closing -9,903 units. Green level 85,067 (-0.1x cover) — ⚠ Safety breach — replenish urgently.",Ops accepted Sales forecast in full. No capacity gap at plan stage.,,,486067.0,96500.0,1938468.0,,,1938468.0,468496.0,,71200.0,,468496.0
,WN M11 B11 J45A WH1,Regular,2100.0,2100.0,,2100.0,,100%,,,,,,TBC,,0.0%,0,,,2100.0,,,,2100.0,,,,Short Delivery | Forecast Bullseye,"Dispatch 0% of committed (0 vs 2,100). Forecast hit dead-on (0% variance) — strong demand sensing. Action: recover shortfall of 2,100 units.",Production Shortfall,"Produced 0 units against committed 2,100 units. Shortfall of 2,100 units — expedite production or procure.",Ops accepted Sales forecast in full. No capacity gap at plan stage.,,,2100.0,,,,,,,,,,
MSWD,WN M11 B11 J4X,Regular,,,,,,,,1000.0,,,1000.0,MTO,,,1000.0,,1000.0,,,,,,1000.0,,,Forecast Bullseye,Dispatch 0 units (no committed demand). MTO item — demand is order-driven. Forecast hit dead-on (0% variance) — strong demand sensing. No open commitment gap.,Over-Production,"Produced 1,000 units against committed 0 units. Red flag — produced 1,000 units more than ordered. Investigate planning breakdown.",Ops accepted Sales forecast in full. No capacity gap at plan stage.,,,,,,,,,,,,,
MSWD,WN M11 B11 J4X (T) CNH,Regular,,,,,,,,,100.0,,100.0,MTO,100.0,,0.0,,,,,,,,,,100.0,Forecast Bullseye,Dispatch 100 units (no committed demand). MTO item — demand is order-driven. Forecast hit dead-on (0% variance) — strong demand sensing. Action: review over-commit of 100 units.,Healthy Stock,Produced 0 units against committed 0 units. Production and inventory in healthy state.,Ops accepted Sales forecast in full. No capacity gap at plan stage.,,,,,,,,,658.0,,100.0,,658.0
MSWD,WN M11 B11 J4X (T) CNH1,Regular,,,,,,,,,100.0,,100.0,MTO,100.0,,0.0,,,,,,,,,,100.0,Forecast Bullseye,Dispatch 100 units (no committed demand). MTO item — demand is order-driven. Forecast hit dead-on (0% variance) — strong demand sensing. Action: review over-commit of 100 units.,Healthy Stock,Produced 0 units against committed 0 units. Production and inventory in healthy state.,Ops accepted Sales forecast in full. No capacity gap at plan stage.,,,,,,,,,658.0,,100.0,,658.0
MSWD,WN M11 B11 J4X (TY) Exp,Regular,,,,,,,,14200.0,200.0,14400.0,,TBC,,,0.0,,,,,,,,14200.0,,,Forecast Bullseye,Dispatch 0 units (no committed demand). Forecast hit dead-on (0% variance) — strong demand sensing. No open commitment gap.,Healthy Stock,"Produced 14,200 units against committed 0 units.",Ops accepted Sales forecast in full. No capacity gap at plan stage.,,,,,,,,,,,,,
MSWD,WN M11 B11 J4X WH,Regular,192000.0,192000.0,,20000.0,-172000.0,10%,,57900.0,,,57900.0,TBC,80000.0,400.0%,-22100.0,,,,,,112000.0,112000.0,,,60000.0,Over-Delivered | Forecast Drift (Major),"Dispatch 400% of committed (80,000 vs 20,000). 🚩 Major forecast cut of 90% — severe over-promise. Action: review over-commit of 60,000 units.",Healthy Stock,"Produced 57,900 units against committed 20,000 units.",Ops accepted Sales forecast in full. No capacity gap at plan stage.,,,192000.0,57900.0,736960.0,,,736960.0,394800.0,,60000.0,,394800.0
,WN M11 B11 J4X WH1,Regular,120000.0,120000.0,,120000.0,,100%,,,,,,TBC,,0.0%,0,,,120000.0,,,,120000.0,,,,Short Delivery | Forecast Bullseye,"Dispatch 0% of committed (0 vs 120,000). Forecast hit dead-on (0% variance) — strong demand sensing. Action: recover shortfall of 120,000 units.",Production Shortfall,"Produced 0 units against committed 120,000 units. Shortfall of 120,000 units — expedite production or procure.",Ops accepted Sales forecast in full. No capacity gap at plan stage.,,,120000.0,,,,,,,,,,
MSWD,WN M11 B11 J5 WH,Regular,10600.0,10600.0,,1600.0,-9000.0,15%,,9650.0,,,9650.0,MTS,8800.0,550.0%,850.0,6933.0,,,,,950.0,950.0,,,7200.0,Over-Delivered | Forecast Drift (Major),"Dispatch 550% of committed (8,800 vs 1,600). MTS item — buffer stock + green level matters. 🚩 Major forecast cut of 85% — severe over-promise. Action: review over-commit of 7,200 units.",Stock-Out Risk,"Produced 9,650 units against committed 1,600 units. Closing 850 units. Green level 6,933 (0.1x cover) — ⚠ Safety breach — replenish urgently.",Ops accepted Sales forecast in full. No capacity gap at plan stage.,,,17533.0,9650.0,6251.0,,,6251.0,47376.0,,7200.0,,47376.0
,WN M11 B11 J575S LPS (T),Regular,2200.0,2200.0,,2200.0,,100%,200.0,,,,200.0,MTS,,0.0%,200.0,1667.0,,2200.0,200.0,,,2000.0,,,,Short Delivery | Forecast Bullseye,"Dispatch 0% of committed (0 vs 2,200). MTS item — buffer stock + green level matters. Forecast hit dead-on (0% variance) — strong demand sensing. Action: recover shortfall of 2,200 units.",Production Shortfall | Stock-Out Risk,"Produced 0 units against committed 2,200 units. Shortfall of 2,000 units — expedite production or procure. Closing 200 units. Green level 1,667 (0.1x cover) — ⚠ Safety breach — replenish urgently.",Ops accepted Sales forecast in full. No capacity gap at plan stage.,,,3667.0,,,,,,,,,,
MSWD,WN M11 B11 J575S WH,Regular,,,,,,,,,,,,MTS,800.0,,-800.0,1333.0,,,,,,,,,800.0,Forecast Bullseye,Dispatch 800 units (no committed demand). MTS item — buffer stock + green level matters. Forecast hit dead-on (0% variance) — strong demand sensing. Action: review over-commit of 800 units.,Stock-Out Risk,"Produced 0 units against committed 0 units. Closing -800 units. Green level 1,333 (-0.6x cover) — ⚠ Safety breach — replenish urgently.",Ops accepted Sales forecast in full. No capacity gap at plan stage.,,,1333.0,,,,,,5264.0,,800.0,,5264.0
MSWD,WN M11 B11 J5X (TY) Exp,Regular,,,,,,,,8100.0,,13300.0,-5200.0,TBC,,,-5200.0,,,,,,,,8100.0,,,Forecast Bullseye,Dispatch 0 units (no committed demand). Forecast hit dead-on (0% variance) — strong demand sensing. No open commitment gap.,Production Shortfall,"Produced 8,100 units against committed 0 units. Shortfall of 5,200 units — expedite production or procure.",Ops accepted Sales forecast in full. No capacity gap at plan stage.,,,,,,,,,,,,,
,WN M11 B11 J5X LPS (T),Regular,2400.0,2400.0,,2400.0,,100%,600.0,,,,600.0,MTS,,0.0%,600.0,1667.0,,2400.0,600.0,,,1800.0,,,,Short Delivery | Forecast Bullseye,"Dispatch 0% of committed (0 vs 2,400). MTS item — buffer stock + green level matters. Forecast hit dead-on (0% variance) — strong demand sensing. Action: recover shortfall of 2,400 units.",Production Shortfall | Stock-Out Risk,"Produced 0 units against committed 2,400 units. Shortfall of 1,800 units — expedite production or procure. Closing 600 units. Green level 1,667 (0.4x cover) — ⚠ Safety breach — replenish urgently.",Ops accepted Sales forecast in full. No capacity gap at plan stage.,,,3467.0,,,,,,,,,,
MSWD,WN M11 B11 J5X RCM,Regular,14900.0,14900.0,,14900.0,,100%,3300.0,3000.0,,,6300.0,MTS,,0.0%,6300.0,7000.0,,14900.0,6300.0,,,8600.0,,,,Short Delivery | Forecast Bullseye,"Dispatch 0% of committed (0 vs 14,900). MTS item — buffer stock + green level matters. Forecast hit dead-on (0% variance) — strong demand sensing. Action: recover shortfall of 14,900 units.",Production Shortfall | Below Safety,"Produced 3,000 units against committed 14,900 units. Shortfall of 8,600 units — expedite production or procure. Closing 6,300 units. Green level 7,000 (0.9x cover) — ⚠ Safety breach — replenish urgently.",Ops accepted Sales forecast in full. No capacity gap at plan stage.,,,18600.0,3000.0,56588.0,41454.0,,,,,,,
MSWD,WN M11 B11 J5X WH,Regular,19000.0,19000.0,,12800.0,-6200.0,67%,,7850.0,,,7850.0,MTS,10800.0,84.4%,-2950.0,10400.0,,2000.0,,,6200.0,8200.0,,,,Short Delivery | Forecast Drift (Major),"Dispatch 84% of committed (10,800 vs 12,800). MTS item — buffer stock + green level matters. 🚩 Major forecast cut of 33% — severe over-promise. Action: recover shortfall of 2,000 units.",Production Shortfall | Stock-Out Risk,"Produced 7,850 units against committed 12,800 units. Shortfall of 4,950 units — expedite production or procure. Closing -2,950 units. Green level 10,400 (-0.3x cover) — ⚠ Safety breach — replenish urgently.",Ops accepted Sales forecast in full. No capacity gap at plan stage.,,,29400.0,7850.0,53956.0,,,40796.0,,,,,
MSWD,WN M11 B11 J6 WH,Regular,,,,,,,,150.0,,,150.0,TBC,400.0,,-250.0,,,,,,,,150.0,,400.0,Forecast Bullseye,Dispatch 400 units (no committed demand). Forecast hit dead-on (0% variance) — strong demand sensing. Action: review over-commit of 400 units.,Healthy Stock,Produced 150 units against committed 0 units.,Ops accepted Sales forecast in full. No capacity gap at plan stage.,,,,,,,,,2632.0,,400.0,,2632.0
,WN M11 B11 J65A,Regular,,,,,,,350.0,,,,350.0,TBC,,,350.0,,350.0,,,,,,,350.0,,Forecast Bullseye,Dispatch 0 units (no committed demand). Forecast hit dead-on (0% variance) — strong demand sensing. No open commitment gap.,Healthy Stock,Produced 0 units against committed 0 units.,Ops accepted Sales forecast in full. No capacity gap at plan stage.,,,,,,,,,,,,,
MSWD,WN M11 B11 J65A MM,Regular,1400.0,1400.0,,1400.0,,100%,,2700.0,,,2700.0,MTO,2000.0,142.9%,700.0,,700.0,,,,,,1300.0,,600.0,Over-Delivered | Forecast Bullseye,"Dispatch 143% of committed (2,000 vs 1,400). MTO item — demand is order-driven. Forecast hit dead-on (0% variance) — strong demand sensing. Action: review over-commit of 600 units.",Over-Production,"Produced 2,700 units against committed 1,400 units. Red flag — produced 1,300 units more than ordered. Investigate planning breakdown.",Ops accepted Sales forecast in full. No capacity gap at plan stage.,,,1400.0,1400.0,,,,,3948.0,,600.0,,3948.0
,WN M11 B11 J65A RCM,Regular,6200.0,6200.0,,6200.0,,100%,1500.0,,,,1500.0,MTS,,0.0%,1500.0,4000.0,,6200.0,1500.0,,,4700.0,,,,Short Delivery | Forecast Bullseye,"Dispatch 0% of committed (0 vs 6,200). MTS item — buffer stock + green level matters. Forecast hit dead-on (0% variance) — strong demand sensing. Action: recover shortfall of 6,200 units.",Production Shortfall | Stock-Out Risk,"Produced 0 units against committed 6,200 units. Shortfall of 4,700 units — expedite production or procure. Closing 1,500 units. Green level 4,000 (0.4x cover) — ⚠ Safety breach — replenish urgently.",Ops accepted Sales forecast in full. No capacity gap at plan stage.,,,8700.0,,,,,,,,,,
MSWD,WN M11 B11 J65A WH,Regular,16000.0,16000.0,,6400.0,-9600.0,40%,,,,,,MTS,1600.0,25.0%,-1600.0,6667.0,,4800.0,,,9600.0,14400.0,,,,Short Delivery | Forecast Drift (Major),"Dispatch 25% of committed (1,600 vs 6,400). MTS item — buffer stock + green level matters. 🚩 Major forecast cut of 60% — severe over-promise. Action: recover shortfall of 4,800 units.",Production Shortfall | Stock-Out Risk,"Produced 0 units against committed 6,400 units. Shortfall of 6,400 units — expedite production or procure. Closing -1,600 units. Green level 6,667 (-0.2x cover) — ⚠ Safety breach — replenish urgently.",Ops accepted Sales forecast in full. No capacity gap at plan stage.,,,22667.0,,94752.0,,,63168.0,,,,,
MSWD,WN M11 B11 J6X (TY) Exp,Regular,,,,,,,,800.0,,800.0,,TBC,,,0.0,,,,,,,,800.0,,,Forecast Bullseye,Dispatch 0 units (no committed demand). Forecast hit dead-on (0% variance) — strong demand sensing. No open commitment gap.,Healthy Stock,Produced 800 units against committed 0 units.,Ops accepted Sales forecast in full. No capacity gap at plan stage.,,,,,,,,,,,,,
MSWD,WN M11 B11 J6X LPS (T),Regular,16000.0,16000.0,,16000.0,,100%,,,,,,MTO,,0.0%,0,,,16000.0,,,,16000.0,,,,Short Delivery | Forecast Bullseye,"Dispatch 0% of committed (0 vs 16,000). MTO item — demand is order-driven. Forecast hit dead-on (0% variance) — strong demand sensing. Action: recover shortfall of 16,000 units.",Production Shortfall,"Produced 0 units against committed 16,000 units. Shortfall of 16,000 units — expedite production or procure.",Ops accepted Sales forecast in full. No capacity gap at plan stage.,,,16000.0,,105280.0,,,,,,,,
MSWD,WN M11 B11 J6X WH,Regular,51200.0,51200.0,,2400.0,-48800.0,5%,,18200.0,,,18200.0,TBC,22800.0,950.0%,-4600.0,,,,,,28400.0,28400.0,,,20400.0,Over-Delivered | Forecast Drift (Major),"Dispatch 950% of committed (22,800 vs 2,400). 🚩 Major forecast cut of 95% — severe over-promise. Action: review over-commit of 20,400 units.",Healthy Stock,"Produced 18,200 units against committed 2,400 units.",Ops accepted Sales forecast in full. No capacity gap at plan stage.,,,51200.0,18200.0,186872.0,,,186872.0,134232.0,,20400.0,,134232.0
MSWD,WN M11 B11 J7 (TY) Exp,Regular,,,,,,,,2600.0,,2650.0,-50.0,TBC,,,-50.0,,,,,,,,2600.0,,,Forecast Bullseye,Dispatch 0 units (no committed demand). Forecast hit dead-on (0% variance) — strong demand sensing. No open commitment gap.,Production Shortfall,"Produced 2,600 units against committed 0 units. Shortfall of 50 units — expedite production or procure.",Ops accepted Sales forecast in full. No capacity gap at plan stage.,,,,,,,,,,,,,
,WN M11 B11 J7 LPS (T),Regular,800.0,800.0,,800.0,,100%,500.0,,,,500.0,MTS,,0.0%,500.0,667.0,,800.0,500.0,,,300.0,,,,Short Delivery | Forecast Bullseye,Dispatch 0% of committed (0 vs 800). MTS item — buffer stock + green level matters. Forecast hit dead-on (0% variance) — strong demand sensing. Action: recover shortfall of 800 units.,Production Shortfall | Below Safety,Produced 0 units against committed 800 units. Shortfall of 300 units — expedite production or procure. Closing 500 units. Green level 667 (0.7x cover) — ⚠ Safety breach — replenish urgently.,Ops accepted Sales forecast in full. No capacity gap at plan stage.,,,967.0,,,,,,,,,,
MSWD,WN M11 B11 J7 WH,Regular,,,,,,,,3350.0,,,3350.0,MTS,2400.0,,950.0,2667.0,,,,,,,683.0,,2400.0,Forecast Bullseye,"Dispatch 2,400 units (no committed demand). MTS item — buffer stock + green level matters. Forecast hit dead-on (0% variance) — strong demand sensing. Action: review over-commit of 2,400 units.",Stock-Out Risk | Production Surplus,"Produced 3,350 units against committed 0 units. Closing 950 units. Green level 2,667 (0.4x cover) — ⚠ Safety breach — replenish urgently.",Ops accepted Sales forecast in full. No capacity gap at plan stage.,,,2667.0,2667.0,,,,,15792.0,,2400.0,,15792.0
MSWD,WN M11 B11 J75A,Regular,,,,,,,150.0,500.0,,,650.0,MTS,,,650.0,500.0,150.0,,,,,,150.0,,,Forecast Bullseye,Dispatch 0 units (no committed demand). MTS item — buffer stock + green level matters. Forecast hit dead-on (0% variance) — strong demand sensing. No open commitment gap.,Production Surplus,Produced 500 units against committed 0 units.,Ops accepted Sales forecast in full. No capacity gap at plan stage.,809.23,,350.0,350.0,,,,,,,,,
MSWD,WN M11 B11 J75A MM,Regular,74300.0,74300.0,,9003000.0,8928700.0,0%,41800.0,77600.0,,,119400.0,MTS,67000.0,0.7%,52400.0,41167.0,11233.0,8936000.0,52400.0,8883600.0,,,3933.0,,,Short Delivery | Forecast Drift (Major),"Dispatch 1% of committed (67,000 vs 9,003,000). MTS item — buffer stock + green level matters. 🚩 Major forecast uplift of 12017% — late demand surge. Action: recover shortfall of 8,936,000 units.",Production Shortfall | Production Surplus,"Produced 77,600 units against committed 9,003,000 units. Shortfall of 8,883,600 units — expedite production or procure.",Ops accepted Sales forecast in full. No capacity gap at plan stage.,22857.65,,73667.0,73667.0,,344792.0,58454088.0,,,,,,
,WN M11 B11 J75A MM (T),Regular,1600.0,1600.0,,1600.0,,100%,1850.0,,,,1850.0,MTS,,0.0%,1850.0,4000.0,,1600.0,1600.0,,,,,,,Short Delivery | Forecast Bullseye,"Dispatch 0% of committed (0 vs 1,600). MTS item — buffer stock + green level matters. Forecast hit dead-on (0% variance) — strong demand sensing. Action: recover shortfall of 1,600 units.",Stock-Out Risk,"Produced 0 units against committed 1,600 units. Closing 1,850 units. Green level 4,000 (0.5x cover) — ⚠ Safety breach — replenish urgently.",Ops accepted Sales forecast in full. No capacity gap at plan stage.,,,3750.0,,,,,,,,,,
MSWD,WN M11 B11 J75A MM 1,Regular,2100.0,2100.0,,2100.0,,100%,100.0,950.0,,,1050.0,MTS,1000.0,47.6%,50.0,2067.0,,1100.0,50.0,,,1050.0,,,,Short Delivery | Forecast Bullseye,"Dispatch 48% of committed (1,000 vs 2,100). MTS item — buffer stock + green level matters. Forecast hit dead-on (0% variance) — strong demand sensing. Action: recover shortfall of 1,100 units.",Production Shortfall | Stock-Out Risk,"Produced 950 units against committed 2,100 units. Shortfall of 1,050 units — expedite production or procure. Closing 50 units. Green level 2,067 (0.0x cover) — ⚠ Safety breach — replenish urgently.",Ops accepted Sales forecast in full. No capacity gap at plan stage.,,,4067.0,950.0,6909.0,329.0,,,,,,,
MSWD,WN M11 B11 J75A WH,Regular,119000.0,119000.0,,5400.0,-113600.0,5%,,19850.0,,,19850.0,MTS,34200.0,633.3%,-14350.0,12600.0,,,,,84800.0,84800.0,,,28800.0,Over-Delivered | Forecast Drift (Major),"Dispatch 633% of committed (34,200 vs 5,400). MTS item — buffer stock + green level matters. 🚩 Major forecast cut of 95% — severe over-promise. Action: review over-commit of 28,800 units.",Stock-Out Risk,"Produced 19,850 units against committed 5,400 units. Closing -14,350 units. Green level 12,600 (-1.1x cover) — ⚠ Safety breach — replenish urgently.",Ops accepted Sales forecast in full. No capacity gap at plan stage.,,,131600.0,19850.0,557984.0,,,557984.0,189504.0,,28800.0,,189504.0
,WN M11 B11 J75A WH1,Regular,1000.0,1000.0,,1000.0,,100%,,,,,,TBC,,0.0%,0,,,1000.0,,,,1000.0,,,,Short Delivery | Forecast Bullseye,"Dispatch 0% of committed (0 vs 1,000). Forecast hit dead-on (0% variance) — strong demand sensing. Action: recover shortfall of 1,000 units.",Production Shortfall,"Produced 0 units against committed 1,000 units. Shortfall of 1,000 units — expedite production or procure.",Ops accepted Sales forecast in full. No capacity gap at plan stage.,,,1000.0,,,,,,,,,,
MSWD,WN M11 B11 J7A (TY) EXP,Regular,,,,,,,,3200.0,,3200.0,,TBC,,,0.0,,,,,,,,3200.0,,,Forecast Bullseye,Dispatch 0 units (no committed demand). Forecast hit dead-on (0% variance) — strong demand sensing. No open commitment gap.,Healthy Stock,"Produced 3,200 units against committed 0 units.",Ops accepted Sales forecast in full. No capacity gap at plan stage.,,,,,,,,,,,,,
MSWD,WN M11 B11 J8 WH,Regular,9600.0,9600.0,,1800.0,-7800.0,19%,,750.0,,,750.0,MTS,600.0,33.3%,150.0,2600.0,,1200.0,150.0,,7800.0,8850.0,,,,Short Delivery | Forecast Drift (Major),"Dispatch 33% of committed (600 vs 1,800). MTS item — buffer stock + green level matters. 🚩 Major forecast cut of 81% — severe over-promise. Action: recover shortfall of 1,200 units.",Production Shortfall | Stock-Out Risk,"Produced 750 units against committed 1,800 units. Shortfall of 1,050 units — expedite production or procure. Closing 150 units. Green level 2,600 (0.1x cover) — ⚠ Safety breach — replenish urgently.",Ops accepted Sales forecast in full. No capacity gap at plan stage.,,,12200.0,750.0,58233.0,987.0,,51324.0,,,,,
MSWD,WN M11 B11 J85A MM,Regular,10700.0,10700.0,,10700.0,,100%,1500.0,9550.0,,,11050.0,MTS,11000.0,102.8%,50.0,7333.0,,,,,,,,,300.0,On Target | Forecast Bullseye,"Dispatch 103% of committed (11,000 vs 10,700). MTS item — buffer stock + green level matters. Forecast hit dead-on (0% variance) — strong demand sensing. Action: review over-commit of 300 units.",Stock-Out Risk,"Produced 9,550 units against committed 10,700 units. Closing 50 units. Green level 7,333 (0.0x cover) — ⚠ Safety breach — replenish urgently.",Ops accepted Sales forecast in full. No capacity gap at plan stage.,,,16533.0,9550.0,,,,,1974.0,,300.0,,1974.0
MSWD,WN M11 B11 J8A RKT,Regular,,,,,,,,3000.0,,,3000.0,TBC,,,3000.0,,3000.0,,,,,,3000.0,,,Forecast Bullseye,Dispatch 0 units (no committed demand). Forecast hit dead-on (0% variance) — strong demand sensing. No open commitment gap.,Healthy Stock,"Produced 3,000 units against committed 0 units.",Ops accepted Sales forecast in full. No capacity gap at plan stage.,,,,,,,,,,,,,
MSWD,WN M11 B11 J9 (TY) Exp,Regular,,,,,,,,300.0,,300.0,,TBC,,,0.0,,,,,,,,300.0,,,Forecast Bullseye,Dispatch 0 units (no committed demand). Forecast hit dead-on (0% variance) — strong demand sensing. No open commitment gap.,Healthy Stock,Produced 300 units against committed 0 units.,Ops accepted Sales forecast in full. No capacity gap at plan stage.,,,,,,,,,,,,,
MSWD,WN M11 B11 J9 MM,Regular,500.0,500.0,,500.0,,100%,400.0,1200.0,,,1600.0,MTS,900.0,180.0%,700.0,600.0,100.0,,,,,,500.0,,400.0,Over-Delivered | Forecast Bullseye,Dispatch 180% of committed (900 vs 500). MTS item — buffer stock + green level matters. Forecast hit dead-on (0% variance) — strong demand sensing. Action: review over-commit of 400 units.,Excess Inventory,"Produced 1,200 units against committed 500 units. Excess build-up of 500 units — throttle production.",Ops accepted Sales forecast in full. No capacity gap at plan stage.,6736.37,,700.0,700.0,,,,,2632.0,,400.0,,2632.0
MSWD,WN M11 B11 J9 WH,Regular,,,,,,,,3400.0,,,3400.0,MTS,4500.0,,-1100.0,5000.0,,,,,,,,,4500.0,Forecast Bullseye,"Dispatch 4,500 units (no committed demand). MTS item — buffer stock + green level matters. Forecast hit dead-on (0% variance) — strong demand sensing. Action: review over-commit of 4,500 units.",Stock-Out Risk,"Produced 3,400 units against committed 0 units. Closing -1,100 units. Green level 5,000 (-0.2x cover) — ⚠ Safety breach — replenish urgently.",Ops accepted Sales forecast in full. No capacity gap at plan stage.,,,5000.0,3400.0,,,,,29610.0,,4500.0,,29610.0
MSWD,WN M11 B15 J0 (T) CM,Regular,200.0,200.0,,200.0,,100%,400.0,,,,400.0,MTO,,0.0%,400.0,,400.0,200.0,200.0,,,,,200.0,,Short Delivery | Forecast Bullseye,Dispatch 0% of committed (0 vs 200). MTO item — demand is order-driven. Forecast hit dead-on (0% variance) — strong demand sensing. Action: recover shortfall of 200 units.,Healthy Stock,Produced 0 units against committed 200 units.,Ops accepted Sales forecast in full. No capacity gap at plan stage.,,350.15,,,,1316.0,,,,,,,
MSWD,WN M11 B15 J00 (TY) EXP,Regular,,,,,,,,11500.0,,21800.0,-10300.0,TBC,,,-10300.0,,,,,,,,11500.0,,,Forecast Bullseye,Dispatch 0 units (no committed demand). Forecast hit dead-on (0% variance) — strong demand sensing. No open commitment gap.,Production Shortfall,"Produced 11,500 units against committed 0 units. Shortfall of 10,300 units — expedite production or procure.",Ops accepted Sales forecast in full. No capacity gap at plan stage.,,,,,,,,,,,,,
MSWD,WN M11 B15 J00 TM,Regular,31200.0,31200.0,,31200.0,,100%,14305.0,11400.0,31800.0,20000.0,37505.0,MTO,20000.0,64.1%,17505.0,,17505.0,11200.0,11200.0,,,,,,,Short Delivery | Forecast Bullseye,"Dispatch 64% of committed (20,000 vs 31,200). MTO item — demand is order-driven. Forecast hit dead-on (0% variance) — strong demand sensing. Action: recover shortfall of 11,200 units.",Healthy Stock,"Produced 11,400 units against committed 31,200 units.",Ops accepted Sales forecast in full. No capacity gap at plan stage.,,,16895.0,11400.0,,73696.0,,,,,,,
MSWD,WN M11 B15 J00 TM1,Regular,,,,,,,,,8000.0,4000.0,4000.0,MTO,4000.0,,0.0,,,,,,,,,,4000.0,Forecast Bullseye,"Dispatch 4,000 units (no committed demand). MTO item — demand is order-driven. Forecast hit dead-on (0% variance) — strong demand sensing. Action: review over-commit of 4,000 units.",Healthy Stock,Produced 0 units against committed 0 units. Production and inventory in healthy state.,Ops accepted Sales forecast in full. No capacity gap at plan stage.,,,,,,,,,26320.0,,4000.0,,26320.0
MSWD,WN M11 B15 J00 WH,Regular,704000.0,704000.0,,91200.0,-612800.0,13%,,405000.0,,,405000.0,MTS,470400.0,515.8%,-65400.0,89067.0,,,,,233600.0,233600.0,,,379200.0,Over-Delivered | Forecast Drift (Major),"Dispatch 516% of committed (470,400 vs 91,200). MTS item — buffer stock + green level matters. 🚩 Major forecast cut of 87% — severe over-promise. Action: review over-commit of 379,200 units.",Stock-Out Risk,"Produced 405,000 units against committed 91,200 units. Closing -65,400 units. Green level 89,067 (-0.7x cover) — ⚠ Safety breach — replenish urgently.",Ops accepted Sales forecast in full. No capacity gap at plan stage.,,,793067.0,405000.0,1537088.0,,,1537088.0,2495136.0,,379200.0,,2495136.0
MSWD,WN M11 B15 J00 WH1,Regular,4800.0,4800.0,,4800.0,,100%,,,12000.0,,12000.0,TBC,12000.0,250.0%,0.0,,,,,,,,,,7200.0,Over-Delivered | Forecast Bullseye,"Dispatch 250% of committed (12,000 vs 4,800). Forecast hit dead-on (0% variance) — strong demand sensing. Action: review over-commit of 7,200 units.",Healthy Stock,"Produced 0 units against committed 4,800 units.",Ops accepted Sales forecast in full. No capacity gap at plan stage.,,,4800.0,,,,,,47376.0,,7200.0,,47376.0
MSWD,WN M11 B15 J000 OEM,Regular,800.0,800.0,,800.0,,100%,,,,,,MTO,,0.0%,0,,,800.0,,,,800.0,,,,Short Delivery | Forecast Bullseye,Dispatch 0% of committed (0 vs 800). MTO item — demand is order-driven. Forecast hit dead-on (0% variance) — strong demand sensing. Action: recover shortfall of 800 units.,Production Shortfall,Produced 0 units against committed 800 units. Shortfall of 800 units — expedite production or procure.,Ops accepted Sales forecast in full. No capacity gap at plan stage.,,,800.0,,5264.0,,,,,,,,
MSWD,WN M11 B15 J000 OEM (T),Regular,,,,,,,13100.0,,,8000.0,5100.0,MTS,,,5100.0,667.0,4433.0,,,,,,,12433.0,,Forecast Bullseye,Dispatch 0 units (no committed demand). MTS item — buffer stock + green level matters. Forecast hit dead-on (0% variance) — strong demand sensing. No open commitment gap.,Healthy Stock,Produced 0 units against committed 0 units. Production and inventory in healthy state.,Ops accepted Sales forecast in full. No capacity gap at plan stage.,,20133.63,,,,,,,,,,,
MSWD,WN M11 B15 J000 TM,Regular,2800.0,2800.0,,2800.0,,100%,10400.0,,4000.0,2000.0,12400.0,MTO,2000.0,71.4%,10400.0,,10400.0,800.0,800.0,,,,,7600.0,,Short Delivery | Forecast Bullseye,"Dispatch 71% of committed (2,000 vs 2,800). MTO item — demand is order-driven. Forecast hit dead-on (0% variance) — strong demand sensing. Action: recover shortfall of 800 units.",Healthy Stock,"Produced 0 units against committed 2,800 units.",Ops accepted Sales forecast in full. No capacity gap at plan stage.,,12673.23,,,,5264.0,,,,,,,
MSWD,WN M11 B15 J000 TM1,Regular,3700.0,3700.0,,3700.0,,100%,,,32000.0,16000.0,16000.0,MTO,16000.0,432.4%,0.0,,,,,,,,,,12300.0,Over-Delivered | Forecast Bullseye,"Dispatch 432% of committed (16,000 vs 3,700). MTO item — demand is order-driven. Forecast hit dead-on (0% variance) — strong demand sensing. Action: review over-commit of 12,300 units.",Healthy Stock,"Produced 0 units against committed 3,700 units. Production and inventory in healthy state.",Ops accepted Sales forecast in full. No capacity gap at plan stage.,,,3700.0,,,,,,80934.0,,12300.0,,80934.0
MSWD,WN M11 B15 J000 WH,Regular,668000.0,668000.0,,81600.0,-586400.0,12%,,247700.0,,,247700.0,MTS,259200.0,317.6%,-11500.0,179200.0,,,,,408800.0,408800.0,,,177600.0,Over-Delivered | Forecast Drift (Major),"Dispatch 318% of committed (259,200 vs 81,600). MTS item — buffer stock + green level matters. 🚩 Major forecast cut of 88% — severe over-promise. Action: review over-commit of 177,600 units.",Stock-Out Risk,"Produced 247,700 units against committed 81,600 units. Closing -11,500 units. Green level 179,200 (-0.1x cover) — ⚠ Safety breach — replenish urgently.",Ops accepted Sales forecast in full. No capacity gap at plan stage.,,,847200.0,247700.0,2689904.0,,,2689904.0,1168608.0,,177600.0,,1168608.0
MSWD,WN M11 B15 J00M (T) CNH,Regular,,,,,,,,,100.0,,100.0,MTO,100.0,,0.0,,,,,,,,,,100.0,Forecast Bullseye,Dispatch 100 units (no committed demand). MTO item — demand is order-driven. Forecast hit dead-on (0% variance) — strong demand sensing. Action: review over-commit of 100 units.,Healthy Stock,Produced 0 units against committed 0 units. Production and inventory in healthy state.,Ops accepted Sales forecast in full. No capacity gap at plan stage.,,,,,,,,,658.0,,100.0,,658.0
MSWD,WN M11 B15 J00M (TY) EXP,Regular,,,,,,,,33900.0,,28100.0,5800.0,TBC,,,5800.0,,5800.0,,,,,,33900.0,,,Forecast Bullseye,Dispatch 0 units (no committed demand). Forecast hit dead-on (0% variance) — strong demand sensing. No open commitment gap.,Healthy Stock,"Produced 33,900 units against committed 0 units.",Ops accepted Sales forecast in full. No capacity gap at plan stage.,,,,,,,,,,,,,
MSWD,WN M11 B15 J00M TM,Regular,92600.0,92600.0,,92600.0,,100%,23700.0,36000.0,36000.0,36000.0,59700.0,MTO,36000.0,38.9%,23700.0,,23700.0,56600.0,23700.0,,,32900.0,,,,Short Delivery | Forecast Bullseye,"Dispatch 39% of committed (36,000 vs 92,600). MTO item — demand is order-driven. Forecast hit dead-on (0% variance) — strong demand sensing. Action: recover shortfall of 56,600 units.",Production Shortfall,"Produced 36,000 units against committed 92,600 units. Shortfall of 32,900 units — expedite production or procure.",Ops accepted Sales forecast in full. No capacity gap at plan stage.,,,68900.0,36000.0,216482.0,155946.0,,,,,,,
MSWD,WN M11 B15 J00M TM1,Regular,6700.0,6700.0,,6700.0,,100%,500.0,56000.0,56000.0,56000.0,56500.0,MTO,56000.0,835.8%,500.0,,500.0,,,,,,49800.0,,49300.0,Over-Delivered | Forecast Bullseye,"Dispatch 836% of committed (56,000 vs 6,700). MTO item — demand is order-driven. Forecast hit dead-on (0% variance) — strong demand sensing. Action: review over-commit of 49,300 units.",Over-Production,"Produced 56,000 units against committed 6,700 units. Red flag — produced 49,800 units more than ordered. Investigate planning breakdown.",Ops accepted Sales forecast in full. No capacity gap at plan stage.,85413.47,,6200.0,6200.0,,,,,324394.0,,49300.0,,324394.0
MSWD,WN M11 B15 J00M WH,Regular,891000.0,891000.0,,417600.0,-473400.0,47%,,434900.0,,,434900.0,TBC,542400.0,129.9%,-107500.0,,,,,,348600.0,348600.0,,,124800.0,Over-Delivered | Forecast Drift (Major),"Dispatch 130% of committed (542,400 vs 417,600). 🚩 Major forecast cut of 53% — severe over-promise. Action: review over-commit of 124,800 units.",Healthy Stock,"Produced 434,900 units against committed 417,600 units.",Ops accepted Sales forecast in full. No capacity gap at plan stage.,,,891000.0,434900.0,2293788.0,,,2293788.0,821184.0,,124800.0,,821184.0
MSWD,WNM11B11J1ASIM,Regular,41700.0,41700.0,,41700.0,,100%,300.0,35800.0,,,36100.0,MTS,33000.0,79.1%,3100.0,26333.0,,8700.0,3100.0,,,5600.0,,,,Short Delivery | Forecast Bullseye,"Dispatch 79% of committed (33,000 vs 41,700). MTS item — buffer stock + green level matters. Forecast hit dead-on (0% variance) — strong demand sensing. Action: recover shortfall of 8,700 units.",Production Shortfall | Stock-Out Risk,"Produced 35,800 units against committed 41,700 units. Shortfall of 5,600 units — expedite production or procure. Closing 3,100 units. Green level 26,333 (0.1x cover) — ⚠ Safety breach — replenish urgently.",Ops accepted Sales forecast in full. No capacity gap at plan stage.,,,67733.0,35800.0,36848.0,20398.0,,,,,,,
SS304-2,WP M01 B01 110AJOL,Regular,,,,,,,500.0,,,,500.0,MTO,,,500.0,,500.0,,,,,,,500.0,,Forecast Bullseye,Dispatch 0 units (no committed demand). MTO item — demand is order-driven. Forecast hit dead-on (0% variance) — strong demand sensing. No open commitment gap.,Unsold MTO Stock,Produced 0 units against committed 0 units.,Ops accepted Sales forecast in full. No capacity gap at plan stage.,,500.0,,,,,,,,,,,
SSWD-12mm,WP M01 B01 120-210 RCM,Regular,1000.0,1000.0,,1000.0,,100%,50.0,500.0,,,550.0,MTO,400.0,40.0%,150.0,,150.0,600.0,150.0,,,450.0,,,,Short Delivery | Forecast Bullseye,"Dispatch 40% of committed (400 vs 1,000). MTO item — demand is order-driven. Forecast hit dead-on (0% variance) — strong demand sensing. Action: recover shortfall of 600 units.",Production Shortfall,"Produced 500 units against committed 1,000 units. Shortfall of 450 units — expedite production or procure.",Ops accepted Sales forecast in full. No capacity gap at plan stage.,,,950.0,500.0,6637.5,2212.5,,,,,,,
SSWD-12mm,WP M01 B01 20 BN,Regular,17700.0,17700.0,,5000.0,-12700.0,28%,5328.0,,,,5328.0,MTO,11000.0,220.0%,-5672.0,,,,,,6700.0,6700.0,,328.0,6000.0,Over-Delivered | Forecast Drift (Major),"Dispatch 220% of committed (11,000 vs 5,000). MTO item — demand is order-driven. 🚩 Major forecast cut of 72% — severe over-promise. Action: review over-commit of 6,000 units.",Healthy Stock,"Produced 0 units against committed 5,000 units.",Ops accepted Sales forecast in full. No capacity gap at plan stage.,,2149.06,12372.0,,98825.0,,,98825.0,88500.0,328.0,5672.0,4838.0,83662.0
SSWD-12mm,WP M01 B01 28 BN,Regular,,,,,,,17873.0,12000.0,,,29873.0,MTS,14000.0,,15873.0,17800.0,,,,,,,12000.0,73.0,14000.0,Forecast Bullseye,"Dispatch 14,000 units (no committed demand). MTS item — buffer stock + green level matters. Forecast hit dead-on (0% variance) — strong demand sensing. Action: review over-commit of 14,000 units.",Below Safety | Production Surplus,"Produced 12,000 units against committed 0 units. Closing 15,873 units. Green level 17,800 (0.9x cover) — ⚠ Safety breach — replenish urgently.",Ops accepted Sales forecast in full. No capacity gap at plan stage.,96951.36,589.79,,,,,,,206500.0,14000.0,,206500.0,
SS304-2,WP M01 B01 32 BN,Regular,,,,,,,2314.0,,,,2314.0,MTO,,,2314.0,,2314.0,,,,,,,2314.0,,Forecast Bullseye,Dispatch 0 units (no committed demand). MTO item — demand is order-driven. Forecast hit dead-on (0% variance) — strong demand sensing. No open commitment gap.,Unsold MTO Stock,Produced 0 units against committed 0 units.,Ops accepted Sales forecast in full. No capacity gap at plan stage.,,23779.36,,,,,,,,,,,
SS304-2,WP M01 B01 32 WH,Regular,,,,,,,76.0,,,,76.0,MTO,,,76.0,,76.0,,,,,,,76.0,,Forecast Bullseye,Dispatch 0 units (no committed demand). MTO item — demand is order-driven. Forecast hit dead-on (0% variance) — strong demand sensing. No open commitment gap.,Unsold MTO Stock,Produced 0 units against committed 0 units.,Ops accepted Sales forecast in full. No capacity gap at plan stage.,,608.0,,,,,,,,,,,
SS304-2,WP M01 B01 40 OEM,Regular,,,,,,,200.0,,,,200.0,MTO,,,200.0,,200.0,,,,,,,200.0,,Forecast Bullseye,Dispatch 0 units (no committed demand). MTO item — demand is order-driven. Forecast hit dead-on (0% variance) — strong demand sensing. No open commitment gap.,Unsold MTO Stock,Produced 0 units against committed 0 units.,Ops accepted Sales forecast in full. No capacity gap at plan stage.,,200.0,,,,,,,,,,,
,WP M01 B01 8 206 VII,Regular,,,,,,,7250.0,,,,7250.0,TBC,,,7250.0,,7250.0,,,,,,,7250.0,,Forecast Bullseye,Dispatch 0 units (no committed demand). Forecast hit dead-on (0% variance) — strong demand sensing. No open commitment gap.,Healthy Stock,Produced 0 units against committed 0 units.,Ops accepted Sales forecast in full. No capacity gap at plan stage.,,180400.01,,,,,,,,,,,
SSWD-12mm,WP M01 B01 J0 RH,Regular,500.0,500.0,,500.0,,100%,886.0,,,,886.0,MTO,1500.0,300.0%,-614.0,,,,,,,,,386.0,1000.0,Over-Delivered | Forecast Bullseye,"Dispatch 300% of committed (1,500 vs 500). MTO item — demand is order-driven. Forecast hit dead-on (0% variance) — strong demand sensing. Action: review over-commit of 1,000 units.",Healthy Stock,Produced 0 units against committed 500 units.,Ops accepted Sales forecast in full. No capacity gap at plan stage.,,1975.02,,,,,,,14750.0,386.0,614.0,5693.5,9056.5
SSWD-12mm,WP M01 B01 J0 WH,Regular,52000.0,52000.0,,52000.0,,100%,,29957.0,56000.0,56000.0,29957.0,MTS,56000.0,107.7%,-26043.0,53600.0,,,,,,,,,4000.0,On Target | Forecast Bullseye,"Dispatch 108% of committed (56,000 vs 52,000). MTS item — buffer stock + green level matters. Forecast hit dead-on (0% variance) — strong demand sensing. Action: review over-commit of 4,000 units.",Production Shortfall | Stock-Out Risk,"Produced 29,957 units against committed 52,000 units. Shortfall of 22,043 units — expedite production or procure. Closing -26,043 units. Green level 53,600 (-0.5x cover) — ⚠ Safety breach — replenish urgently.",Ops accepted Sales forecast in full. No capacity gap at plan stage.,,,105600.0,29957.0,,,,,59000.0,,4000.0,,59000.0
SSWD-12mm,WP M01 B01 J00 (OEM),Regular,5600.0,5600.0,,5600.0,,100%,5583.0,5000.0,,,10583.0,MTO,10000.0,178.6%,583.0,,583.0,,,,,,4983.0,,4400.0,Over-Delivered | Forecast Bullseye,"Dispatch 179% of committed (10,000 vs 5,600). MTO item — demand is order-driven. Forecast hit dead-on (0% variance) — strong demand sensing. Action: review over-commit of 4,400 units.",Over-Production,"Produced 5,000 units against committed 5,600 units. Red flag — produced 4,983 units more than ordered. Investigate planning breakdown.",Ops accepted Sales forecast in full. No capacity gap at plan stage.,23432.46,,17.0,17.0,,,,,64900.0,,4400.0,,64900.0
SSWD-12mm,WP M01 B01 J00 WH,Regular,120000.0,120000.0,,120000.0,,100%,,205200.0,150400.0,150400.0,205200.0,MTS,150400.0,125.3%,54800.0,125600.0,,,,,,,,,30400.0,Over-Delivered | Forecast Bullseye,"Dispatch 125% of committed (150,400 vs 120,000). MTS item — buffer stock + green level matters. Forecast hit dead-on (0% variance) — strong demand sensing. Action: review over-commit of 30,400 units.",Stock-Out Risk,"Produced 205,200 units against committed 120,000 units. Closing 54,800 units. Green level 125,600 (0.4x cover) — ⚠ Safety breach — replenish urgently.",Ops accepted Sales forecast in full. No capacity gap at plan stage.,,,245600.0,205200.0,,,,,448400.0,,30400.0,,448400.0
SSWD-12mm,WP M01 B01 J000 WH,Regular,74000.0,74000.0,,74000.0,,100%,,105900.0,73600.0,73600.0,105900.0,MTS,52800.0,71.4%,53100.0,70666.67,,21200.0,21200.0,,,,,,,Short Delivery | Forecast Bullseye,"Dispatch 71% of committed (52,800 vs 74,000). MTS item — buffer stock + green level matters. Forecast hit dead-on (0% variance) — strong demand sensing. Action: recover shortfall of 21,200 units.",Below Safety,"Produced 105,900 units against committed 74,000 units. Closing 53,100 units. Green level 70,667 (0.8x cover) — ⚠ Safety breach — replenish urgently.",Ops accepted Sales forecast in full. No capacity gap at plan stage.,,,144666.67,105900.0,,312700.0,,,,,,,
SS304-1,WP M01 B01 J00M OEM,Regular,,,,,,,6644.0,,,,6644.0,MTO,,,6644.0,,6644.0,,,,,,,6644.0,,Forecast Bullseye,Dispatch 0 units (no committed demand). MTO item — demand is order-driven. Forecast hit dead-on (0% variance) — strong demand sensing. No open commitment gap.,Unsold MTO Stock,Produced 0 units against committed 0 units.,Ops accepted Sales forecast in full. No capacity gap at plan stage.,,29592.51,,,,,,,,,,,
SSWD-12mm,WP M01 B01 J00M WH,Regular,128000.0,128000.0,,128000.0,,100%,,191200.0,118400.0,118400.0,191200.0,MTS,118400.0,92.5%,72800.0,134133.33,,9600.0,9600.0,,,,,,,On Target | Forecast Bullseye,"Dispatch 92% of committed (118,400 vs 128,000). MTS item — buffer stock + green level matters. Forecast hit dead-on (0% variance) — strong demand sensing. Action: recover shortfall of 9,600 units.",Below Safety,"Produced 191,200 units against committed 128,000 units. Closing 72,800 units. Green level 134,133 (0.5x cover) — ⚠ Safety breach — replenish urgently.",Ops accepted Sales forecast in full. No capacity gap at plan stage.,,,262133.33,191200.0,,141600.0,,,,,,,
SSWD-12mm,WP M01 B01 J00M WH1,Regular,5000.0,5000.0,,5000.0,,100%,,7700.0,,,7700.0,MTO,,0.0%,7700.0,,7700.0,5000.0,5000.0,,,,2700.0,,,Short Delivery | Forecast Bullseye,"Dispatch 0% of committed (0 vs 5,000). MTO item — demand is order-driven. Forecast hit dead-on (0% variance) — strong demand sensing. Action: recover shortfall of 5,000 units.",Over-Production,"Produced 7,700 units against committed 5,000 units. Red flag — produced 2,700 units more than ordered. Investigate planning breakdown.",Ops accepted Sales forecast in full. No capacity gap at plan stage.,,,5000.0,5000.0,,73750.0,,,,,,,
SS304-1,WP M01 B01 J0X (OEM),Regular,,,,,,,1822.0,,,,1822.0,MTO,,,1822.0,,1822.0,,,,,,,1822.0,,Forecast Bullseye,Dispatch 0 units (no committed demand). MTO item — demand is order-driven. Forecast hit dead-on (0% variance) — strong demand sensing. No open commitment gap.,Unsold MTO Stock,Produced 0 units against committed 0 units.,Ops accepted Sales forecast in full. No capacity gap at plan stage.,,9260.9,,,,,,,,,,,
SSWD-12mm,WP M01 B01 J0X WH,Regular,36000.0,36000.0,,36000.0,,100%,,53200.0,33600.0,33600.0,53200.0,MTS,33600.0,93.3%,19600.0,41333.33,,2400.0,2400.0,,,,,,,On Target | Forecast Bullseye,"Dispatch 93% of committed (33,600 vs 36,000). MTS item — buffer stock + green level matters. Forecast hit dead-on (0% variance) — strong demand sensing. Action: recover shortfall of 2,400 units.",Stock-Out Risk,"Produced 53,200 units against committed 36,000 units. Closing 19,600 units. Green level 41,333 (0.5x cover) — ⚠ Safety breach — replenish urgently.",Ops accepted Sales forecast in full. No capacity gap at plan stage.,,,77333.33,53200.0,,35400.0,,,,,,,
SSWD-12mm,WP M01 B01 J1 OEM,Regular,,,,,,,,2500.0,200.0,,2700.0,MTO,2200.0,,500.0,,500.0,,,,,,2500.0,,2200.0,Forecast Bullseye,"Dispatch 2,200 units (no committed demand). MTO item — demand is order-driven. Forecast hit dead-on (0% variance) — strong demand sensing. Action: review over-commit of 2,200 units.",Over-Production,"Produced 2,500 units against committed 0 units. Red flag — produced 2,500 units more than ordered. Investigate planning breakdown.",Ops accepted Sales forecast in full. No capacity gap at plan stage.,,,,,,,,,32450.0,,2200.0,,32450.0
SSWD-12mm,WP M01 B01 J1 WH,Regular,14000.0,14000.0,,14000.0,,100%,,17100.0,24000.0,24200.0,16900.0,MTS,24000.0,171.4%,-7100.0,19475.0,,,,,,,,,10000.0,Over-Delivered | Forecast Bullseye,"Dispatch 171% of committed (24,000 vs 14,000). MTS item — buffer stock + green level matters. Forecast hit dead-on (0% variance) — strong demand sensing. Action: review over-commit of 10,000 units.",Stock-Out Risk,"Produced 17,100 units against committed 14,000 units. Closing -7,100 units. Green level 19,475 (-0.4x cover) — ⚠ Safety breach — replenish urgently.",Ops accepted Sales forecast in full. No capacity gap at plan stage.,,,33475.0,17100.0,,,,,147500.0,,10000.0,,147500.0
SS304-2,WP M01 B01 J10 VII (75-254),Regular,,,,,,,200.0,,,,200.0,MTO,,,200.0,,200.0,,,,,,,200.0,,Forecast Bullseye,Dispatch 0 units (no committed demand). MTO item — demand is order-driven. Forecast hit dead-on (0% variance) — strong demand sensing. No open commitment gap.,Unsold MTO Stock,Produced 0 units against committed 0 units.,Ops accepted Sales forecast in full. No capacity gap at plan stage.,,4000.0,,,,,,,,,,,
SSWD-12mm,WP M01 B01 J10 WH,Regular,,,,,,,,6461.0,5250.0,5250.0,6461.0,MTO,5250.0,,1211.0,,1211.0,,,,,,6461.0,,5250.0,Forecast Bullseye,"Dispatch 5,250 units (no committed demand). MTO item — demand is order-driven. Forecast hit dead-on (0% variance) — strong demand sensing. Action: review over-commit of 5,250 units.",Over-Production,"Produced 6,461 units against committed 0 units. Red flag — produced 6,461 units more than ordered. Investigate planning breakdown.",Ops accepted Sales forecast in full. No capacity gap at plan stage.,,,,,,,,,77437.5,,5250.0,,77437.5
SSWD-12mm,WP M01 B01 J100S (OEM),Regular,1400.0,1400.0,,1400.0,,100%,54.0,1500.0,957.0,,2511.0,MTO,1500.0,107.1%,1011.0,,1011.0,,,,,,154.0,,100.0,On Target | Forecast Bullseye,"Dispatch 107% of committed (1,500 vs 1,400). MTO item — demand is order-driven. Forecast hit dead-on (0% variance) — strong demand sensing. Action: review over-commit of 100 units.",Over-Production,"Produced 1,500 units against committed 1,400 units. Red flag — produced 154 units more than ordered. Investigate planning breakdown.",Ops accepted Sales forecast in full. No capacity gap at plan stage.,763.22,,1346.0,1346.0,,,,,1475.0,,100.0,,1475.0
SSWD-12mm,WP M01 B01 J100S TRM,Regular,,,,,,,3581.0,,,3457.0,124.0,MTO,,,124.0,,124.0,,,,,,,3581.0,,Forecast Bullseye,Dispatch 0 units (no committed demand). MTO item — demand is order-driven. Forecast hit dead-on (0% variance) — strong demand sensing. No open commitment gap.,Unsold MTO Stock,Produced 0 units against committed 0 units.,Ops accepted Sales forecast in full. No capacity gap at plan stage.,,11195.75,,,,,,,,,,,
SSWD-12mm,WP M01 B01 J100S WH,Regular,96000.0,96000.0,,96000.0,,100%,,119000.0,123700.0,121200.0,121500.0,MTS,116800.0,121.7%,4700.0,101600.0,,,,,,,,,20800.0,Over-Delivered | Forecast Bullseye,"Dispatch 122% of committed (116,800 vs 96,000). MTS item — buffer stock + green level matters. Forecast hit dead-on (0% variance) — strong demand sensing. Action: review over-commit of 20,800 units.",Stock-Out Risk,"Produced 119,000 units against committed 96,000 units. Closing 4,700 units. Green level 101,600 (0.0x cover) — ⚠ Safety breach — replenish urgently.",Ops accepted Sales forecast in full. No capacity gap at plan stage.,,,197600.0,119000.0,,,,,306800.0,,20800.0,,306800.0
SSWD-12mm Jumbo,WP M01 B01 J11 GC,Regular,300.0,300.0,,300.0,,100%,638.0,88.0,,,726.0,MTO,,0.0%,726.0,,726.0,300.0,300.0,,,,88.0,338.0,,Short Delivery | Forecast Bullseye,Dispatch 0% of committed (0 vs 300). MTO item — demand is order-driven. Forecast hit dead-on (0% variance) — strong demand sensing. Action: recover shortfall of 300 units.,Over-Production,Produced 88 units against committed 300 units. Red flag — produced 88 units more than ordered. Investigate planning breakdown.,Ops accepted Sales forecast in full. No capacity gap at plan stage.,1627.67,6251.72,,,,10086.0,,,,,,,
SSWD-12mm Jumbo,WP M01 B01 J11 PM,Regular,200.0,200.0,,200.0,,100%,322.0,,,300.0,22.0,MTO,,0.0%,22.0,,22.0,200.0,22.0,,,178.0,,122.0,,Short Delivery | Forecast Bullseye,Dispatch 0% of committed (0 vs 200). MTO item — demand is order-driven. Forecast hit dead-on (0% variance) — strong demand sensing. Action: recover shortfall of 200 units.,Production Shortfall,Produced 0 units against committed 200 units. Shortfall of 178 units — expedite production or procure.,Ops accepted Sales forecast in full. No capacity gap at plan stage.,,2326.43,,,5984.36,739.64,,,,,,,
SSWD-12mm Jumbo,WP M01 B01 J11 WH,Regular,,,,,,,,1601.0,2300.0,2000.0,1901.0,MTO,2000.0,,-99.0,,,,,,,,1601.0,,2000.0,Forecast Bullseye,"Dispatch 2,000 units (no committed demand). MTO item — demand is order-driven. Forecast hit dead-on (0% variance) — strong demand sensing. Action: review over-commit of 2,000 units.",Over-Production,"Produced 1,601 units against committed 0 units. Red flag — produced 1,601 units more than ordered. Investigate planning breakdown.",Ops accepted Sales forecast in full. No capacity gap at plan stage.,,,,,,,,,67240.0,,2000.0,,67240.0
SSWD-12mm,WP M01 B01 J110A (OEM),Regular,100.0,100.0,,100.0,,100%,334.0,,,303.0,31.0,MTO,,0.0%,31.0,,31.0,100.0,31.0,,,69.0,,234.0,,Short Delivery | Forecast Bullseye,Dispatch 0% of committed (0 vs 100). MTO item — demand is order-driven. Forecast hit dead-on (0% variance) — strong demand sensing. Action: recover shortfall of 100 units.,Production Shortfall,Produced 0 units against committed 100 units. Shortfall of 69 units — expedite production or procure.,Ops accepted Sales forecast in full. No capacity gap at plan stage.,,2235.12,,,1017.75,457.25,,,,,,,
SSWD-12mm,WP M01 B01 J110A WH,Regular,,,,,,,,,3503.0,3200.0,303.0,MTO,3200.0,,-2897.0,,,,,,,,,,3200.0,Forecast Bullseye,"Dispatch 3,200 units (no committed demand). MTO item — demand is order-driven. Forecast hit dead-on (0% variance) — strong demand sensing. Action: review over-commit of 3,200 units.",Healthy Stock,Produced 0 units against committed 0 units.,Ops accepted Sales forecast in full. No capacity gap at plan stage.,,,,,,,,,47200.0,,3200.0,,47200.0
SSWD-12mm Jumbo,WP M01 B01 J12 WH,Regular,600.0,600.0,,600.0,,100%,,1025.0,1000.0,1000.0,1025.0,MTO,1000.0,166.7%,25.0,,25.0,,,,,,425.0,,400.0,Over-Delivered | Forecast Bullseye,"Dispatch 167% of committed (1,000 vs 600). MTO item — demand is order-driven. Forecast hit dead-on (0% variance) — strong demand sensing. Action: review over-commit of 400 units.",Over-Production,"Produced 1,025 units against committed 600 units. Red flag — produced 425 units more than ordered. Investigate planning breakdown.",Ops accepted Sales forecast in full. No capacity gap at plan stage.,,,600.0,600.0,,,,,13448.0,,400.0,,13448.0
SSWD-12mm Jumbo,WP M01 B01 J13 OEM,Regular,,,,,,,41.0,,,25.0,16.0,MTO,,,16.0,,16.0,,,,,,,41.0,,Forecast Bullseye,Dispatch 0 units (no committed demand). MTO item — demand is order-driven. Forecast hit dead-on (0% variance) — strong demand sensing. No open commitment gap.,Unsold MTO Stock,Produced 0 units against committed 0 units.,Ops accepted Sales forecast in full. No capacity gap at plan stage.,,878.63,,,,,,,,,,,
SSWD-12mm Jumbo,WP M01 B01 J13 WH,Regular,1000.0,1000.0,,1000.0,,100%,,,325.0,300.0,25.0,MTO,300.0,30.0%,-275.0,,,700.0,,,,700.0,,,,Short Delivery | Forecast Bullseye,"Dispatch 30% of committed (300 vs 1,000). MTO item — demand is order-driven. Forecast hit dead-on (0% variance) — strong demand sensing. Action: recover shortfall of 700 units.",Production Shortfall,"Produced 0 units against committed 1,000 units. Shortfall of 975 units — expedite production or procure.",Ops accepted Sales forecast in full. No capacity gap at plan stage.,,,1000.0,,23534.0,,,,,,,,
SS304-2,WP M01 B01 J135A AIC,Regular,,,,,,,250.0,,,,250.0,MTO,,,250.0,,250.0,,,,,,,250.0,,Forecast Bullseye,Dispatch 0 units (no committed demand). MTO item — demand is order-driven. Forecast hit dead-on (0% variance) — strong demand sensing. No open commitment gap.,Unsold MTO Stock,Produced 0 units against committed 0 units.,Ops accepted Sales forecast in full. No capacity gap at plan stage.,,250.0,,,,,,,,,,,
SSWD-12mm,WP M01 B01 J137S OEM,Regular,,,,,,,12098.0,,,,12098.0,MTO,2000.0,,10098.0,,10098.0,,,,,,,12098.0,2000.0,Forecast Bullseye,"Dispatch 2,000 units (no committed demand). MTO item — demand is order-driven. Forecast hit dead-on (0% variance) — strong demand sensing. Action: review over-commit of 2,000 units.",Unsold MTO Stock,Produced 0 units against committed 0 units.,Ops accepted Sales forecast in full. No capacity gap at plan stage.,,242201.96,,,,,,,29500.0,2000.0,,29500.0,
SSWD-12mm,WP M01 B01 J137S WH,Regular,59000.0,59000.0,,59000.0,,100%,,69600.0,86400.0,86400.0,69600.0,MTS,88000.0,149.2%,-18400.0,64800.0,,,,,,,,,29000.0,Over-Delivered | Forecast Bullseye,"Dispatch 149% of committed (88,000 vs 59,000). MTS item — buffer stock + green level matters. Forecast hit dead-on (0% variance) — strong demand sensing. Action: review over-commit of 29,000 units.",Stock-Out Risk,"Produced 69,600 units against committed 59,000 units. Closing -18,400 units. Green level 64,800 (-0.3x cover) — ⚠ Safety breach — replenish urgently.",Ops accepted Sales forecast in full. No capacity gap at plan stage.,,,123800.0,69600.0,,,,,427750.0,,29000.0,,427750.0
SSWD-12mm,WP M01 B01 J14 (70-356) OEM,Regular,50000.0,50000.0,,50000.0,,100%,508.0,55000.0,,,55508.0,MTS,40000.0,80.0%,15508.0,23500.0,,10000.0,10000.0,,,,,,,Short Delivery | Forecast Bullseye,"Dispatch 80% of committed (40,000 vs 50,000). MTS item — buffer stock + green level matters. Forecast hit dead-on (0% variance) — strong demand sensing. Action: recover shortfall of 10,000 units.",Below Safety,"Produced 55,000 units against committed 50,000 units. Closing 15,508 units. Green level 23,500 (0.7x cover) — ⚠ Safety breach — replenish urgently.",Ops accepted Sales forecast in full. No capacity gap at plan stage.,,,72992.0,55000.0,,147500.0,,,,,,,
SSWD-12mm,WP M01 B01 J14 WH,Regular,,,,,,,,,450.0,450.0,,MTO,450.0,,-450.0,,,,,,,,,,450.0,Forecast Bullseye,Dispatch 450 units (no committed demand). MTO item — demand is order-driven. Forecast hit dead-on (0% variance) — strong demand sensing. Action: review over-commit of 450 units.,Healthy Stock,Produced 0 units against committed 0 units.,Ops accepted Sales forecast in full. No capacity gap at plan stage.,,,,,,,,,6637.5,,450.0,,6637.5
SSWD-12mm,WP M01 B01 J140A OEM,Regular,,,,,,,2226.0,20.0,,,2246.0,MTO,,,2246.0,,2246.0,,,,,,20.0,2226.0,,Forecast Bullseye,Dispatch 0 units (no committed demand). MTO item — demand is order-driven. Forecast hit dead-on (0% variance) — strong demand sensing. No open commitment gap.,Over-Production,Produced 20 units against committed 0 units. Red flag — produced 20 units more than ordered. Investigate planning breakdown.,Ops accepted Sales forecast in full. No capacity gap at plan stage.,234.29,26076.05,,,,,,,,,,,
SSWD-12mm,WP M01 B01 J140A WH,Regular,3200.0,3200.0,,3200.0,,100%,,9655.0,8000.0,8000.0,9655.0,MTO,9600.0,300.0%,55.0,,55.0,,,,,,6455.0,,6400.0,Over-Delivered | Forecast Bullseye,"Dispatch 300% of committed (9,600 vs 3,200). MTO item — demand is order-driven. Forecast hit dead-on (0% variance) — strong demand sensing. Action: review over-commit of 6,400 units.",Over-Production,"Produced 9,655 units against committed 3,200 units. Red flag — produced 6,455 units more than ordered. Investigate planning breakdown.",Ops accepted Sales forecast in full. No capacity gap at plan stage.,,,3200.0,3200.0,,,,,94400.0,,6400.0,,94400.0
SSWD-12mm Jumbo,WP M01 B01 J15 WH,Regular,300.0,300.0,,300.0,,100%,,400.0,450.0,450.0,400.0,MTO,450.0,150.0%,-50.0,,,,,,,,100.0,,150.0,Over-Delivered | Forecast Bullseye,Dispatch 150% of committed (450 vs 300). MTO item — demand is order-driven. Forecast hit dead-on (0% variance) — strong demand sensing. Action: review over-commit of 150 units.,Over-Production,Produced 400 units against committed 300 units. Red flag — produced 100 units more than ordered. Investigate planning breakdown.,Ops accepted Sales forecast in full. No capacity gap at plan stage.,,,300.0,300.0,,,,,5043.0,,150.0,,5043.0
SS304-2,WP M01 B01 J150A OEM,Regular,,,,,,,1149.0,,,,1149.0,MTO,,,1149.0,,1149.0,,,,,,,1149.0,,Forecast Bullseye,Dispatch 0 units (no committed demand). MTO item — demand is order-driven. Forecast hit dead-on (0% variance) — strong demand sensing. No open commitment gap.,Unsold MTO Stock,Produced 0 units against committed 0 units.,Ops accepted Sales forecast in full. No capacity gap at plan stage.,,13718.77,,,,,,,,,,,
SS304-2,WP M01 B01 J150A RCM,Regular,,,,,,,450.0,,,,450.0,MTO,,,450.0,,450.0,,,,,,,450.0,,Forecast Bullseye,Dispatch 0 units (no committed demand). MTO item — demand is order-driven. Forecast hit dead-on (0% variance) — strong demand sensing. No open commitment gap.,Unsold MTO Stock,Produced 0 units against committed 0 units.,Ops accepted Sales forecast in full. No capacity gap at plan stage.,,450.0,,,,,,,,,,,
SSWD-12mm,WP M01 B01 J150A WH,Regular,,,,,,,,,400.0,400.0,,MTO,400.0,,-400.0,,,,,,,,,,400.0,Forecast Bullseye,Dispatch 400 units (no committed demand). MTO item — demand is order-driven. Forecast hit dead-on (0% variance) — strong demand sensing. Action: review over-commit of 400 units.,Healthy Stock,Produced 0 units against committed 0 units.,Ops accepted Sales forecast in full. No capacity gap at plan stage.,,,,,,,,,5900.0,,400.0,,5900.0
SSWD-12mm Jumbo,WP M01 B01 J16 WH,Regular,,,,,,,,75.0,100.0,100.0,75.0,MTO,100.0,,-25.0,,,,,,,,75.0,,100.0,Forecast Bullseye,Dispatch 100 units (no committed demand). MTO item — demand is order-driven. Forecast hit dead-on (0% variance) — strong demand sensing. Action: review over-commit of 100 units.,Over-Production,Produced 75 units against committed 0 units. Red flag — produced 75 units more than ordered. Investigate planning breakdown.,Ops accepted Sales forecast in full. No capacity gap at plan stage.,,,,,,,,,3362.0,,100.0,,3362.0
SSWD-12mm Jumbo,WP M01 B01 J18 WH,Regular,200.0,200.0,,200.0,,100%,,230.0,300.0,300.0,230.0,MTO,300.0,150.0%,-70.0,,,,,,,,30.0,,100.0,Over-Delivered | Forecast Bullseye,Dispatch 150% of committed (300 vs 200). MTO item — demand is order-driven. Forecast hit dead-on (0% variance) — strong demand sensing. Action: review over-commit of 100 units.,Over-Production,Produced 230 units against committed 200 units. Red flag — produced 30 units more than ordered. Investigate planning breakdown.,Ops accepted Sales forecast in full. No capacity gap at plan stage.,,,200.0,200.0,,,,,3362.0,,100.0,,3362.0
SS304-1,WP M01 B01 J1A (OEM),Regular,1800.0,1800.0,,1800.0,,100%,43009.0,,,,43009.0,MTO,,0.0%,43009.0,,43009.0,1800.0,1800.0,,,,,41209.0,,Short Delivery | Forecast Bullseye,"Dispatch 0% of committed (0 vs 1,800). MTO item — demand is order-driven. Forecast hit dead-on (0% variance) — strong demand sensing. Action: recover shortfall of 1,800 units.",Healthy Stock,"Produced 0 units against committed 1,800 units.",Ops accepted Sales forecast in full. No capacity gap at plan stage.,,216454.39,,,,,,,,,,,
SSWD-12mm,WP M01 B01 J1A WH,Regular,86000.0,86000.0,,86000.0,,100%,,128676.0,134000.0,134000.0,128676.0,MTS,134000.0,155.8%,-5324.0,82000.0,,,,,,,,,48000.0,Over-Delivered | Forecast Bullseye,"Dispatch 156% of committed (134,000 vs 86,000). MTS item — buffer stock + green level matters. Forecast hit dead-on (0% variance) — strong demand sensing. Action: review over-commit of 48,000 units.",Stock-Out Risk,"Produced 128,676 units against committed 86,000 units. Closing -5,324 units. Green level 82,000 (-0.1x cover) — ⚠ Safety breach — replenish urgently.",Ops accepted Sales forecast in full. No capacity gap at plan stage.,,,168000.0,128676.0,,,,,708000.0,,48000.0,,708000.0
SSWD-12mm,WP M01 B01 J1X (OEM),Regular,31200.0,31200.0,,31200.0,,100%,9000.0,68600.0,,,77600.0,MTS,22000.0,70.5%,55600.0,37833.33,17766.67,9200.0,9200.0,,,,8566.67,,,Short Delivery | Forecast Bullseye,"Dispatch 71% of committed (22,000 vs 31,200). MTS item — buffer stock + green level matters. Forecast hit dead-on (0% variance) — strong demand sensing. Action: recover shortfall of 9,200 units.",Production Surplus,"Produced 68,600 units against committed 31,200 units.",Ops accepted Sales forecast in full. No capacity gap at plan stage.,51674.48,,60033.33,60033.33,,135700.0,,,,,,,
SSWD-12mm,WP M01 B01 J1X (OEM)1,Regular,2300.0,2300.0,,2300.0,,100%,,,,,,MTO,,0.0%,0.0,,,2300.0,,,,2300.0,,,,Short Delivery | Forecast Bullseye,"Dispatch 0% of committed (0 vs 2,300). MTO item — demand is order-driven. Forecast hit dead-on (0% variance) — strong demand sensing. Action: recover shortfall of 2,300 units.",Production Shortfall,"Produced 0 units against committed 2,300 units. Shortfall of 2,300 units — expedite production or procure.",Ops accepted Sales forecast in full. No capacity gap at plan stage.,,,2300.0,,33925.0,,,,,,,,
SSWD-12mm,WP M01 B01 J1X WH,Regular,50000.0,50000.0,,50000.0,,100%,,78998.0,57600.0,57600.0,78998.0,MTS,57600.0,115.2%,21398.0,59200.0,,,,,,,,,7600.0,Over-Delivered | Forecast Bullseye,"Dispatch 115% of committed (57,600 vs 50,000). MTS item — buffer stock + green level matters. Forecast hit dead-on (0% variance) — strong demand sensing. Action: review over-commit of 7,600 units.",Stock-Out Risk,"Produced 78,998 units against committed 50,000 units. Closing 21,398 units. Green level 59,200 (0.4x cover) — ⚠ Safety breach — replenish urgently.",Ops accepted Sales forecast in full. No capacity gap at plan stage.,,,109200.0,78998.0,,,,,112100.0,,7600.0,,112100.0
SSWD-12mm,WP M01 B01 J1X WH1,Regular,92000.0,92000.0,,92000.0,,100%,,100000.0,101800.0,101800.0,100000.0,MTO,102000.0,110.9%,-2000.0,,,,,,,,8000.0,,10000.0,Over-Delivered | Forecast Bullseye,"Dispatch 111% of committed (102,000 vs 92,000). MTO item — demand is order-driven. Forecast hit dead-on (0% variance) — strong demand sensing. Action: review over-commit of 10,000 units.",Over-Production,"Produced 100,000 units against committed 92,000 units. Red flag — produced 8,000 units more than ordered. Investigate planning breakdown.",Ops accepted Sales forecast in full. No capacity gap at plan stage.,,,92000.0,92000.0,,,,,147500.0,,10000.0,,147500.0
SS304-2,WP M01 B01 J2 OEM,Regular,,,,,,,571.0,,,,571.0,MTO,,,571.0,,571.0,,,,,,,571.0,,Forecast Bullseye,Dispatch 0 units (no committed demand). MTO item — demand is order-driven. Forecast hit dead-on (0% variance) — strong demand sensing. No open commitment gap.,Unsold MTO Stock,Produced 0 units against committed 0 units.,Ops accepted Sales forecast in full. No capacity gap at plan stage.,,3844.7,,,,,,,,,,,
SSWD-12mm,WP M01 B01 J2 WH,Regular,16000.0,16000.0,,16000.0,,100%,,20550.0,21600.0,21600.0,20550.0,MTS,21600.0,135.0%,-1050.0,19333.33,,,,,,,,,5600.0,Over-Delivered | Forecast Bullseye,"Dispatch 135% of committed (21,600 vs 16,000). MTS item — buffer stock + green level matters. Forecast hit dead-on (0% variance) — strong demand sensing. Action: review over-commit of 5,600 units.",Stock-Out Risk,"Produced 20,550 units against committed 16,000 units. Closing -1,050 units. Green level 19,333 (-0.1x cover) — ⚠ Safety breach — replenish urgently.",Ops accepted Sales forecast in full. No capacity gap at plan stage.,,,35333.33,20550.0,,,,,82600.0,,5600.0,,82600.0
SSWD-12mm Jumbo,WP M01 B01 J20 WH,Regular,,,,,,,,124.0,100.0,100.0,124.0,MTO,100.0,,24.0,,24.0,,,,,,124.0,,100.0,Forecast Bullseye,Dispatch 100 units (no committed demand). MTO item — demand is order-driven. Forecast hit dead-on (0% variance) — strong demand sensing. Action: review over-commit of 100 units.,Over-Production,Produced 124 units against committed 0 units. Red flag — produced 124 units more than ordered. Investigate planning breakdown.,Ops accepted Sales forecast in full. No capacity gap at plan stage.,,,,,,,,,3362.0,,100.0,,3362.0
SS304-2,WP M01 B01 J203A AIC,Regular,,,,,,,1313.0,,,,1313.0,MTO,,,1313.0,,1313.0,,,,,,,1313.0,,Forecast Bullseye,Dispatch 0 units (no committed demand). MTO item — demand is order-driven. Forecast hit dead-on (0% variance) — strong demand sensing. No open commitment gap.,Unsold MTO Stock,Produced 0 units against committed 0 units.,Ops accepted Sales forecast in full. No capacity gap at plan stage.,,18770.28,,,,,,,,,,,
SSWD-12mm Jumbo,WP M01 B01 J22 WH,Regular,,,,,,,,1750.0,200.0,200.0,1750.0,TBC,200.0,,1550.0,,1550.0,,,,,,1750.0,,200.0,Forecast Bullseye,Dispatch 200 units (no committed demand). Forecast hit dead-on (0% variance) — strong demand sensing. Action: review over-commit of 200 units.,Healthy Stock,"Produced 1,750 units against committed 0 units.",Ops accepted Sales forecast in full. No capacity gap at plan stage.,,,,,,,,,6724.0,,200.0,,6724.0
SS304-2,WP M01 B01 J250A AI,Regular,,,,,,,150.0,,,,150.0,MTO,,,150.0,,150.0,,,,,,,150.0,,Forecast Bullseye,Dispatch 0 units (no committed demand). MTO item — demand is order-driven. Forecast hit dead-on (0% variance) — strong demand sensing. No open commitment gap.,Unsold MTO Stock,Produced 0 units against committed 0 units.,Ops accepted Sales forecast in full. No capacity gap at plan stage.,,4455.0,,,,,,,,,,,
SSWD-12mm Jumbo,WP M01 B01 J26 WH,Regular,,,,,,,,1000.0,100.0,100.0,1000.0,MTO,100.0,,900.0,,900.0,,,,,,1000.0,,100.0,Forecast Bullseye,Dispatch 100 units (no committed demand). MTO item — demand is order-driven. Forecast hit dead-on (0% variance) — strong demand sensing. Action: review over-commit of 100 units.,Over-Production,"Produced 1,000 units against committed 0 units. Red flag — produced 1,000 units more than ordered. Investigate planning breakdown.",Ops accepted Sales forecast in full. No capacity gap at plan stage.,,,,,,,,,3362.0,,100.0,,3362.0
SSWD-12mm,WP M01 B01 J2A (OEM),Regular,3900.0,3900.0,,3900.0,,100%,3211.0,1250.0,,,4461.0,MTO,,0.0%,4461.0,,4461.0,3900.0,3900.0,,,,561.0,,,Short Delivery | Forecast Bullseye,"Dispatch 0% of committed (0 vs 3,900). MTO item — demand is order-driven. Forecast hit dead-on (0% variance) — strong demand sensing. Action: recover shortfall of 3,900 units.",Over-Production,"Produced 1,250 units against committed 3,900 units. Red flag — produced 561 units more than ordered. Investigate planning breakdown.",Ops accepted Sales forecast in full. No capacity gap at plan stage.,3635.06,,689.0,689.0,,57525.0,,,,,,,
SSWD-12mm,WP M01 B01 J2A WH,Regular,51000.0,51000.0,,51000.0,,100%,,67250.0,82000.0,82000.0,67250.0,MTS,82000.0,160.8%,-14750.0,56833.33,,,,,,,,,31000.0,Over-Delivered | Forecast Bullseye,"Dispatch 161% of committed (82,000 vs 51,000). MTS item — buffer stock + green level matters. Forecast hit dead-on (0% variance) — strong demand sensing. Action: review over-commit of 31,000 units.",Stock-Out Risk,"Produced 67,250 units against committed 51,000 units. Closing -14,750 units. Green level 56,833 (-0.3x cover) — ⚠ Safety breach — replenish urgently.",Ops accepted Sales forecast in full. No capacity gap at plan stage.,,,107833.33,67250.0,,,,,457250.0,,31000.0,,457250.0
SSWD-12mm,WP M01 B01 J2X (OEM),Regular,300.0,300.0,,300.0,,100%,1874.0,350.0,,300.0,1924.0,MTO,,0.0%,1924.0,,1924.0,300.0,300.0,,,,350.0,1574.0,,Short Delivery | Forecast Bullseye,Dispatch 0% of committed (0 vs 300). MTO item — demand is order-driven. Forecast hit dead-on (0% variance) — strong demand sensing. Action: recover shortfall of 300 units.,Over-Production,Produced 350 units against committed 300 units. Red flag — produced 350 units more than ordered. Investigate planning breakdown.,Ops accepted Sales forecast in full. No capacity gap at plan stage.,2708.06,12178.53,,,,4425.0,,,,,,,
SSWD-12mm,WP M01 B01 J2X (OEM)1,Regular,1400.0,1400.0,,1400.0,,100%,,,300.0,,300.0,MTO,300.0,21.4%,0.0,,,1100.0,,,,1100.0,,,,Short Delivery | Forecast Bullseye,"Dispatch 21% of committed (300 vs 1,400). MTO item — demand is order-driven. Forecast hit dead-on (0% variance) — strong demand sensing. Action: recover shortfall of 1,100 units.",Production Shortfall,"Produced 0 units against committed 1,400 units. Shortfall of 1,100 units — expedite production or procure.",Ops accepted Sales forecast in full. No capacity gap at plan stage.,,,1400.0,,16225.0,,,,,,,,
SSWD-12mm,WP M01 B01 J2X WH,Regular,62000.0,62000.0,,62000.0,,100%,,77550.0,72600.0,72600.0,77550.0,MTS,72800.0,117.4%,4750.0,71866.67,,,,,,,,,10800.0,Over-Delivered | Forecast Bullseye,"Dispatch 117% of committed (72,800 vs 62,000). MTS item — buffer stock + green level matters. Forecast hit dead-on (0% variance) — strong demand sensing. Action: review over-commit of 10,800 units.",Stock-Out Risk,"Produced 77,550 units against committed 62,000 units. Closing 4,750 units. Green level 71,867 (0.1x cover) — ⚠ Safety breach — replenish urgently.",Ops accepted Sales forecast in full. No capacity gap at plan stage.,,,133866.67,77550.0,,,,,159300.0,,10800.0,,159300.0
SSWD-12mm,WP M01 B01 J2X WH1,Regular,21000.0,21000.0,,21000.0,,100%,,78700.0,57500.0,57500.0,78700.0,MTO,57500.0,273.8%,21200.0,,21200.0,,,,,,57700.0,,36500.0,Over-Delivered | Forecast Bullseye,"Dispatch 274% of committed (57,500 vs 21,000). MTO item — demand is order-driven. Forecast hit dead-on (0% variance) — strong demand sensing. Action: review over-commit of 36,500 units.",Over-Production,"Produced 78,700 units against committed 21,000 units. Red flag — produced 57,700 units more than ordered. Investigate planning breakdown.",Ops accepted Sales forecast in full. No capacity gap at plan stage.,,,21000.0,21000.0,,,,,538375.0,,36500.0,,538375.0
SSWD-12mm,WP M01 B01 J3 (OEM),Regular,10200.0,10200.0,,10200.0,,100%,9237.0,9050.0,,,18287.0,MTS,9000.0,88.2%,9287.0,5625.0,3662.0,1200.0,1200.0,,,,2462.0,,,Short Delivery | Forecast Bullseye,"Dispatch 88% of committed (9,000 vs 10,200). MTS item — buffer stock + green level matters. Forecast hit dead-on (0% variance) — strong demand sensing. Action: recover shortfall of 1,200 units.",Production Surplus,"Produced 9,050 units against committed 10,200 units.",Ops accepted Sales forecast in full. No capacity gap at plan stage.,18405.44,,6588.0,6588.0,,17700.0,,,,,,,
SSWD-12mm,WP M01 B01 J3 WH,Regular,28000.0,28000.0,,28000.0,,100%,,34500.0,50000.0,50000.0,34500.0,MTS,50000.0,178.6%,-15500.0,31533.33,,,,,,,,,22000.0,Over-Delivered | Forecast Bullseye,"Dispatch 179% of committed (50,000 vs 28,000). MTS item — buffer stock + green level matters. Forecast hit dead-on (0% variance) — strong demand sensing. Action: review over-commit of 22,000 units.",Stock-Out Risk,"Produced 34,500 units against committed 28,000 units. Closing -15,500 units. Green level 31,533 (-0.5x cover) — ⚠ Safety breach — replenish urgently.",Ops accepted Sales forecast in full. No capacity gap at plan stage.,,,59533.33,34500.0,,,,,324500.0,,22000.0,,324500.0
SSWD-12mm,WP M01 B01 J3X (OEM),Regular,1300.0,1300.0,,1300.0,,100%,2983.0,,,,2983.0,MTO,1000.0,76.9%,1983.0,,1983.0,300.0,300.0,,,,,1683.0,,Short Delivery | Forecast Bullseye,"Dispatch 77% of committed (1,000 vs 1,300). MTO item — demand is order-driven. Forecast hit dead-on (0% variance) — strong demand sensing. Action: recover shortfall of 300 units.",Healthy Stock,"Produced 0 units against committed 1,300 units.",Ops accepted Sales forecast in full. No capacity gap at plan stage.,,13373.67,,,,4425.0,,,,,,,
SSWD-12mm,WP M01 B01 J3X WH,Regular,25000.0,25000.0,,25000.0,,100%,,39470.0,46220.0,46220.0,39470.0,MTS,46620.0,186.5%,-7150.0,30200.0,,,,,,,,,21620.0,Over-Delivered | Forecast Bullseye,"Dispatch 186% of committed (46,620 vs 25,000). MTS item — buffer stock + green level matters. Forecast hit dead-on (0% variance) — strong demand sensing. Action: review over-commit of 21,620 units.",Stock-Out Risk,"Produced 39,470 units against committed 25,000 units. Closing -7,150 units. Green level 30,200 (-0.2x cover) — ⚠ Safety breach — replenish urgently.",Ops accepted Sales forecast in full. No capacity gap at plan stage.,,,55200.0,39470.0,,,,,318895.0,,21620.0,,318895.0
SSWD-12mm,WP M01 B01 J4 (OEM),Regular,2300.0,2300.0,,2300.0,,100%,34.0,,,,34.0,MTO,2300.0,100.0%,-2266.0,,,,,,,,,,,On Target | Forecast Bullseye,"Dispatch 100% of committed (2,300 vs 2,300). MTO item — demand is order-driven. Forecast hit dead-on (0% variance) — strong demand sensing. No open commitment gap.",Production Shortfall,"Produced 0 units against committed 2,300 units. Shortfall of 2,266 units — expedite production or procure.",Ops accepted Sales forecast in full. No capacity gap at plan stage.,,,2266.0,,,,,,,,,,
SSWD-12mm,WP M01 B01 J4 WH,Regular,11000.0,11000.0,,11000.0,,100%,,14550.0,14400.0,14400.0,14550.0,MTS,16000.0,145.5%,-1450.0,10466.67,,,,,,,,,5000.0,Over-Delivered | Forecast Bullseye,"Dispatch 145% of committed (16,000 vs 11,000). MTS item — buffer stock + green level matters. Forecast hit dead-on (0% variance) — strong demand sensing. Action: review over-commit of 5,000 units.",Stock-Out Risk,"Produced 14,550 units against committed 11,000 units. Closing -1,450 units. Green level 10,467 (-0.1x cover) — ⚠ Safety breach — replenish urgently.",Ops accepted Sales forecast in full. No capacity gap at plan stage.,,,21466.67,14550.0,,,,,73750.0,,5000.0,,73750.0
SSWD-12mm,WP M01 B01 J45A OEM,Regular,1800.0,1800.0,,1800.0,,100%,,,3.0,,3.0,MTO,3.0,0.2%,0.0,,,1797.0,,,,1797.0,,,,Short Delivery | Forecast Bullseye,"Dispatch 0% of committed (3 vs 1,800). MTO item — demand is order-driven. Forecast hit dead-on (0% variance) — strong demand sensing. Action: recover shortfall of 1,797 units.",Production Shortfall,"Produced 0 units against committed 1,800 units. Shortfall of 1,797 units — expedite production or procure.",Ops accepted Sales forecast in full. No capacity gap at plan stage.,,,1800.0,,26505.75,,,,,,,,
SSWD-12mm,WP M01 B01 J45A WH,Regular,35000.0,35000.0,,35000.0,,100%,,73000.0,60000.0,60003.0,72997.0,MTS,60800.0,173.7%,12197.0,44400.0,,,,,,,,,25800.0,Over-Delivered | Forecast Bullseye,"Dispatch 174% of committed (60,800 vs 35,000). MTS item — buffer stock + green level matters. Forecast hit dead-on (0% variance) — strong demand sensing. Action: review over-commit of 25,800 units.",Stock-Out Risk,"Produced 73,000 units against committed 35,000 units. Closing 12,197 units. Green level 44,400 (0.3x cover) — ⚠ Safety breach — replenish urgently.",Ops accepted Sales forecast in full. No capacity gap at plan stage.,,,79400.0,73000.0,,,,,380550.0,,25800.0,,380550.0
SSWD-12mm,WP M01 B01 J4X (OEM),Regular,1000.0,1000.0,,1000.0,,100%,732.0,500.0,,200.0,1032.0,MTO,500.0,50.0%,532.0,,532.0,500.0,500.0,,,,232.0,,,Short Delivery | Forecast Bullseye,"Dispatch 50% of committed (500 vs 1,000). MTO item — demand is order-driven. Forecast hit dead-on (0% variance) — strong demand sensing. Action: recover shortfall of 500 units.",Over-Production,"Produced 500 units against committed 1,000 units. Red flag — produced 232 units more than ordered. Investigate planning breakdown.",Ops accepted Sales forecast in full. No capacity gap at plan stage.,2029.09,,268.0,268.0,,7375.0,,,,,,,
,WP M01 B01 J4X KION,Regular,,,,,,,50.0,,,,50.0,TBC,,,50.0,,50.0,,,,,,,50.0,,Forecast Bullseye,Dispatch 0 units (no committed demand). Forecast hit dead-on (0% variance) — strong demand sensing. No open commitment gap.,Healthy Stock,Produced 0 units against committed 0 units.,Ops accepted Sales forecast in full. No capacity gap at plan stage.,,1950.0,,,,,,,,,,,
SSWD-12mm,WP M01 B01 J4X WH,Regular,20000.0,20000.0,,20000.0,,100%,,9850.0,17400.0,17200.0,10050.0,MTS,17200.0,86.0%,-7150.0,27000.0,,2800.0,,,,2800.0,,,,Short Delivery | Forecast Bullseye,"Dispatch 86% of committed (17,200 vs 20,000). MTS item — buffer stock + green level matters. Forecast hit dead-on (0% variance) — strong demand sensing. Action: recover shortfall of 2,800 units.",Production Shortfall | Stock-Out Risk,"Produced 9,850 units against committed 20,000 units. Shortfall of 9,950 units — expedite production or procure. Closing -7,150 units. Green level 27,000 (-0.3x cover) — ⚠ Safety breach — replenish urgently.",Ops accepted Sales forecast in full. No capacity gap at plan stage.,,,47000.0,9850.0,41300.0,,,,,,,,
SSWD-12mm,WP M01 B01 J5 OEM,Regular,800.0,800.0,,800.0,,100%,3324.0,,,,3324.0,MTO,1000.0,125.0%,2324.0,,2324.0,,,,,,,2524.0,200.0,Over-Delivered | Forecast Bullseye,"Dispatch 125% of committed (1,000 vs 800). MTO item — demand is order-driven. Forecast hit dead-on (0% variance) — strong demand sensing. Action: review over-commit of 200 units.",Unsold MTO Stock,Produced 0 units against committed 800 units.,Ops accepted Sales forecast in full. No capacity gap at plan stage.,,25054.92,,,,,,,2950.0,200.0,,2950.0,
SSWD-12mm,WP M01 B01 J5 WH,Regular,,,,,,,,2050.0,3200.0,3200.0,2050.0,MTO,3200.0,,-1150.0,,,,,,,,2050.0,,3200.0,Forecast Bullseye,"Dispatch 3,200 units (no committed demand). MTO item — demand is order-driven. Forecast hit dead-on (0% variance) — strong demand sensing. Action: review over-commit of 3,200 units.",Over-Production,"Produced 2,050 units against committed 0 units. Red flag — produced 2,050 units more than ordered. Investigate planning breakdown.",Ops accepted Sales forecast in full. No capacity gap at plan stage.,,,,,,,,,47200.0,,3200.0,,47200.0
SSWD-12mm,WP M01 B01 J575S,Regular,,,,,,,2627.0,50.0,,,2677.0,MTO,,,2677.0,,2677.0,,,,,,50.0,2627.0,,Forecast Bullseye,Dispatch 0 units (no committed demand). MTO item — demand is order-driven. Forecast hit dead-on (0% variance) — strong demand sensing. No open commitment gap.,Over-Production,Produced 50 units against committed 0 units. Red flag — produced 50 units more than ordered. Investigate planning breakdown.,Ops accepted Sales forecast in full. No capacity gap at plan stage.,794.47,41741.69,,,,,,,,,,,
SSWD-12mm,WP M01 B01 J575S WH,Regular,,,,,,,,800.0,2800.0,2800.0,800.0,MTS,2800.0,,-2000.0,3000.0,,,,,,,,,2800.0,Forecast Bullseye,"Dispatch 2,800 units (no committed demand). MTS item — buffer stock + green level matters. Forecast hit dead-on (0% variance) — strong demand sensing. Action: review over-commit of 2,800 units.",Stock-Out Risk,"Produced 800 units against committed 0 units. Closing -2,000 units. Green level 3,000 (-0.7x cover) — ⚠ Safety breach — replenish urgently.",Ops accepted Sales forecast in full. No capacity gap at plan stage.,,,3000.0,800.0,,,,,41300.0,,2800.0,,41300.0
SSWD-12mm,WP M01 B01 J575S WH1,Regular,19500.0,19500.0,,19500.0,,100%,,14000.0,13500.0,13500.0,14000.0,MTO,13500.0,69.2%,500.0,,500.0,6000.0,500.0,,,5500.0,,,,Short Delivery | Forecast Bullseye,"Dispatch 69% of committed (13,500 vs 19,500). MTO item — demand is order-driven. Forecast hit dead-on (0% variance) — strong demand sensing. Action: recover shortfall of 6,000 units.",Production Shortfall,"Produced 14,000 units against committed 19,500 units. Shortfall of 5,500 units — expedite production or procure.",Ops accepted Sales forecast in full. No capacity gap at plan stage.,,,19500.0,14000.0,81125.0,7375.0,,,,,,,
SS304-2,WP M01 B01 J5X OEM,Regular,,,,,,,64.0,,,,64.0,MTO,,,64.0,,64.0,,,,,,,64.0,,Forecast Bullseye,Dispatch 0 units (no committed demand). MTO item — demand is order-driven. Forecast hit dead-on (0% variance) — strong demand sensing. No open commitment gap.,Unsold MTO Stock,Produced 0 units against committed 0 units.,Ops accepted Sales forecast in full. No capacity gap at plan stage.,,64.0,,,,,,,,,,,
SSWD-12mm,WP M01 B01 J5X WH,Regular,,,,,,,,10350.0,9600.0,9600.0,10350.0,MTS,10000.0,,350.0,8133.33,,,,,,,2216.67,,10000.0,Forecast Bullseye,"Dispatch 10,000 units (no committed demand). MTS item — buffer stock + green level matters. Forecast hit dead-on (0% variance) — strong demand sensing. Action: review over-commit of 10,000 units.",Stock-Out Risk | Production Surplus,"Produced 10,350 units against committed 0 units. Closing 350 units. Green level 8,133 (0.0x cover) — ⚠ Safety breach — replenish urgently.",Ops accepted Sales forecast in full. No capacity gap at plan stage.,,,8133.33,8133.33,,,,,147500.0,,10000.0,,147500.0
,WP M01 B01 J5X YCA,Regular,,,,,,,4.0,,,,4.0,TBC,,,4.0,,4.0,,,,,,,4.0,,Forecast Bullseye,Dispatch 0 units (no committed demand). Forecast hit dead-on (0% variance) — strong demand sensing. No open commitment gap.,Healthy Stock,Produced 0 units against committed 0 units.,Ops accepted Sales forecast in full. No capacity gap at plan stage.,,41.03,,,,,,,,,,,
SSWD-12mm,WP M01 B01 J6 (OEM),Regular,,,,,,,2184.0,,,2130.0,54.0,MTO,,,54.0,,54.0,,,,,,,2184.0,,Forecast Bullseye,Dispatch 0 units (no committed demand). MTO item — demand is order-driven. Forecast hit dead-on (0% variance) — strong demand sensing. No open commitment gap.,Unsold MTO Stock,Produced 0 units against committed 0 units.,Ops accepted Sales forecast in full. No capacity gap at plan stage.,,23482.04,,,,,,,,,,,
SSWD-12mm,WP M01 B01 J6 FIT,Regular,,,,,,,8055.0,18450.0,,,26505.0,MTS,12000.0,,14505.0,10500.0,4005.0,,,,,,16005.0,,12000.0,Forecast Bullseye,"Dispatch 12,000 units (no committed demand). MTS item — buffer stock + green level matters. Forecast hit dead-on (0% variance) — strong demand sensing. Action: review over-commit of 12,000 units.",Production Surplus,"Produced 18,450 units against committed 0 units.",Ops accepted Sales forecast in full. No capacity gap at plan stage.,192356.73,,2445.0,2445.0,,,,,177000.0,8055.0,3945.0,118811.25,58188.75
SSWD-12mm,WP M01 B01 J6 WH,Regular,1800.0,1800.0,,1800.0,,100%,,22150.0,22530.0,20400.0,24280.0,MTO,20400.0,1133.3%,3880.0,,3880.0,,,,,,20350.0,,18600.0,Over-Delivered | Forecast Bullseye,"Dispatch 1133% of committed (20,400 vs 1,800). MTO item — demand is order-driven. Forecast hit dead-on (0% variance) — strong demand sensing. Action: review over-commit of 18,600 units.",Over-Production,"Produced 22,150 units against committed 1,800 units. Red flag — produced 20,350 units more than ordered. Investigate planning breakdown.",Ops accepted Sales forecast in full. No capacity gap at plan stage.,,,1800.0,1800.0,,,,,274350.0,,18600.0,,274350.0
SSWD-12mm,WP M01 B01 J6 WH1,Regular,45200.0,45200.0,,45200.0,,100%,,30450.0,29600.0,29600.0,30450.0,MTO,29600.0,65.5%,850.0,,850.0,15600.0,850.0,,,14750.0,,,,Short Delivery | Forecast Bullseye,"Dispatch 65% of committed (29,600 vs 45,200). MTO item — demand is order-driven. Forecast hit dead-on (0% variance) — strong demand sensing. Action: recover shortfall of 15,600 units.",Production Shortfall,"Produced 30,450 units against committed 45,200 units. Shortfall of 14,750 units — expedite production or procure.",Ops accepted Sales forecast in full. No capacity gap at plan stage.,,,45200.0,30450.0,217562.5,12537.5,,,,,,,
SSWD-12mm,WP M01 B01 J65A (OEM),Regular,1300.0,1300.0,,1300.0,,100%,1208.0,3300.0,,,4508.0,MTO,3300.0,253.8%,1208.0,,1208.0,,,,,,3208.0,,2000.0,Over-Delivered | Forecast Bullseye,"Dispatch 254% of committed (3,300 vs 1,300). MTO item — demand is order-driven. Forecast hit dead-on (0% variance) — strong demand sensing. Action: review over-commit of 2,000 units.",Over-Production,"Produced 3,300 units against committed 1,300 units. Red flag — produced 3,208 units more than ordered. Investigate planning breakdown.",Ops accepted Sales forecast in full. No capacity gap at plan stage.,23211.68,,92.0,92.0,,,,,29500.0,,2000.0,,29500.0
,WP M01 B01 J65A KION,Regular,,,,,,,450.0,,,,450.0,TBC,,,450.0,,450.0,,,,,,,450.0,,Forecast Bullseye,Dispatch 0 units (no committed demand). Forecast hit dead-on (0% variance) — strong demand sensing. No open commitment gap.,Healthy Stock,Produced 0 units against committed 0 units.,Ops accepted Sales forecast in full. No capacity gap at plan stage.,,2785.05,,,,,,,,,,,
SSWD-12mm,WP M01 B01 J65A WH,Regular,5000.0,5000.0,,5000.0,,100%,,,4590.0,4590.0,,MTS,4800.0,96.0%,-4800.0,4320.0,,200.0,,,,200.0,,,,On Target | Forecast Bullseye,"Dispatch 96% of committed (4,800 vs 5,000). MTS item — buffer stock + green level matters. Forecast hit dead-on (0% variance) — strong demand sensing. Action: recover shortfall of 200 units.",Production Shortfall | Stock-Out Risk,"Produced 0 units against committed 5,000 units. Shortfall of 5,000 units — expedite production or procure. Closing -4,800 units. Green level 4,320 (-1.1x cover) — ⚠ Safety breach — replenish urgently.",Ops accepted Sales forecast in full. No capacity gap at plan stage.,,,9320.0,,2950.0,,,,,,,,
SSWD-12mm,WP M01 B01 J6X WH,Regular,4000.0,4000.0,,4000.0,,100%,,6400.0,5600.0,5600.0,6400.0,MTS,5600.0,140.0%,800.0,1500.0,,,,,,,900.0,,1600.0,Over-Delivered | Forecast Bullseye,"Dispatch 140% of committed (5,600 vs 4,000). MTS item — buffer stock + green level matters. Forecast hit dead-on (0% variance) — strong demand sensing. Action: review over-commit of 1,600 units.",Below Safety | Production Surplus,"Produced 6,400 units against committed 4,000 units. Closing 800 units. Green level 1,500 (0.5x cover) — ⚠ Safety breach — replenish urgently.",Ops accepted Sales forecast in full. No capacity gap at plan stage.,,,5500.0,5500.0,,,,,23600.0,,1600.0,,23600.0
SSWD-12mm,WP M01 B01 J6X WH (50-160),Regular,800.0,800.0,,800.0,,100%,,800.0,,,800.0,MTO,,0.0%,800.0,,800.0,800.0,800.0,,,,,,,Short Delivery | Forecast Bullseye,Dispatch 0% of committed (0 vs 800). MTO item — demand is order-driven. Forecast hit dead-on (0% variance) — strong demand sensing. Action: recover shortfall of 800 units.,Healthy Stock,Produced 800 units against committed 800 units.,Ops accepted Sales forecast in full. No capacity gap at plan stage.,,,800.0,800.0,,11800.0,,,,,,,
SS304-2,WP M01 B01 J7 (OEM),Regular,,,,,,,1096.0,,,,1096.0,MTO,,,1096.0,,1096.0,,,,,,,1096.0,,Forecast Bullseye,Dispatch 0 units (no committed demand). MTO item — demand is order-driven. Forecast hit dead-on (0% variance) — strong demand sensing. No open commitment gap.,Unsold MTO Stock,Produced 0 units against committed 0 units.,Ops accepted Sales forecast in full. No capacity gap at plan stage.,,14636.83,,,,,,,,,,,
SSWD-12mm,WP M01 B01 J7 RCM,Regular,6400.0,6400.0,,6400.0,,100%,,,,,,MTO,,0.0%,0.0,,,6400.0,,,,6400.0,,,,Short Delivery | Forecast Bullseye,"Dispatch 0% of committed (0 vs 6,400). MTO item — demand is order-driven. Forecast hit dead-on (0% variance) — strong demand sensing. Action: recover shortfall of 6,400 units.",Production Shortfall,"Produced 0 units against committed 6,400 units. Shortfall of 6,400 units — expedite production or procure.",Ops accepted Sales forecast in full. No capacity gap at plan stage.,,,6400.0,,94400.0,,,,,,,,
SSWD-12mm,WP M01 B01 J7 WH,Regular,500.0,500.0,,500.0,,100%,,,2400.0,2400.0,,MTS,2400.0,480.0%,-2400.0,3600.0,,,,,,,,,1900.0,Over-Delivered | Forecast Bullseye,"Dispatch 480% of committed (2,400 vs 500). MTS item — buffer stock + green level matters. Forecast hit dead-on (0% variance) — strong demand sensing. Action: review over-commit of 1,900 units.",Production Shortfall | Stock-Out Risk,"Produced 0 units against committed 500 units. Shortfall of 500 units — expedite production or procure. Closing -2,400 units. Green level 3,600 (-0.7x cover) — ⚠ Safety breach — replenish urgently.",Ops accepted Sales forecast in full. No capacity gap at plan stage.,,,4100.0,,,,,,28025.0,,1900.0,,28025.0
SSWD-12mm,WP M01 B01 J75A WH,Regular,7000.0,7000.0,,7000.0,,100%,,11850.0,8000.0,8000.0,11850.0,MTS,8000.0,114.3%,3850.0,3000.0,850.0,,,,,,1850.0,,1000.0,Over-Delivered | Forecast Bullseye,"Dispatch 114% of committed (8,000 vs 7,000). MTS item — buffer stock + green level matters. Forecast hit dead-on (0% variance) — strong demand sensing. Action: review over-commit of 1,000 units.",Production Surplus,"Produced 11,850 units against committed 7,000 units.",Ops accepted Sales forecast in full. No capacity gap at plan stage.,,,10000.0,10000.0,,,,,14750.0,,1000.0,,14750.0
SS304-2,WP M01 B01 J8 (50 - 203) OEM,Regular,,,,,,,7850.0,,,,7850.0,MTO,,,7850.0,,7850.0,,,,,,,7850.0,,Forecast Bullseye,Dispatch 0 units (no committed demand). MTO item — demand is order-driven. Forecast hit dead-on (0% variance) — strong demand sensing. No open commitment gap.,Unsold MTO Stock,Produced 0 units against committed 0 units.,Ops accepted Sales forecast in full. No capacity gap at plan stage.,,110870.97,,,,,,,,,,,
SS304-2,WP M01 B01 J8 OEM,Regular,,,,,,,22.0,,,,22.0,MTO,,,22.0,,22.0,,,,,,,22.0,,Forecast Bullseye,Dispatch 0 units (no committed demand). MTO item — demand is order-driven. Forecast hit dead-on (0% variance) — strong demand sensing. No open commitment gap.,Unsold MTO Stock,Produced 0 units against committed 0 units.,Ops accepted Sales forecast in full. No capacity gap at plan stage.,,362.48,,,,,,,,,,,
SSWD-12mm Jumbo,WP M01 B01 J8 WH,Regular,700.0,700.0,,700.0,,100%,,7450.0,5400.0,5400.0,7450.0,MTO,5400.0,771.4%,2050.0,,2050.0,,,,,,6750.0,,4700.0,Over-Delivered | Forecast Bullseye,"Dispatch 771% of committed (5,400 vs 700). MTO item — demand is order-driven. Forecast hit dead-on (0% variance) — strong demand sensing. Action: review over-commit of 4,700 units.",Over-Production,"Produced 7,450 units against committed 700 units. Red flag — produced 6,750 units more than ordered. Investigate planning breakdown.",Ops accepted Sales forecast in full. No capacity gap at plan stage.,,,700.0,700.0,,,,,158014.0,,4700.0,,158014.0
SSWD-12mm Jumbo,WP M01 B01 J8 WH (50-203),Regular,900.0,900.0,,900.0,,100%,,900.0,,,900.0,MTO,,0.0%,900.0,,900.0,900.0,900.0,,,,,,,Short Delivery | Forecast Bullseye,Dispatch 0% of committed (0 vs 900). MTO item — demand is order-driven. Forecast hit dead-on (0% variance) — strong demand sensing. Action: recover shortfall of 900 units.,Healthy Stock,Produced 900 units against committed 900 units.,Ops accepted Sales forecast in full. No capacity gap at plan stage.,,,900.0,900.0,,30258.0,,,,,,,
SS304-2,WP M01 B01 J85A MM,Regular,,,,,,,202.0,,,,202.0,MTO,,,202.0,,202.0,,,,,,,202.0,,Forecast Bullseye,Dispatch 0 units (no committed demand). MTO item — demand is order-driven. Forecast hit dead-on (0% variance) — strong demand sensing. No open commitment gap.,Unsold MTO Stock,Produced 0 units against committed 0 units.,Ops accepted Sales forecast in full. No capacity gap at plan stage.,,1820.38,,,,,,,,,,,
SS304-2,WP M01 B01 J9 OEM,Regular,,,,,,,467.0,,,,467.0,MTO,,,467.0,,467.0,,,,,,,467.0,,Forecast Bullseye,Dispatch 0 units (no committed demand). MTO item — demand is order-driven. Forecast hit dead-on (0% variance) — strong demand sensing. No open commitment gap.,Unsold MTO Stock,Produced 0 units against committed 0 units.,Ops accepted Sales forecast in full. No capacity gap at plan stage.,,7434.44,,,,,,,,,,,
SSWD-12mm Jumbo,WP M01 B01 J9 WH,Regular,600.0,600.0,,600.0,,100%,,3000.0,2100.0,2100.0,3000.0,MTO,2100.0,350.0%,900.0,,900.0,,,,,,2400.0,,1500.0,Over-Delivered | Forecast Bullseye,"Dispatch 350% of committed (2,100 vs 600). MTO item — demand is order-driven. Forecast hit dead-on (0% variance) — strong demand sensing. Action: review over-commit of 1,500 units.",Over-Production,"Produced 3,000 units against committed 600 units. Red flag — produced 2,400 units more than ordered. Investigate planning breakdown.",Ops accepted Sales forecast in full. No capacity gap at plan stage.,,,600.0,600.0,,,,,50430.0,,1500.0,,50430.0
SSWD-12mm,WP M01 B01 J95.5 MH,Regular,,,,,,,2589.0,2589.0,,,5178.0,MTO,,,5178.0,,5178.0,,,,,,2589.0,2589.0,,Forecast Bullseye,Dispatch 0 units (no committed demand). MTO item — demand is order-driven. Forecast hit dead-on (0% variance) — strong demand sensing. No open commitment gap.,Over-Production,"Produced 2,589 units against committed 0 units. Red flag — produced 2,589 units more than ordered. Investigate planning breakdown.",Ops accepted Sales forecast in full. No capacity gap at plan stage.,6823.57,6823.57,,,,,,,,,,,
SS304-1(14mm),WP M01 B02 J11,Regular,,,,,,,400.0,,,,400.0,MTO,,,400.0,,400.0,,,,,,,400.0,,Forecast Bullseye,Dispatch 0 units (no committed demand). MTO item — demand is order-driven. Forecast hit dead-on (0% variance) — strong demand sensing. No open commitment gap.,Unsold MTO Stock,Produced 0 units against committed 0 units.,Ops accepted Sales forecast in full. No capacity gap at plan stage.,,26780.0,,,,,,,,,,,
SSWD-14mm,WP M01 B02 J150A,Regular,300.0,300.0,,300.0,,100%,56.0,,,,56.0,MTO,500.0,166.7%,-444.0,,,,,,,,,,200.0,Over-Delivered | Forecast Bullseye,Dispatch 167% of committed (500 vs 300). MTO item — demand is order-driven. Forecast hit dead-on (0% variance) — strong demand sensing. Action: review over-commit of 200 units.,Production Shortfall,Produced 0 units against committed 300 units. Shortfall of 244 units — expedite production or procure.,Ops accepted Sales forecast in full. No capacity gap at plan stage.,,,244.0,,,,,,6166.0,,200.0,,6166.0
SS304-2(14mm),WP M01 B02 J40,Regular,,,,,,,16.0,,,,16.0,MTO,,,16.0,,16.0,,,,,,,16.0,,Forecast Bullseye,Dispatch 0 units (no committed demand). MTO item — demand is order-driven. Forecast hit dead-on (0% variance) — strong demand sensing. No open commitment gap.,Unsold MTO Stock,Produced 0 units against committed 0 units.,Ops accepted Sales forecast in full. No capacity gap at plan stage.,,1181.44,,,,,,,,,,,
SSWD-14mm,WP M01 B02 J7B,Regular,,,,,,,100.0,,,,100.0,MTO,,,100.0,,100.0,,,,,,,100.0,,Forecast Bullseye,Dispatch 0 units (no committed demand). MTO item — demand is order-driven. Forecast hit dead-on (0% variance) — strong demand sensing. No open commitment gap.,Unsold MTO Stock,Produced 0 units against committed 0 units.,Ops accepted Sales forecast in full. No capacity gap at plan stage.,,100.0,,,,,,,,,,,
SSWD-9mm lug locking,WP M01 B15 J5X OEM,Regular,5000.0,5000.0,,5000.0,,100%,8768.0,33800.0,,,42568.0,MTS,43000.0,860.0%,-432.0,18200.0,,,,,,,19368.0,,38000.0,Over-Delivered | Forecast Bullseye,"Dispatch 860% of committed (43,000 vs 5,000). MTS item — buffer stock + green level matters. Forecast hit dead-on (0% variance) — strong demand sensing. Action: review over-commit of 38,000 units.",Stock-Out Risk | Excess Inventory,"Produced 33,800 units against committed 5,000 units. Closing -432 units. Green level 18,200 (-0.0x cover) — ⚠ Safety breach — replenish urgently. Excess build-up of 19,368 units — throttle production.",Ops accepted Sales forecast in full. No capacity gap at plan stage.,166690.3,,14432.0,14432.0,,,,,454860.0,3768.0,34232.0,45102.96,409757.04
SS304-9-WL,WP M01 B15 J5X OEM (With Rubber),Regular,,,,,,,3989.0,,,,3989.0,MTO,,,3989.0,,3989.0,,,,,,,3989.0,,Forecast Bullseye,Dispatch 0 units (no committed demand). MTO item — demand is order-driven. Forecast hit dead-on (0% variance) — strong demand sensing. No open commitment gap.,Unsold MTO Stock,Produced 0 units against committed 0 units.,Ops accepted Sales forecast in full. No capacity gap at plan stage.,,64434.08,,,,,,,,,,,
SSWD-12mm,WP M02 B01 06 TE,Regular,,,,,,,,1600.0,1600.0,1600.0,1600.0,MTO,,,1600.0,,1600.0,,,,,,1600.0,,,Forecast Bullseye,Dispatch 0 units (no committed demand). MTO item — demand is order-driven. Forecast hit dead-on (0% variance) — strong demand sensing. No open commitment gap.,Over-Production,"Produced 1,600 units against committed 0 units. Red flag — produced 1,600 units more than ordered. Investigate planning breakdown.",Ops accepted Sales forecast in full. No capacity gap at plan stage.,,,,,,,,,,,,,
SSWD-12mm,WP M02 B01 28 TE,Regular,,,,,,,,800.0,800.0,800.0,800.0,MTO,,,800.0,,800.0,,,,,,800.0,,,Forecast Bullseye,Dispatch 0 units (no committed demand). MTO item — demand is order-driven. Forecast hit dead-on (0% variance) — strong demand sensing. No open commitment gap.,Over-Production,Produced 800 units against committed 0 units. Red flag — produced 800 units more than ordered. Investigate planning breakdown.,Ops accepted Sales forecast in full. No capacity gap at plan stage.,,,,,,,,,,,,,
SSWD-12mm,WP M02 B01 32 TE,Regular,,,,,,,,800.0,800.0,800.0,800.0,MTO,,,800.0,,800.0,,,,,,800.0,,,Forecast Bullseye,Dispatch 0 units (no committed demand). MTO item — demand is order-driven. Forecast hit dead-on (0% variance) — strong demand sensing. No open commitment gap.,Over-Production,Produced 800 units against committed 0 units. Red flag — produced 800 units more than ordered. Investigate planning breakdown.,Ops accepted Sales forecast in full. No capacity gap at plan stage.,,,,,,,,,,,,,
SSWD-12mm,WP M02 B01 56 TE,Regular,,,,,,,,800.0,800.0,800.0,800.0,MTO,,,800.0,,800.0,,,,,,800.0,,,Forecast Bullseye,Dispatch 0 units (no committed demand). MTO item — demand is order-driven. Forecast hit dead-on (0% variance) — strong demand sensing. No open commitment gap.,Over-Production,Produced 800 units against committed 0 units. Red flag — produced 800 units more than ordered. Investigate planning breakdown.,Ops accepted Sales forecast in full. No capacity gap at plan stage.,,,,,,,,,,,,,
,WP M03 B01 76-82.5 MH,Regular,,,,,,,2.0,,,,2.0,TBC,,,2.0,,2.0,,,,,,,2.0,,Forecast Bullseye,Dispatch 0 units (no committed demand). Forecast hit dead-on (0% variance) — strong demand sensing. No open commitment gap.,Healthy Stock,Produced 0 units against committed 0 units.,Ops accepted Sales forecast in full. No capacity gap at plan stage.,,17.52,,,,,,,,,,,
SSWD-12mm,WP M04 B01 06 JD,Regular,14200.0,14200.0,,14200.0,,100%,9771.0,8100.0,,,17871.0,MTS,3600.0,25.4%,14271.0,5480.0,8791.0,10600.0,10600.0,,,,,,,Short Delivery | Forecast Bullseye,"Dispatch 25% of committed (3,600 vs 14,200). MTS item — buffer stock + green level matters. Forecast hit dead-on (0% variance) — strong demand sensing. Action: recover shortfall of 10,600 units.",Healthy Stock,"Produced 8,100 units against committed 14,200 units. Production and inventory in healthy state.",Ops accepted Sales forecast in full. No capacity gap at plan stage.,,,9909.0,8100.0,,156350.0,,,,,,,
SSWD-12mm,WP M04 B01 06 MM,Regular,13700.0,13700.0,,13700.0,,100%,415.0,25200.0,16000.0,16000.0,25615.0,MTS,16000.0,116.8%,9615.0,13816.67,,,,,,,,,2300.0,Over-Delivered | Forecast Bullseye,"Dispatch 117% of committed (16,000 vs 13,700). MTS item — buffer stock + green level matters. Forecast hit dead-on (0% variance) — strong demand sensing. Action: review over-commit of 2,300 units.",Below Safety,"Produced 25,200 units against committed 13,700 units. Closing 9,615 units. Green level 13,817 (0.7x cover) — ⚠ Safety breach — replenish urgently.",Ops accepted Sales forecast in full. No capacity gap at plan stage.,,,27101.67,25200.0,,,,,33925.0,,2300.0,,33925.0
SSWD-12mm,WP M04 B01 12 JD,Regular,4500.0,4500.0,,4500.0,,100%,5143.0,,,,5143.0,MTO,500.0,11.1%,4643.0,,4643.0,4000.0,4000.0,,,,,643.0,,Short Delivery | Forecast Bullseye,"Dispatch 11% of committed (500 vs 4,500). MTO item — demand is order-driven. Forecast hit dead-on (0% variance) — strong demand sensing. Action: recover shortfall of 4,000 units.",Healthy Stock,"Produced 0 units against committed 4,500 units.",Ops accepted Sales forecast in full. No capacity gap at plan stage.,,3455.55,,,,59000.0,,,,,,,
SSWD-12mm,WP M04 B01 12 MM,Regular,2800.0,2800.0,,2800.0,,100%,1141.0,1900.0,,,3041.0,MTO,,0.0%,3041.0,,3041.0,2800.0,2800.0,,,,241.0,,,Short Delivery | Forecast Bullseye,"Dispatch 0% of committed (0 vs 2,800). MTO item — demand is order-driven. Forecast hit dead-on (0% variance) — strong demand sensing. Action: recover shortfall of 2,800 units.",Over-Production,"Produced 1,900 units against committed 2,800 units. Red flag — produced 241 units more than ordered. Investigate planning breakdown.",Ops accepted Sales forecast in full. No capacity gap at plan stage.,1301.29,,1659.0,1659.0,,41300.0,,,,,,,
SSWD-12mm,WP M04 B01 16,Regular,4300.0,4300.0,,4300.0,,100%,7088.0,6900.0,,,13988.0,MTO,2000.0,46.5%,11988.0,,11988.0,2300.0,2300.0,,,,6900.0,2788.0,,Short Delivery | Forecast Bullseye,"Dispatch 47% of committed (2,000 vs 4,300). MTO item — demand is order-driven. Forecast hit dead-on (0% variance) — strong demand sensing. Action: recover shortfall of 2,300 units.",Over-Production,"Produced 6,900 units against committed 4,300 units. Red flag — produced 6,900 units more than ordered. Investigate planning breakdown.",Ops accepted Sales forecast in full. No capacity gap at plan stage.,38792.42,15674.39,,,,33925.0,,,,,,,
SSWD-12mm,WP M04 B01 16 YCA,Regular,,,,,,,3033.0,33.0,,,3066.0,MTO,,,3066.0,,3066.0,,,,,,33.0,3033.0,,Forecast Bullseye,Dispatch 0 units (no committed demand). MTO item — demand is order-driven. Forecast hit dead-on (0% variance) — strong demand sensing. No open commitment gap.,Over-Production,Produced 33 units against committed 0 units. Red flag — produced 33 units more than ordered. Investigate planning breakdown.,Ops accepted Sales forecast in full. No capacity gap at plan stage.,181.91,16719.32,,,,,,,,,,,
SSWD-12mm,WP M04 B01 210 RCM,Regular,1000.0,1000.0,,1000.0,,100%,113.0,,,,113.0,MTO,,0.0%,113.0,,113.0,1000.0,113.0,,,887.0,,,,Short Delivery | Forecast Bullseye,"Dispatch 0% of committed (0 vs 1,000). MTO item — demand is order-driven. Forecast hit dead-on (0% variance) — strong demand sensing. Action: recover shortfall of 1,000 units.",Production Shortfall,"Produced 0 units against committed 1,000 units. Shortfall of 887 units — expedite production or procure.",Ops accepted Sales forecast in full. No capacity gap at plan stage.,,,887.0,,13083.25,1666.75,,,,,,,
SSWD-12mm,WP M04 B01 28 MH,Regular,3500.0,3500.0,,3500.0,,100%,1279.0,2000.0,,,3279.0,MTO,2500.0,71.4%,779.0,,779.0,1000.0,779.0,,,221.0,,,,Short Delivery | Forecast Bullseye,"Dispatch 71% of committed (2,500 vs 3,500). MTO item — demand is order-driven. Forecast hit dead-on (0% variance) — strong demand sensing. Action: recover shortfall of 1,000 units.",Production Shortfall,"Produced 2,000 units against committed 3,500 units. Shortfall of 221 units — expedite production or procure.",Ops accepted Sales forecast in full. No capacity gap at plan stage.,,,2221.0,2000.0,3259.75,11490.25,,,,,,,
SSWD-12mm,WP M04 B01 32 MM,Regular,1000.0,1000.0,,1000.0,,100%,232.0,,500.0,500.0,232.0,MTO,500.0,50.0%,-268.0,,,500.0,,,,500.0,,,,Short Delivery | Forecast Bullseye,"Dispatch 50% of committed (500 vs 1,000). MTO item — demand is order-driven. Forecast hit dead-on (0% variance) — strong demand sensing. Action: recover shortfall of 500 units.",Production Shortfall,"Produced 0 units against committed 1,000 units. Shortfall of 768 units — expedite production or procure.",Ops accepted Sales forecast in full. No capacity gap at plan stage.,,,768.0,,7375.0,,,,,,,,
SSWD-12mm,WP M04 B01 34 TM,Regular,20400.0,20400.0,,20400.0,,100%,15032.0,28270.0,,,43302.0,MTS,26000.0,127.5%,17302.0,17833.33,,,,,,,5068.67,,5600.0,Over-Delivered | Forecast Bullseye,"Dispatch 127% of committed (26,000 vs 20,400). MTS item — buffer stock + green level matters. Forecast hit dead-on (0% variance) — strong demand sensing. Action: review over-commit of 5,600 units.",Below Safety | Production Surplus,"Produced 28,270 units against committed 20,400 units. Closing 17,302 units. Green level 17,833 (1.0x cover) — ⚠ Safety breach — replenish urgently.",Ops accepted Sales forecast in full. No capacity gap at plan stage.,27251.38,,23201.33,23201.33,,,,,82600.0,,5600.0,,82600.0
SSWD-12mm,WP M04 B01 J0 (OEM),Regular,7500.0,7500.0,,7500.0,,100%,2100.0,,,,2100.0,MTS,9000.0,120.0%,-6900.0,6850.0,,,,,,,,,1500.0,Over-Delivered | Forecast Bullseye,"Dispatch 120% of committed (9,000 vs 7,500). MTS item — buffer stock + green level matters. Forecast hit dead-on (0% variance) — strong demand sensing. Action: review over-commit of 1,500 units.",Production Shortfall | Stock-Out Risk,"Produced 0 units against committed 7,500 units. Shortfall of 5,400 units — expedite production or procure. Closing -6,900 units. Green level 6,850 (-1.0x cover) — ⚠ Safety breach — replenish urgently.",Ops accepted Sales forecast in full. No capacity gap at plan stage.,,,12250.0,,,,,,22125.0,,1500.0,,22125.0
SSWD-12mm,WP M04 B01 J0 TT,Regular,5700.0,5700.0,,5700.0,,100%,231.0,3100.0,,,3331.0,MTO,3500.0,61.4%,-169.0,,,2200.0,,,,2200.0,,,,Short Delivery | Forecast Bullseye,"Dispatch 61% of committed (3,500 vs 5,700). MTO item — demand is order-driven. Forecast hit dead-on (0% variance) — strong demand sensing. Action: recover shortfall of 2,200 units.",Production Shortfall,"Produced 3,100 units against committed 5,700 units. Shortfall of 2,369 units — expedite production or procure.",Ops accepted Sales forecast in full. No capacity gap at plan stage.,,,5469.0,3100.0,32450.0,,,,,,,,
SSWD-12mm,WP M04 B01 J0 WH,Regular,13000.0,13000.0,,13000.0,,100%,,16000.0,17600.0,17600.0,16000.0,MTS,17600.0,135.4%,-1600.0,12800.0,,,,,,,,,4600.0,Over-Delivered | Forecast Bullseye,"Dispatch 135% of committed (17,600 vs 13,000). MTS item — buffer stock + green level matters. Forecast hit dead-on (0% variance) — strong demand sensing. Action: review over-commit of 4,600 units.",Stock-Out Risk,"Produced 16,000 units against committed 13,000 units. Closing -1,600 units. Green level 12,800 (-0.1x cover) — ⚠ Safety breach — replenish urgently.",Ops accepted Sales forecast in full. No capacity gap at plan stage.,,,25800.0,16000.0,,,,,67850.0,,4600.0,,67850.0
SSWD-12mm,WP M04 B01 J00,Regular,33500.0,33500.0,,33500.0,,100%,42398.0,44500.0,,9000.0,77898.0,MTS,55600.0,166.0%,22298.0,34750.0,,,,,,,18648.0,,22100.0,Over-Delivered | Forecast Bullseye,"Dispatch 166% of committed (55,600 vs 33,500). MTS item — buffer stock + green level matters. Forecast hit dead-on (0% variance) — strong demand sensing. Action: review over-commit of 22,100 units.",Below Safety | Excess Inventory,"Produced 44,500 units against committed 33,500 units. Closing 22,298 units. Green level 34,750 (0.6x cover) — ⚠ Safety breach — replenish urgently. Excess build-up of 18,648 units — throttle production.",Ops accepted Sales forecast in full. No capacity gap at plan stage.,88801.78,,25852.0,25852.0,,,,,325975.0,8898.0,13202.0,131245.5,194729.5
SS202-1,WP M04 B01 J00 AL1,Regular,200.0,200.0,,200.0,,100%,186.0,,,,186.0,MTO,,0.0%,186.0,,186.0,200.0,186.0,,,14.0,,,,Short Delivery | Forecast Bullseye,Dispatch 0% of committed (0 vs 200). MTO item — demand is order-driven. Forecast hit dead-on (0% variance) — strong demand sensing. Action: recover shortfall of 200 units.,Production Shortfall,Produced 0 units against committed 200 units. Shortfall of 14 units — expedite production or procure.,Ops accepted Sales forecast in full. No capacity gap at plan stage.,,,14.0,,,,,,,,,,
SSWD-12mm,WP M04 B01 J00 TC,Regular,4400.0,4400.0,,4400.0,,100%,90.0,,,,90.0,MTO,2000.0,45.5%,-1910.0,,,2400.0,,,,2400.0,,,,Short Delivery | Forecast Bullseye,"Dispatch 45% of committed (2,000 vs 4,400). MTO item — demand is order-driven. Forecast hit dead-on (0% variance) — strong demand sensing. Action: recover shortfall of 2,400 units.",Production Shortfall,"Produced 0 units against committed 4,400 units. Shortfall of 4,310 units — expedite production or procure.",Ops accepted Sales forecast in full. No capacity gap at plan stage.,,,4310.0,,35400.0,,,,,,,,
SSWD-12mm,WP M04 B01 J00 TF,Regular,7100.0,7100.0,,7100.0,,100%,7.0,,9000.0,,9007.0,MTO,9000.0,126.8%,7.0,,7.0,,,,,,,,1900.0,Over-Delivered | Forecast Bullseye,"Dispatch 127% of committed (9,000 vs 7,100). MTO item — demand is order-driven. Forecast hit dead-on (0% variance) — strong demand sensing. Action: review over-commit of 1,900 units.",Unsold MTO Stock,"Produced 0 units against committed 7,100 units.",Ops accepted Sales forecast in full. No capacity gap at plan stage.,,,7093.0,,,,,,28025.0,,1900.0,,28025.0
SSWD-12mm,WP M04 B01 J00 WH,Regular,29000.0,29000.0,,29000.0,,100%,,32000.0,43200.0,43200.0,32000.0,MTS,44800.0,154.5%,-12800.0,28533.33,,,,,,,,,15800.0,Over-Delivered | Forecast Bullseye,"Dispatch 154% of committed (44,800 vs 29,000). MTS item — buffer stock + green level matters. Forecast hit dead-on (0% variance) — strong demand sensing. Action: review over-commit of 15,800 units.",Stock-Out Risk,"Produced 32,000 units against committed 29,000 units. Closing -12,800 units. Green level 28,533 (-0.4x cover) — ⚠ Safety breach — replenish urgently.",Ops accepted Sales forecast in full. No capacity gap at plan stage.,,,57533.33,32000.0,,,,,233050.0,,15800.0,,233050.0
SSWD-12mm,WP M04 B01 J000 (OEM),Regular,2000.0,2000.0,,2000.0,,100%,3215.0,,,,3215.0,MTO,1000.0,50.0%,2215.0,,2215.0,1000.0,1000.0,,,,,1215.0,,Short Delivery | Forecast Bullseye,"Dispatch 50% of committed (1,000 vs 2,000). MTO item — demand is order-driven. Forecast hit dead-on (0% variance) — strong demand sensing. Action: recover shortfall of 1,000 units.",Healthy Stock,"Produced 0 units against committed 2,000 units.",Ops accepted Sales forecast in full. No capacity gap at plan stage.,,19023.74,,,,14750.0,,,,,,,
SSWD-12mm,WP M04 B01 J000 WH,Regular,20000.0,20000.0,,20000.0,,100%,,,20800.0,20800.0,,MTS,16000.0,80.0%,-16000.0,17866.67,,4000.0,,,,4000.0,,,,Short Delivery | Forecast Bullseye,"Dispatch 80% of committed (16,000 vs 20,000). MTS item — buffer stock + green level matters. Forecast hit dead-on (0% variance) — strong demand sensing. Action: recover shortfall of 4,000 units.",Production Shortfall | Stock-Out Risk,"Produced 0 units against committed 20,000 units. Shortfall of 20,000 units — expedite production or procure. Closing -16,000 units. Green level 17,867 (-0.9x cover) — ⚠ Safety breach — replenish urgently.",Ops accepted Sales forecast in full. No capacity gap at plan stage.,,,37866.67,,59000.0,,,,,,,,
SSWD-12mm,WP M04 B01 J00M (OEM),Regular,12400.0,12400.0,,12400.0,,100%,6250.0,21300.0,,,27550.0,MTS,19000.0,153.2%,8550.0,2000.0,6550.0,,,,,,13150.0,,6600.0,Over-Delivered | Forecast Bullseye,"Dispatch 153% of committed (19,000 vs 12,400). MTS item — buffer stock + green level matters. Forecast hit dead-on (0% variance) — strong demand sensing. Action: review over-commit of 6,600 units.",Excess Inventory,"Produced 21,300 units against committed 12,400 units. Excess build-up of 13,150 units — throttle production.",Ops accepted Sales forecast in full. No capacity gap at plan stage.,60469.35,,8150.0,8150.0,,,,,97350.0,,6600.0,,97350.0
SSWD-12mm,WP M04 B01 J00M (SS),Regular,900.0,900.0,,900.0,,100%,2253.0,,,,2253.0,MTO,500.0,55.6%,1753.0,,1753.0,400.0,400.0,,,,,1353.0,,Short Delivery | Forecast Bullseye,Dispatch 56% of committed (500 vs 900). MTO item — demand is order-driven. Forecast hit dead-on (0% variance) — strong demand sensing. Action: recover shortfall of 400 units.,Healthy Stock,Produced 0 units against committed 900 units.,Ops accepted Sales forecast in full. No capacity gap at plan stage.,,6052.43,,,,5900.0,,,,,,,
SS202-1,WP M04 B01 J00M AL,Regular,24800.0,24800.0,,24800.0,,100%,38514.0,,,,38514.0,MTO,,0.0%,38514.0,,38514.0,24800.0,24800.0,,,,,13714.0,,Short Delivery | Forecast Bullseye,"Dispatch 0% of committed (0 vs 24,800). MTO item — demand is order-driven. Forecast hit dead-on (0% variance) — strong demand sensing. Action: recover shortfall of 24,800 units.",Healthy Stock,"Produced 0 units against committed 24,800 units.",Ops accepted Sales forecast in full. No capacity gap at plan stage.,,58881.74,,,,,,,,,,,
SSWD-12mm,WP M04 B01 J00M TF,Regular,17900.0,17900.0,,17900.0,,100%,8928.0,,,,8928.0,MTS,24000.0,134.1%,-15072.0,18583.33,,,,,,,,,6100.0,Over-Delivered | Forecast Bullseye,"Dispatch 134% of committed (24,000 vs 17,900). MTS item — buffer stock + green level matters. Forecast hit dead-on (0% variance) — strong demand sensing. Action: review over-commit of 6,100 units.",Production Shortfall | Stock-Out Risk,"Produced 0 units against committed 17,900 units. Shortfall of 8,972 units — expedite production or procure. Closing -15,072 units. Green level 18,583 (-0.8x cover) — ⚠ Safety breach — replenish urgently.",Ops accepted Sales forecast in full. No capacity gap at plan stage.,,,27555.33,,,,,,89975.0,,6100.0,,89975.0
SSWD-12mm,WP M04 B01 J00M WH,Regular,33000.0,33000.0,,33000.0,,100%,,62100.0,56000.0,56000.0,62100.0,MTS,56000.0,169.7%,6100.0,34400.0,,,,,,,,,23000.0,Over-Delivered | Forecast Bullseye,"Dispatch 170% of committed (56,000 vs 33,000). MTS item — buffer stock + green level matters. Forecast hit dead-on (0% variance) — strong demand sensing. Action: review over-commit of 23,000 units.",Stock-Out Risk,"Produced 62,100 units against committed 33,000 units. Closing 6,100 units. Green level 34,400 (0.2x cover) — ⚠ Safety breach — replenish urgently.",Ops accepted Sales forecast in full. No capacity gap at plan stage.,,,67400.0,62100.0,,,,,339250.0,,23000.0,,339250.0
SSWD-12mm,WP M04 B01 J00M18 TM,Regular,20100.0,20100.0,,20100.0,,100%,7107.0,40100.0,,,47207.0,MTS,32700.0,162.7%,14507.0,24866.67,,,,,,,2240.33,,12600.0,Over-Delivered | Forecast Bullseye,"Dispatch 163% of committed (32,700 vs 20,100). MTS item — buffer stock + green level matters. Forecast hit dead-on (0% variance) — strong demand sensing. Action: review over-commit of 12,600 units.",Below Safety | Production Surplus,"Produced 40,100 units against committed 20,100 units. Closing 14,507 units. Green level 24,867 (0.6x cover) — ⚠ Safety breach — replenish urgently.",Ops accepted Sales forecast in full. No capacity gap at plan stage.,10277.22,,37859.67,37859.67,,,,,185850.0,,12600.0,,185850.0
SSWD-12mm,WP M04 B01 J0X (SS),Regular,102600.0,102600.0,,102600.0,,100%,72868.0,48200.0,,,121068.0,MTS,76000.0,74.1%,45068.0,55766.67,,26600.0,26600.0,,,,,,,Short Delivery | Forecast Bullseye,"Dispatch 74% of committed (76,000 vs 102,600). MTS item — buffer stock + green level matters. Forecast hit dead-on (0% variance) — strong demand sensing. Action: recover shortfall of 26,600 units.",Below Safety,"Produced 48,200 units against committed 102,600 units. Closing 45,068 units. Green level 55,767 (0.8x cover) — ⚠ Safety breach — replenish urgently.",Ops accepted Sales forecast in full. No capacity gap at plan stage.,,,85498.67,48200.0,,392350.0,,,,,,,
SSWD-12mm,WP M04 B01 J0X BD,Regular,28100.0,28100.0,,34000.0,5900.0,79%,43026.0,13400.0,,,56426.0,MTS,23000.0,67.6%,33426.0,29000.0,4426.0,11000.0,11000.0,,,,,,,Short Delivery | Forecast Drift (Moderate),"Dispatch 68% of committed (23,000 vs 34,000). MTS item — buffer stock + green level matters. ⚠ Forecast raised by 21% post-commit — late orders pulled in. Action: recover shortfall of 11,000 units.",Healthy Stock,"Produced 13,400 units against committed 34,000 units. Production and inventory in healthy state.",Ops accepted Sales forecast in full. No capacity gap at plan stage.,,,14074.0,13400.0,,162250.0,,,,,,,
SSWD-12mm,WP M04 B01 J0X JD,Regular,58400.0,58400.0,,58400.0,,100%,9651.0,,,,9651.0,MTS,12000.0,20.5%,-2349.0,15866.67,,46400.0,,,,46400.0,,,,Short Delivery | Forecast Bullseye,"Dispatch 21% of committed (12,000 vs 58,400). MTS item — buffer stock + green level matters. Forecast hit dead-on (0% variance) — strong demand sensing. Action: recover shortfall of 46,400 units.",Production Shortfall | Stock-Out Risk,"Produced 0 units against committed 58,400 units. Shortfall of 48,749 units — expedite production or procure. Closing -2,349 units. Green level 15,867 (-0.1x cover) — ⚠ Safety breach — replenish urgently.",Ops accepted Sales forecast in full. No capacity gap at plan stage.,,,64615.67,,684400.0,,,,,,,,
SSWD-12mm,WP M04 B01 J0X UGC,Regular,6800.0,6800.0,,6800.0,,100%,3057.0,12400.0,,,15457.0,MTS,3000.0,44.1%,12457.0,2500.0,9957.0,3800.0,3800.0,,,,6157.0,,,Short Delivery | Forecast Bullseye,"Dispatch 44% of committed (3,000 vs 6,800). MTS item — buffer stock + green level matters. Forecast hit dead-on (0% variance) — strong demand sensing. Action: recover shortfall of 3,800 units.",Excess Inventory,"Produced 12,400 units against committed 6,800 units. Excess build-up of 6,157 units — throttle production.",Ops accepted Sales forecast in full. No capacity gap at plan stage.,33235.67,,6243.0,6243.0,,56050.0,,,,,,,
SSWD-12mm,WP M04 B01 J0X WH,Regular,20000.0,20000.0,,20000.0,,100%,,10000.0,22400.0,22400.0,10000.0,MTS,20800.0,104.0%,-10800.0,21600.0,,,,,,,,,800.0,On Target | Forecast Bullseye,"Dispatch 104% of committed (20,800 vs 20,000). MTS item — buffer stock + green level matters. Forecast hit dead-on (0% variance) — strong demand sensing. Action: review over-commit of 800 units.",Production Shortfall | Stock-Out Risk,"Produced 10,000 units against committed 20,000 units. Shortfall of 10,000 units — expedite production or procure. Closing -10,800 units. Green level 21,600 (-0.5x cover) — ⚠ Safety breach — replenish urgently.",Ops accepted Sales forecast in full. No capacity gap at plan stage.,,,41600.0,10000.0,,,,,11800.0,,800.0,,11800.0
SSWD-12mm,WP M04 B01 J1,Regular,,,,,,,500.0,,,400.0,100.0,MTO,,,100.0,,100.0,,,,,,,500.0,,Forecast Bullseye,Dispatch 0 units (no committed demand). MTO item — demand is order-driven. Forecast hit dead-on (0% variance) — strong demand sensing. No open commitment gap.,Unsold MTO Stock,Produced 0 units against committed 0 units.,Ops accepted Sales forecast in full. No capacity gap at plan stage.,,11000.0,,,,,,,,,,,
SSWD-12mm,WP M04 B01 J1 (KOEL),Regular,4600.0,4600.0,,4600.0,,100%,6160.0,7100.0,,,13260.0,MTS,8000.0,173.9%,5260.0,5400.0,,,,,,,3260.0,,3400.0,Over-Delivered | Forecast Bullseye,"Dispatch 174% of committed (8,000 vs 4,600). MTS item — buffer stock + green level matters. Forecast hit dead-on (0% variance) — strong demand sensing. Action: review over-commit of 3,400 units.",Below Safety | Excess Inventory,"Produced 7,100 units against committed 4,600 units. Closing 5,260 units. Green level 5,400 (1.0x cover) — ⚠ Safety breach — replenish urgently. Excess build-up of 3,260 units — throttle production.",Ops accepted Sales forecast in full. No capacity gap at plan stage.,17382.78,,3840.0,3840.0,,,,,50150.0,1560.0,1840.0,23010.0,27140.0
SSWD-12mm,WP M04 B01 J1 WH,Regular,7000.0,7000.0,,7000.0,,100%,,,6800.0,6400.0,400.0,MTS,6400.0,91.4%,-6000.0,2000.0,,600.0,,,,600.0,,,,On Target | Forecast Bullseye,"Dispatch 91% of committed (6,400 vs 7,000). MTS item — buffer stock + green level matters. Forecast hit dead-on (0% variance) — strong demand sensing. Action: recover shortfall of 600 units.",Production Shortfall | Stock-Out Risk,"Produced 0 units against committed 7,000 units. Shortfall of 6,600 units — expedite production or procure. Closing -6,000 units. Green level 2,000 (-3.0x cover) — ⚠ Safety breach — replenish urgently.",Ops accepted Sales forecast in full. No capacity gap at plan stage.,,,9000.0,,8850.0,,,,,,,,
SS202-1,WP M04 B01 J1 YCA,Regular,,,,,,,2108.0,,,,2108.0,MTO,,,2108.0,,2108.0,,,,,,,2108.0,,Forecast Bullseye,Dispatch 0 units (no committed demand). MTO item — demand is order-driven. Forecast hit dead-on (0% variance) — strong demand sensing. No open commitment gap.,Unsold MTO Stock,Produced 0 units against committed 0 units.,Ops accepted Sales forecast in full. No capacity gap at plan stage.,,10889.63,,,,,,,,,,,
SSWD-12mm Jumbo,WP M04 B01 J10 WH,Regular,,,,,,,,100.0,250.0,250.0,100.0,MTO,250.0,,-150.0,,,,,,,,100.0,,250.0,Forecast Bullseye,Dispatch 250 units (no committed demand). MTO item — demand is order-driven. Forecast hit dead-on (0% variance) — strong demand sensing. Action: review over-commit of 250 units.,Over-Production,Produced 100 units against committed 0 units. Red flag — produced 100 units more than ordered. Investigate planning breakdown.,Ops accepted Sales forecast in full. No capacity gap at plan stage.,,,,,,,,,8405.0,,250.0,,8405.0
SSWD-12mm,WP M04 B01 J100S (KOEL),Regular,4700.0,4700.0,,4700.0,,100%,9136.0,3000.0,,,12136.0,MTS,7000.0,148.9%,5136.0,4000.0,1136.0,,,,,,3000.0,436.0,2300.0,Over-Delivered | Forecast Bullseye,"Dispatch 149% of committed (7,000 vs 4,700). MTS item — buffer stock + green level matters. Forecast hit dead-on (0% variance) — strong demand sensing. Action: review over-commit of 2,300 units.",Excess Inventory,"Produced 3,000 units against committed 4,700 units. Excess build-up of 3,000 units — throttle production.",Ops accepted Sales forecast in full. No capacity gap at plan stage.,15658.26,2275.67,,,,,,,33925.0,2300.0,,33925.0,
SSWD-12mm,WP M04 B01 J100S (SS),Regular,11500.0,11500.0,,11500.0,,100%,2430.0,12700.0,,,15130.0,MTS,16000.0,139.1%,-870.0,13333.33,,,,,,,,,4500.0,Over-Delivered | Forecast Bullseye,"Dispatch 139% of committed (16,000 vs 11,500). MTS item — buffer stock + green level matters. Forecast hit dead-on (0% variance) — strong demand sensing. Action: review over-commit of 4,500 units.",Stock-Out Risk,"Produced 12,700 units against committed 11,500 units. Closing -870 units. Green level 13,333 (-0.1x cover) — ⚠ Safety breach — replenish urgently.",Ops accepted Sales forecast in full. No capacity gap at plan stage.,,,22403.33,12700.0,,,,,66375.0,,4500.0,,66375.0
SSWD-12mm,WP M04 B01 J100S (UGC),Regular,1000.0,1000.0,,1000.0,,100%,1504.0,1000.0,,,2504.0,MTO,,0.0%,2504.0,,2504.0,1000.0,1000.0,,,,1000.0,504.0,,Short Delivery | Forecast Bullseye,"Dispatch 0% of committed (0 vs 1,000). MTO item — demand is order-driven. Forecast hit dead-on (0% variance) — strong demand sensing. Action: recover shortfall of 1,000 units.",Over-Production,"Produced 1,000 units against committed 1,000 units. Red flag — produced 1,000 units more than ordered. Investigate planning breakdown.",Ops accepted Sales forecast in full. No capacity gap at plan stage.,5009.12,2524.6,,,,14750.0,,,,,,,
SS202-1,WP M04 B01 J100S AL,Regular,4200.0,4200.0,,4200.0,,100%,846.0,,,,846.0,MTO,,0.0%,846.0,,846.0,4200.0,846.0,,,3354.0,,,,Short Delivery | Forecast Bullseye,"Dispatch 0% of committed (0 vs 4,200). MTO item — demand is order-driven. Forecast hit dead-on (0% variance) — strong demand sensing. Action: recover shortfall of 4,200 units.",Production Shortfall,"Produced 0 units against committed 4,200 units. Shortfall of 3,354 units — expedite production or procure.",Ops accepted Sales forecast in full. No capacity gap at plan stage.,,,3354.0,,,,,,,,,,
SSWD-12mm,WP M04 B01 J100S AL1,Regular,2000.0,2000.0,,2000.0,,100%,10033.0,,,,10033.0,MTO,1000.0,50.0%,9033.0,,9033.0,1000.0,1000.0,,,,,8033.0,,Short Delivery | Forecast Bullseye,"Dispatch 50% of committed (1,000 vs 2,000). MTO item — demand is order-driven. Forecast hit dead-on (0% variance) — strong demand sensing. Action: recover shortfall of 1,000 units.",Healthy Stock,"Produced 0 units against committed 2,000 units.",Ops accepted Sales forecast in full. No capacity gap at plan stage.,,39511.6,,,,14750.0,,,,,,,
SSWD-12mm,WP M04 B01 J100S AL2,Regular,10000.0,10000.0,,10000.0,,100%,6004.0,16600.0,,,22604.0,MTS,7500.0,75.0%,15104.0,8583.33,6520.67,2500.0,2500.0,,,,4020.67,,,Short Delivery | Forecast Bullseye,"Dispatch 75% of committed (7,500 vs 10,000). MTS item — buffer stock + green level matters. Forecast hit dead-on (0% variance) — strong demand sensing. Action: recover shortfall of 2,500 units.",Production Surplus,"Produced 16,600 units against committed 10,000 units.",Ops accepted Sales forecast in full. No capacity gap at plan stage.,15323.61,,12579.33,12579.33,,36875.0,,,,,,,
SSWD-12mm,WP M04 B01 J100S OEM,Regular,8000.0,8000.0,,8000.0,,100%,13005.0,9700.0,,,22705.0,MTS,16800.0,210.0%,5905.0,9166.67,,,,,,,5538.33,,8800.0,Over-Delivered | Forecast Bullseye,"Dispatch 210% of committed (16,800 vs 8,000). MTS item — buffer stock + green level matters. Forecast hit dead-on (0% variance) — strong demand sensing. Action: review over-commit of 8,800 units.",Below Safety | Excess Inventory,"Produced 9,700 units against committed 8,000 units. Closing 5,905 units. Green level 9,167 (0.6x cover) — ⚠ Safety breach — replenish urgently. Excess build-up of 5,538 units — throttle production.",Ops accepted Sales forecast in full. No capacity gap at plan stage.,27922.78,,4161.67,4161.67,,,,,129800.0,5005.0,3795.0,73823.75,55976.25
SSWD-12mm,WP M04 B01 J100S WH,Regular,22000.0,22000.0,,22000.0,,100%,,19800.0,14400.0,14400.0,19800.0,MTS,17600.0,80.0%,2200.0,18133.33,,4400.0,2200.0,,,2200.0,,,,Short Delivery | Forecast Bullseye,"Dispatch 80% of committed (17,600 vs 22,000). MTS item — buffer stock + green level matters. Forecast hit dead-on (0% variance) — strong demand sensing. Action: recover shortfall of 4,400 units.",Production Shortfall | Stock-Out Risk,"Produced 19,800 units against committed 22,000 units. Shortfall of 2,200 units — expedite production or procure. Closing 2,200 units. Green level 18,133 (0.1x cover) — ⚠ Safety breach — replenish urgently.",Ops accepted Sales forecast in full. No capacity gap at plan stage.,,,40133.33,19800.0,32450.0,32450.0,,,,,,,
SSWD-12mm,WP M04 B01 J100S WH1,Regular,,,,,,,,,,,,MTO,50000.0,,-50000.0,,,,,,,,,,50000.0,Forecast Bullseye,"Dispatch 50,000 units (no committed demand). MTO item — demand is order-driven. Forecast hit dead-on (0% variance) — strong demand sensing. Action: review over-commit of 50,000 units.",Healthy Stock,Produced 0 units against committed 0 units.,Ops accepted Sales forecast in full. No capacity gap at plan stage.,,,,,,,,,737500.0,,50000.0,,737500.0
SSWD-12mm,WP M04 B01 J110A 3M,Regular,1200.0,1200.0,,1200.0,,100%,2090.0,1224.0,,2050.0,1264.0,MTO,,0.0%,1264.0,,1264.0,1200.0,1200.0,,,,1224.0,890.0,,Short Delivery | Forecast Bullseye,"Dispatch 0% of committed (0 vs 1,200). MTO item — demand is order-driven. Forecast hit dead-on (0% variance) — strong demand sensing. Action: recover shortfall of 1,200 units.",Over-Production,"Produced 1,224 units against committed 1,200 units. Red flag — produced 1,224 units more than ordered. Investigate planning breakdown.",Ops accepted Sales forecast in full. No capacity gap at plan stage.,11325.72,8235.21,,,,17700.0,,,,,,,
SSWD-12mm,WP M04 B01 J110A MM,Regular,600.0,600.0,,600.0,,100%,31.0,550.0,600.0,600.0,581.0,MTO,600.0,100.0%,-19.0,,,,,,,,,,,On Target | Forecast Bullseye,Dispatch 100% of committed (600 vs 600). MTO item — demand is order-driven. Forecast hit dead-on (0% variance) — strong demand sensing. No open commitment gap.,Production Shortfall,Produced 550 units against committed 600 units. Shortfall of 19 units — expedite production or procure.,Ops accepted Sales forecast in full. No capacity gap at plan stage.,,,569.0,550.0,,,,,,,,,
SSWD-12mm,WP M04 B01 J110A TF,Regular,600.0,600.0,,600.0,,100%,857.0,300.0,,,1157.0,MTO,500.0,83.3%,657.0,,657.0,100.0,100.0,,,,300.0,257.0,,Short Delivery | Forecast Bullseye,Dispatch 83% of committed (500 vs 600). MTO item — demand is order-driven. Forecast hit dead-on (0% variance) — strong demand sensing. Action: recover shortfall of 100 units.,Over-Production,Produced 300 units against committed 600 units. Red flag — produced 300 units more than ordered. Investigate planning breakdown.,Ops accepted Sales forecast in full. No capacity gap at plan stage.,2927.62,2507.99,,,,1475.0,,,,,,,
SSWD-12mm,WP M04 B01 J110A WH,Regular,,,,,,,,,2450.0,400.0,2050.0,MTO,400.0,,1650.0,,1650.0,,,,,,,,400.0,Forecast Bullseye,Dispatch 400 units (no committed demand). MTO item — demand is order-driven. Forecast hit dead-on (0% variance) — strong demand sensing. Action: review over-commit of 400 units.,Unsold MTO Stock,Produced 0 units against committed 0 units.,Ops accepted Sales forecast in full. No capacity gap at plan stage.,,,,,,,,,5900.0,,400.0,,5900.0
SS202-2,WP M04 B01 J12 JIO,Regular,,,,,,,6700.0,,,,6700.0,MTO,,,6700.0,,6700.0,,,,,,,6700.0,,Forecast Bullseye,Dispatch 0 units (no committed demand). MTO item — demand is order-driven. Forecast hit dead-on (0% variance) — strong demand sensing. No open commitment gap.,Unsold MTO Stock,Produced 0 units against committed 0 units.,Ops accepted Sales forecast in full. No capacity gap at plan stage.,,126439.72,,,,,,,,,,,
SSWD-12mm Jumbo,WP M04 B01 J12 OEM,Regular,,,,,,,1964.0,,,1148.0,816.0,TBC,,,816.0,,816.0,,,,,,,1964.0,,Forecast Bullseye,Dispatch 0 units (no committed demand). Forecast hit dead-on (0% variance) — strong demand sensing. No open commitment gap.,Healthy Stock,Produced 0 units against committed 0 units.,Ops accepted Sales forecast in full. No capacity gap at plan stage.,,49100.0,,,,,,,,,,,
SSWD-12mm Jumbo,WP M04 B01 J12 WH,Regular,,,,,,,,,1548.0,400.0,1148.0,MTO,400.0,,748.0,,748.0,,,,,,,,400.0,Forecast Bullseye,Dispatch 400 units (no committed demand). MTO item — demand is order-driven. Forecast hit dead-on (0% variance) — strong demand sensing. Action: review over-commit of 400 units.,Unsold MTO Stock,Produced 0 units against committed 0 units.,Ops accepted Sales forecast in full. No capacity gap at plan stage.,,,,,,,,,13448.0,,400.0,,13448.0
SSWD-12mm,WP M04 B01 J120A RCM,Regular,34400.0,34400.0,,34400.0,,100%,307.0,20750.0,,,21057.0,MTS,10000.0,29.1%,11057.0,17500.0,,24400.0,11057.0,,,13343.0,,,,Short Delivery | Forecast Bullseye,"Dispatch 29% of committed (10,000 vs 34,400). MTS item — buffer stock + green level matters. Forecast hit dead-on (0% variance) — strong demand sensing. Action: recover shortfall of 24,400 units.",Production Shortfall | Below Safety,"Produced 20,750 units against committed 34,400 units. Shortfall of 13,343 units — expedite production or procure. Closing 11,057 units. Green level 17,500 (0.6x cover) — ⚠ Safety breach — replenish urgently.",Ops accepted Sales forecast in full. No capacity gap at plan stage.,,,51593.0,20750.0,196809.25,163090.75,,,,,,,
SS202-1 TM,WP M04 B01 J137S (SS),Regular,,,,,,,14407.0,,,,14407.0,MTO,,,14407.0,,14407.0,,,,,,,14407.0,,Forecast Bullseye,Dispatch 0 units (no committed demand). MTO item — demand is order-driven. Forecast hit dead-on (0% variance) — strong demand sensing. No open commitment gap.,Unsold MTO Stock,Produced 0 units against committed 0 units.,Ops accepted Sales forecast in full. No capacity gap at plan stage.,,76192.28,,,,,,,,,,,
SSWD-12mm,WP M04 B01 J137S AL,Regular,500.0,500.0,,500.0,,100%,604.0,,,,604.0,MTO,500.0,100.0%,104.0,,104.0,,,,,,,104.0,,On Target | Forecast Bullseye,Dispatch 100% of committed (500 vs 500). MTO item — demand is order-driven. Forecast hit dead-on (0% variance) — strong demand sensing. No open commitment gap.,Unsold MTO Stock,Produced 0 units against committed 500 units.,Ops accepted Sales forecast in full. No capacity gap at plan stage.,,517.67,,,,,,,,,,,
SSWD-12mm,WP M04 B01 J137S TC,Regular,700.0,700.0,,700.0,,100%,2169.0,,,,2169.0,MTO,1000.0,142.9%,1169.0,,1169.0,,,,,,,1469.0,300.0,Over-Delivered | Forecast Bullseye,"Dispatch 143% of committed (1,000 vs 700). MTO item — demand is order-driven. Forecast hit dead-on (0% variance) — strong demand sensing. Action: review over-commit of 300 units.",Unsold MTO Stock,Produced 0 units against committed 700 units.,Ops accepted Sales forecast in full. No capacity gap at plan stage.,,7592.73,,,,,,,4425.0,300.0,,4425.0,
SSWD-12mm,WP M04 B01 J137S TF,Regular,12500.0,12500.0,,12500.0,,100%,42666.0,11700.0,,,54366.0,MTS,22000.0,176.0%,32366.0,18166.67,14199.33,,,,,,11700.0,11999.33,9500.0,Over-Delivered | Forecast Bullseye,"Dispatch 176% of committed (22,000 vs 12,500). MTS item — buffer stock + green level matters. Forecast hit dead-on (0% variance) — strong demand sensing. Action: review over-commit of 9,500 units.",Excess Inventory,"Produced 11,700 units against committed 12,500 units. Excess build-up of 11,700 units — throttle production.",Ops accepted Sales forecast in full. No capacity gap at plan stage.,63100.79,64715.16,,,,,,,140125.0,9500.0,,140125.0,
SSWD-12mm,WP M04 B01 J137S WH,Regular,50000.0,50000.0,,50000.0,,100%,,21100.0,12800.0,12800.0,21100.0,MTS,19200.0,38.4%,1900.0,28000.0,,30800.0,1900.0,,,28900.0,,,,Short Delivery | Forecast Bullseye,"Dispatch 38% of committed (19,200 vs 50,000). MTS item — buffer stock + green level matters. Forecast hit dead-on (0% variance) — strong demand sensing. Action: recover shortfall of 30,800 units.",Production Shortfall | Stock-Out Risk,"Produced 21,100 units against committed 50,000 units. Shortfall of 28,900 units — expedite production or procure. Closing 1,900 units. Green level 28,000 (0.1x cover) — ⚠ Safety breach — replenish urgently.",Ops accepted Sales forecast in full. No capacity gap at plan stage.,,,78000.0,21100.0,426275.0,28025.0,,,,,,,
SS202-2,WP M04 B01 J140A WH,Regular,400.0,400.0,,400.0,,100%,,,,,,MTO,,0.0%,0,,,400.0,,,,400.0,,,,Short Delivery | Forecast Bullseye,Dispatch 0% of committed (0 vs 400). MTO item — demand is order-driven. Forecast hit dead-on (0% variance) — strong demand sensing. Action: recover shortfall of 400 units.,Production Shortfall,Produced 0 units against committed 400 units. Shortfall of 400 units — expedite production or procure.,Ops accepted Sales forecast in full. No capacity gap at plan stage.,,,400.0,,,,,,,,,,
,WP M04 B01 J150A,Regular,,,,,,,6450.0,,,,6450.0,TBC,,,6450.0,,6450.0,,,,,,,6450.0,,Forecast Bullseye,Dispatch 0 units (no committed demand). Forecast hit dead-on (0% variance) — strong demand sensing. No open commitment gap.,Healthy Stock,Produced 0 units against committed 0 units.,Ops accepted Sales forecast in full. No capacity gap at plan stage.,,99985.96,,,,,,,,,,,
SSWD-12mm,WP M04 B01 J150A RCM,Regular,600.0,600.0,,600.0,,100%,3125.0,,,600.0,2525.0,MTO,,0.0%,2525.0,,2525.0,600.0,600.0,,,,,2525.0,,Short Delivery | Forecast Bullseye,Dispatch 0% of committed (0 vs 600). MTO item — demand is order-driven. Forecast hit dead-on (0% variance) — strong demand sensing. Action: recover shortfall of 600 units.,Healthy Stock,Produced 0 units against committed 600 units.,Ops accepted Sales forecast in full. No capacity gap at plan stage.,,26659.93,,,,8850.0,,,,,,,
SSWD-12mm,WP M04 B01 J150A WH,Regular,400.0,400.0,,400.0,,100%,,149.0,1600.0,1000.0,749.0,MTO,1000.0,250.0%,-251.0,,,,,,,,,,600.0,Over-Delivered | Forecast Bullseye,"Dispatch 250% of committed (1,000 vs 400). MTO item — demand is order-driven. Forecast hit dead-on (0% variance) — strong demand sensing. Action: review over-commit of 600 units.",Healthy Stock,Produced 149 units against committed 400 units.,Ops accepted Sales forecast in full. No capacity gap at plan stage.,,,400.0,149.0,,,,,8850.0,,600.0,,8850.0
SSWD-12mm,WP M04 B01 J150B RCM,Regular,29200.0,29200.0,,29200.0,,100%,9265.0,21000.0,,,30265.0,MTS,6000.0,20.5%,24265.0,16500.0,7765.0,23200.0,23200.0,,,,,,,Short Delivery | Forecast Bullseye,"Dispatch 21% of committed (6,000 vs 29,200). MTS item — buffer stock + green level matters. Forecast hit dead-on (0% variance) — strong demand sensing. Action: recover shortfall of 23,200 units.",Healthy Stock,"Produced 21,000 units against committed 29,200 units. Production and inventory in healthy state.",Ops accepted Sales forecast in full. No capacity gap at plan stage.,,,36435.0,21000.0,,342200.0,,,,,,,
,WP M04 B01 J18,Regular,,,,,,,1100.0,,,,1100.0,TBC,,,1100.0,,1100.0,,,,,,,1100.0,,Forecast Bullseye,Dispatch 0 units (no committed demand). Forecast hit dead-on (0% variance) — strong demand sensing. No open commitment gap.,Healthy Stock,Produced 0 units against committed 0 units.,Ops accepted Sales forecast in full. No capacity gap at plan stage.,,1100.0,,,,,,,,,,,
SSWD-12mm,WP M04 B01 J1A (KOEL),Regular,15200.0,15200.0,,15200.0,,100%,12529.0,8100.0,,,20629.0,MTS,19000.0,125.0%,1629.0,15650.0,,,,,,,,,3800.0,Over-Delivered | Forecast Bullseye,"Dispatch 125% of committed (19,000 vs 15,200). MTS item — buffer stock + green level matters. Forecast hit dead-on (0% variance) — strong demand sensing. Action: review over-commit of 3,800 units.",Stock-Out Risk,"Produced 8,100 units against committed 15,200 units. Closing 1,629 units. Green level 15,650 (0.1x cover) — ⚠ Safety breach — replenish urgently.",Ops accepted Sales forecast in full. No capacity gap at plan stage.,,,18321.0,8100.0,,,,,56050.0,,3800.0,,56050.0
SSWD-12mm,WP M04 B01 J1A (SS),Regular,6800.0,6800.0,,6800.0,,100%,2397.0,30200.0,,,32597.0,MTS,20000.0,294.1%,12597.0,9716.67,2880.33,,,,,,16080.33,,13200.0,Over-Delivered | Forecast Bullseye,"Dispatch 294% of committed (20,000 vs 6,800). MTS item — buffer stock + green level matters. Forecast hit dead-on (0% variance) — strong demand sensing. Action: review over-commit of 13,200 units.",Excess Inventory,"Produced 30,200 units against committed 6,800 units. Excess build-up of 16,080 units — throttle production.",Ops accepted Sales forecast in full. No capacity gap at plan stage.,83026.94,,14119.67,14119.67,,,,,194700.0,,13200.0,,194700.0
SSWD-12mm,WP M04 B01 J1A AL,Regular,200.0,200.0,,200.0,,100%,2923.0,,,2800.0,123.0,MTO,,0.0%,123.0,,123.0,200.0,123.0,,,77.0,,2723.0,,Short Delivery | Forecast Bullseye,Dispatch 0% of committed (0 vs 200). MTO item — demand is order-driven. Forecast hit dead-on (0% variance) — strong demand sensing. Action: recover shortfall of 200 units.,Production Shortfall,Produced 0 units against committed 200 units. Shortfall of 77 units — expedite production or procure.,Ops accepted Sales forecast in full. No capacity gap at plan stage.,,12322.47,,,1135.75,1814.25,,,,,,,
SSWD-12mm,WP M04 B01 J1A OEM,Regular,100.0,100.0,,100.0,,100%,39600.0,,,,39600.0,MTS,6600.0,6600.0%,33000.0,10200.0,22800.0,,,,,,,29300.0,6500.0,Over-Delivered | Forecast Bullseye,"Dispatch 6600% of committed (6,600 vs 100). MTS item — buffer stock + green level matters. Forecast hit dead-on (0% variance) — strong demand sensing. Action: review over-commit of 6,500 units.",Healthy Stock,Produced 0 units against committed 100 units. Production and inventory in healthy state.,Ops accepted Sales forecast in full. No capacity gap at plan stage.,,153864.85,,,,,,,95875.0,6500.0,,95875.0,
SSWD-12mm,WP M04 B01 J1A TF,Regular,14800.0,14800.0,,14800.0,,100%,8536.0,20200.0,,,28736.0,MTS,11000.0,74.3%,17736.0,14833.33,2902.67,3800.0,3800.0,,,,,,,Short Delivery | Forecast Bullseye,"Dispatch 74% of committed (11,000 vs 14,800). MTS item — buffer stock + green level matters. Forecast hit dead-on (0% variance) — strong demand sensing. Action: recover shortfall of 3,800 units.",Healthy Stock,"Produced 20,200 units against committed 14,800 units. Production and inventory in healthy state.",Ops accepted Sales forecast in full. No capacity gap at plan stage.,,,21097.33,20200.0,,56050.0,,,,,,,
SSWD-12mm,WP M04 B01 J1A WH,Regular,14000.0,14000.0,,14000.0,,100%,,49100.0,30800.0,28000.0,51900.0,MTS,22000.0,157.1%,29900.0,17666.67,12233.33,,,,,,17433.33,,8000.0,Over-Delivered | Forecast Bullseye,"Dispatch 157% of committed (22,000 vs 14,000). MTS item — buffer stock + green level matters. Forecast hit dead-on (0% variance) — strong demand sensing. Action: review over-commit of 8,000 units.",Excess Inventory,"Produced 49,100 units against committed 14,000 units. Excess build-up of 17,433 units — throttle production.",Ops accepted Sales forecast in full. No capacity gap at plan stage.,,,31666.67,31666.67,,,,,118000.0,,8000.0,,118000.0
SSWD-12mm,WP M04 B01 J1X OEM,Regular,11500.0,11500.0,,11500.0,,100%,529.0,1200.0,,,1729.0,MTO,4600.0,40.0%,-2871.0,,,6900.0,,,,6900.0,,,,Short Delivery | Forecast Bullseye,"Dispatch 40% of committed (4,600 vs 11,500). MTO item — demand is order-driven. Forecast hit dead-on (0% variance) — strong demand sensing. Action: recover shortfall of 6,900 units.",Production Shortfall,"Produced 1,200 units against committed 11,500 units. Shortfall of 9,771 units — expedite production or procure.",Ops accepted Sales forecast in full. No capacity gap at plan stage.,,,10971.0,1200.0,101775.0,,,,,,,,
SSWD-12mm,WP M04 B01 J1X UGC,Regular,700.0,700.0,,700.0,,100%,1419.0,,,,1419.0,MTO,400.0,57.1%,1019.0,,1019.0,300.0,300.0,,,,,719.0,,Short Delivery | Forecast Bullseye,Dispatch 57% of committed (400 vs 700). MTO item — demand is order-driven. Forecast hit dead-on (0% variance) — strong demand sensing. Action: recover shortfall of 300 units.,Healthy Stock,Produced 0 units against committed 700 units.,Ops accepted Sales forecast in full. No capacity gap at plan stage.,,4204.93,,,,4425.0,,,,,,,
SSWD-12mm,WP M04 B01 J1X WH,Regular,22000.0,22000.0,,22000.0,,100%,,16600.0,20600.0,16000.0,21200.0,MTS,12800.0,58.2%,8400.0,18933.33,,9200.0,8400.0,,,800.0,,,,Short Delivery | Forecast Bullseye,"Dispatch 58% of committed (12,800 vs 22,000). MTS item — buffer stock + green level matters. Forecast hit dead-on (0% variance) — strong demand sensing. Action: recover shortfall of 9,200 units.",Production Shortfall | Stock-Out Risk,"Produced 16,600 units against committed 22,000 units. Shortfall of 800 units — expedite production or procure. Closing 8,400 units. Green level 18,933 (0.4x cover) — ⚠ Safety breach — replenish urgently.",Ops accepted Sales forecast in full. No capacity gap at plan stage.,,,40933.33,16600.0,11800.0,123900.0,,,,,,,
SSWD-12mm,WP M04 B01 J1X YCA,Regular,,,,,,,4669.0,,,4600.0,69.0,MTO,,,69.0,,69.0,,,,,,,4669.0,,Forecast Bullseye,Dispatch 0 units (no committed demand). MTO item — demand is order-driven. Forecast hit dead-on (0% variance) — strong demand sensing. No open commitment gap.,Unsold MTO Stock,Produced 0 units against committed 0 units.,Ops accepted Sales forecast in full. No capacity gap at plan stage.,,26101.67,,,,,,,,,,,
SSWD-12mm,WP M04 B01 J1X-41 (SS),Regular,18400.0,18400.0,,18400.0,,100%,6879.0,24000.0,,,30879.0,MTS,20000.0,108.7%,10879.0,21483.33,,,,,,,,,1600.0,On Target | Forecast Bullseye,"Dispatch 109% of committed (20,000 vs 18,400). MTS item — buffer stock + green level matters. Forecast hit dead-on (0% variance) — strong demand sensing. Action: review over-commit of 1,600 units.",Below Safety,"Produced 24,000 units against committed 18,400 units. Closing 10,879 units. Green level 21,483 (0.5x cover) — ⚠ Safety breach — replenish urgently.",Ops accepted Sales forecast in full. No capacity gap at plan stage.,,,33004.33,24000.0,,,,,23600.0,,1600.0,,23600.0
SS202-2,WP M04 B01 J2 3M,Regular,3400.0,3400.0,,3400.0,,100%,6644.0,,,,6644.0,MTO,,0.0%,6644.0,,6644.0,3400.0,3400.0,,,,,3244.0,,Short Delivery | Forecast Bullseye,"Dispatch 0% of committed (0 vs 3,400). MTO item — demand is order-driven. Forecast hit dead-on (0% variance) — strong demand sensing. Action: recover shortfall of 3,400 units.",Healthy Stock,"Produced 0 units against committed 3,400 units.",Ops accepted Sales forecast in full. No capacity gap at plan stage.,,23496.94,,,,,,,,,,,
SSWD-12mm,WP M04 B01 J2 FM,Regular,14500.0,14500.0,,14500.0,,100%,5738.0,5000.0,,,10738.0,MTS,4000.0,27.6%,6738.0,9600.0,,10500.0,6738.0,,,3762.0,,,,Short Delivery | Forecast Bullseye,"Dispatch 28% of committed (4,000 vs 14,500). MTS item — buffer stock + green level matters. Forecast hit dead-on (0% variance) — strong demand sensing. Action: recover shortfall of 10,500 units.",Production Shortfall | Below Safety,"Produced 5,000 units against committed 14,500 units. Shortfall of 3,762 units — expedite production or procure. Closing 6,738 units. Green level 9,600 (0.7x cover) — ⚠ Safety breach — replenish urgently.",Ops accepted Sales forecast in full. No capacity gap at plan stage.,,,18362.0,5000.0,55489.5,99385.5,,,,,,,
SS202-2,WP M04 B01 J2 OEM,Regular,,,,,,,8950.0,,,,8950.0,MTO,,,8950.0,,8950.0,,,,,,,8950.0,,Forecast Bullseye,Dispatch 0 units (no committed demand). MTO item — demand is order-driven. Forecast hit dead-on (0% variance) — strong demand sensing. No open commitment gap.,Unsold MTO Stock,Produced 0 units against committed 0 units.,Ops accepted Sales forecast in full. No capacity gap at plan stage.,,61375.79,,,,,,,,,,,
SS202-2,WP M04 B01 J2 RCM,Regular,,,,,,,170.0,,,,170.0,MTO,,,170.0,,170.0,,,,,,,170.0,,Forecast Bullseye,Dispatch 0 units (no committed demand). MTO item — demand is order-driven. Forecast hit dead-on (0% variance) — strong demand sensing. No open commitment gap.,Unsold MTO Stock,Produced 0 units against committed 0 units.,Ops accepted Sales forecast in full. No capacity gap at plan stage.,,1045.22,,,,,,,,,,,
SSWD-12mm,WP M04 B01 J2 TF,Regular,800.0,800.0,,800.0,,100%,5300.0,,,3300.0,2000.0,MTO,1000.0,125.0%,1000.0,,1000.0,,,,,,,4500.0,200.0,Over-Delivered | Forecast Bullseye,"Dispatch 125% of committed (1,000 vs 800). MTO item — demand is order-driven. Forecast hit dead-on (0% variance) — strong demand sensing. Action: review over-commit of 200 units.",Unsold MTO Stock,Produced 0 units against committed 800 units.,Ops accepted Sales forecast in full. No capacity gap at plan stage.,,28341.99,,,,,,,2950.0,200.0,,2950.0,
SSWD-12mm,WP M04 B01 J2 WH,Regular,7000.0,7000.0,,7000.0,,100%,,15100.0,4100.0,800.0,18400.0,MTS,800.0,11.4%,17600.0,4400.0,13200.0,6200.0,6200.0,,,,3700.0,,,Short Delivery | Forecast Bullseye,"Dispatch 11% of committed (800 vs 7,000). MTS item — buffer stock + green level matters. Forecast hit dead-on (0% variance) — strong demand sensing. Action: recover shortfall of 6,200 units.",Excess Inventory,"Produced 15,100 units against committed 7,000 units. Excess build-up of 3,700 units — throttle production.",Ops accepted Sales forecast in full. No capacity gap at plan stage.,,,11400.0,11400.0,,91450.0,,,,,,,
SS202-2,WP M04 B01 J2 YCA,Regular,,,,,,,250.0,,,,250.0,MTO,,,250.0,,250.0,,,,,,,250.0,,Forecast Bullseye,Dispatch 0 units (no committed demand). MTO item — demand is order-driven. Forecast hit dead-on (0% variance) — strong demand sensing. No open commitment gap.,Unsold MTO Stock,Produced 0 units against committed 0 units.,Ops accepted Sales forecast in full. No capacity gap at plan stage.,,1523.17,,,,,,,,,,,
SSWD-12mm,WP M04 B01 J23,Regular,2000.0,2000.0,,2000.0,,100%,4437.0,5300.0,,,9737.0,MTO,4000.0,200.0%,5737.0,,5737.0,,,,,,5300.0,2437.0,2000.0,Over-Delivered | Forecast Bullseye,"Dispatch 200% of committed (4,000 vs 2,000). MTO item — demand is order-driven. Forecast hit dead-on (0% variance) — strong demand sensing. Action: review over-commit of 2,000 units.",Over-Production,"Produced 5,300 units against committed 2,000 units. Red flag — produced 5,300 units more than ordered. Investigate planning breakdown.",Ops accepted Sales forecast in full. No capacity gap at plan stage.,25531.27,11739.57,,,,,,,29500.0,2000.0,,29500.0,
SSWD-12mm Jumbo,WP M04 B01 J24 WH,Regular,,,,,,,,100.0,,,100.0,MTO,,,100.0,,100.0,,,,,,100.0,,,Forecast Bullseye,Dispatch 0 units (no committed demand). MTO item — demand is order-driven. Forecast hit dead-on (0% variance) — strong demand sensing. No open commitment gap.,Over-Production,Produced 100 units against committed 0 units. Red flag — produced 100 units more than ordered. Investigate planning breakdown.,Ops accepted Sales forecast in full. No capacity gap at plan stage.,,,,,,,,,,,,,
SSWD-12mm,WP M04 B01 J2A,Regular,16500.0,16500.0,,16500.0,,100%,29000.0,,,,29000.0,MTS,9600.0,58.2%,19400.0,14916.67,4483.33,6900.0,6900.0,,,,,,,Short Delivery | Forecast Bullseye,"Dispatch 58% of committed (9,600 vs 16,500). MTS item — buffer stock + green level matters. Forecast hit dead-on (0% variance) — strong demand sensing. Action: recover shortfall of 6,900 units.",Healthy Stock,"Produced 0 units against committed 16,500 units. Production and inventory in healthy state.",Ops accepted Sales forecast in full. No capacity gap at plan stage.,,,2416.67,,,101775.0,,,,,,,
SSWD-12mm,WP M04 B01 J2A (KOEL),Regular,10200.0,10200.0,,10200.0,,100%,5917.0,5050.0,,,10967.0,MTS,11000.0,107.8%,-33.0,10166.67,,,,,,,,,800.0,On Target | Forecast Bullseye,"Dispatch 108% of committed (11,000 vs 10,200). MTS item — buffer stock + green level matters. Forecast hit dead-on (0% variance) — strong demand sensing. Action: review over-commit of 800 units.",Stock-Out Risk,"Produced 5,050 units against committed 10,200 units. Closing -33 units. Green level 10,167 (-0.0x cover) — ⚠ Safety breach — replenish urgently.",Ops accepted Sales forecast in full. No capacity gap at plan stage.,,,14449.67,5050.0,,,,,11800.0,,800.0,,11800.0
SSWD-12mm,WP M04 B01 J2A JD,Regular,51600.0,51600.0,,51600.0,,100%,30173.0,8100.0,,,38273.0,MTS,19900.0,38.6%,18373.0,13366.67,5006.33,31700.0,18373.0,,,13327.0,,,,Short Delivery | Forecast Bullseye,"Dispatch 39% of committed (19,900 vs 51,600). MTS item — buffer stock + green level matters. Forecast hit dead-on (0% variance) — strong demand sensing. Action: recover shortfall of 31,700 units.",Production Shortfall,"Produced 8,100 units against committed 51,600 units. Shortfall of 13,327 units — expedite production or procure.",Ops accepted Sales forecast in full. No capacity gap at plan stage.,,,34793.67,8100.0,196573.25,271001.75,,,,,,,
SSWD-12mm,WP M04 B01 J2A RCM,Regular,800.0,800.0,,800.0,,100%,3900.0,,,,3900.0,MTO,2400.0,300.0%,1500.0,,1500.0,,,,,,,3100.0,1600.0,Over-Delivered | Forecast Bullseye,"Dispatch 300% of committed (2,400 vs 800). MTO item — demand is order-driven. Forecast hit dead-on (0% variance) — strong demand sensing. Action: review over-commit of 1,600 units.",Unsold MTO Stock,Produced 0 units against committed 800 units.,Ops accepted Sales forecast in full. No capacity gap at plan stage.,,10391.2,,,,,,,23600.0,1600.0,,23600.0,
SSWD-12mm,WP M04 B01 J2A TF,Regular,43600.0,43600.0,,43600.0,,100%,51340.0,47300.0,,,98640.0,MTS,21000.0,48.2%,77640.0,45000.0,32640.0,22600.0,22600.0,,,,10040.0,,,Short Delivery | Forecast Bullseye,"Dispatch 48% of committed (21,000 vs 43,600). MTS item — buffer stock + green level matters. Forecast hit dead-on (0% variance) — strong demand sensing. Action: recover shortfall of 22,600 units.",Production Surplus,"Produced 47,300 units against committed 43,600 units.",Ops accepted Sales forecast in full. No capacity gap at plan stage.,63948.98,,37260.0,37260.0,,333350.0,,,,,,,
SSWD-12mm,WP M04 B01 J2A TTR,Regular,200.0,200.0,,200.0,,100%,8500.0,,,,8500.0,MTO,4200.0,2100.0%,4300.0,,4300.0,,,,,,,8300.0,4000.0,Over-Delivered | Forecast Bullseye,"Dispatch 2100% of committed (4,200 vs 200). MTO item — demand is order-driven. Forecast hit dead-on (0% variance) — strong demand sensing. Action: review over-commit of 4,000 units.",Unsold MTO Stock,Produced 0 units against committed 200 units.,Ops accepted Sales forecast in full. No capacity gap at plan stage.,,49285.15,,,,,,,59000.0,4000.0,,59000.0,
SSWD-12mm,WP M04 B01 J2A UGC,Regular,,,,,,,7640.0,,,,7640.0,MTO,600.0,,7040.0,,7040.0,,,,,,,7640.0,600.0,Forecast Bullseye,Dispatch 600 units (no committed demand). MTO item — demand is order-driven. Forecast hit dead-on (0% variance) — strong demand sensing. Action: review over-commit of 600 units.,Unsold MTO Stock,Produced 0 units against committed 0 units.,Ops accepted Sales forecast in full. No capacity gap at plan stage.,,191000.0,,,,,,,8850.0,600.0,,8850.0,
SSWD-12mm,WP M04 B01 J2A WH,Regular,12000.0,12000.0,,12000.0,,100%,,22150.0,24000.0,24000.0,22150.0,MTS,24000.0,200.0%,-1850.0,12500.0,,,,,,,,,12000.0,Over-Delivered | Forecast Bullseye,"Dispatch 200% of committed (24,000 vs 12,000). MTS item — buffer stock + green level matters. Forecast hit dead-on (0% variance) — strong demand sensing. Action: review over-commit of 12,000 units.",Stock-Out Risk,"Produced 22,150 units against committed 12,000 units. Closing -1,850 units. Green level 12,500 (-0.1x cover) — ⚠ Safety breach — replenish urgently.",Ops accepted Sales forecast in full. No capacity gap at plan stage.,,,24500.0,22150.0,,,,,177000.0,,12000.0,,177000.0
SSWD-12mm,WP M04 B01 J2X OEM,Regular,26900.0,26900.0,,26900.0,,100%,52025.0,13150.0,,4000.0,61175.0,MTS,30000.0,111.5%,31175.0,37666.67,,,,,,,608.33,,3100.0,Over-Delivered | Forecast Bullseye,"Dispatch 112% of committed (30,000 vs 26,900). MTS item — buffer stock + green level matters. Forecast hit dead-on (0% variance) — strong demand sensing. Action: review over-commit of 3,100 units.",Below Safety | Production Surplus,"Produced 13,150 units against committed 26,900 units. Closing 31,175 units. Green level 37,667 (0.8x cover) — ⚠ Safety breach — replenish urgently.",Ops accepted Sales forecast in full. No capacity gap at plan stage.,3968.66,,12541.67,12541.67,,,,,45725.0,3100.0,,45725.0,
SSWD-12mm,WP M04 B01 J2X OEM1,Regular,1000.0,1000.0,,1000.0,,100%,,,4000.0,,4000.0,MTO,4000.0,400.0%,0.0,,,,,,,,,,3000.0,Over-Delivered | Forecast Bullseye,"Dispatch 400% of committed (4,000 vs 1,000). MTO item — demand is order-driven. Forecast hit dead-on (0% variance) — strong demand sensing. Action: review over-commit of 3,000 units.",Healthy Stock,"Produced 0 units against committed 1,000 units. Production and inventory in healthy state.",Ops accepted Sales forecast in full. No capacity gap at plan stage.,,,1000.0,,,,,,44250.0,,3000.0,,44250.0
SSWD-12mm,WP M04 B01 J2X UGC,Regular,14800.0,14800.0,,14800.0,,100%,12962.0,14100.0,,,27062.0,MTS,19000.0,128.4%,8062.0,13941.67,,,,,,,,,4200.0,Over-Delivered | Forecast Bullseye,"Dispatch 128% of committed (19,000 vs 14,800). MTS item — buffer stock + green level matters. Forecast hit dead-on (0% variance) — strong demand sensing. Action: review over-commit of 4,200 units.",Below Safety,"Produced 14,100 units against committed 14,800 units. Closing 8,062 units. Green level 13,942 (0.6x cover) — ⚠ Safety breach — replenish urgently.",Ops accepted Sales forecast in full. No capacity gap at plan stage.,,,15779.67,14100.0,,,,,61950.0,,4200.0,,61950.0
SSWD-12mm,WP M04 B01 J2X WH,Regular,16000.0,16000.0,,16000.0,,100%,,7650.0,19200.0,19200.0,7650.0,MTS,19200.0,120.0%,-11550.0,15600.0,,,,,,,,,3200.0,Over-Delivered | Forecast Bullseye,"Dispatch 120% of committed (19,200 vs 16,000). MTS item — buffer stock + green level matters. Forecast hit dead-on (0% variance) — strong demand sensing. Action: review over-commit of 3,200 units.",Production Shortfall | Stock-Out Risk,"Produced 7,650 units against committed 16,000 units. Shortfall of 8,350 units — expedite production or procure. Closing -11,550 units. Green level 15,600 (-0.7x cover) — ⚠ Safety breach — replenish urgently.",Ops accepted Sales forecast in full. No capacity gap at plan stage.,,,31600.0,7650.0,,,,,47200.0,,3200.0,,47200.0
SS202-2,WP M04 B01 J2X YCA,Regular,,,,,,,2082.0,,,,2082.0,MTO,,,2082.0,,2082.0,,,,,,,2082.0,,Forecast Bullseye,Dispatch 0 units (no committed demand). MTO item — demand is order-driven. Forecast hit dead-on (0% variance) — strong demand sensing. No open commitment gap.,Unsold MTO Stock,Produced 0 units against committed 0 units.,Ops accepted Sales forecast in full. No capacity gap at plan stage.,,14367.42,,,,,,,,,,,
SSWD-12mm,WP M04 B01 J3,Regular,29800.0,29800.0,,29800.0,,100%,31956.0,15400.0,,,47356.0,MTS,45000.0,151.0%,2356.0,32666.67,,,,,,,,,15200.0,Over-Delivered | Forecast Bullseye,"Dispatch 151% of committed (45,000 vs 29,800). MTS item — buffer stock + green level matters. Forecast hit dead-on (0% variance) — strong demand sensing. Action: review over-commit of 15,200 units.",Stock-Out Risk,"Produced 15,400 units against committed 29,800 units. Closing 2,356 units. Green level 32,667 (0.1x cover) — ⚠ Safety breach — replenish urgently.",Ops accepted Sales forecast in full. No capacity gap at plan stage.,,,30510.67,15400.0,,,,,224200.0,2156.0,13044.0,31801.0,192399.0
SSWD-12mm,WP M04 B01 J3 (KOEL),Regular,5800.0,5800.0,,5800.0,,100%,2184.0,5000.0,,,7184.0,MTS,7100.0,122.4%,84.0,2000.0,,,,,,,,,1300.0,Over-Delivered | Forecast Bullseye,"Dispatch 122% of committed (7,100 vs 5,800). MTS item — buffer stock + green level matters. Forecast hit dead-on (0% variance) — strong demand sensing. Action: review over-commit of 1,300 units.",Stock-Out Risk,"Produced 5,000 units against committed 5,800 units. Closing 84 units. Green level 2,000 (0.0x cover) — ⚠ Safety breach — replenish urgently.",Ops accepted Sales forecast in full. No capacity gap at plan stage.,,,5616.0,5000.0,,,,,19175.0,,1300.0,,19175.0
SSWD-12mm,WP M04 B01 J3 3M,Regular,500.0,500.0,,500.0,,100%,52.0,,,,52.0,MTO,500.0,100.0%,-448.0,,,,,,,,,,,On Target | Forecast Bullseye,Dispatch 100% of committed (500 vs 500). MTO item — demand is order-driven. Forecast hit dead-on (0% variance) — strong demand sensing. No open commitment gap.,Production Shortfall,Produced 0 units against committed 500 units. Shortfall of 448 units — expedite production or procure.,Ops accepted Sales forecast in full. No capacity gap at plan stage.,,,448.0,,,,,,,,,,
SSWD-12mm,WP M04 B01 J3 AL,Regular,8200.0,8200.0,,8200.0,,100%,16561.0,,,,16561.0,MTO,1000.0,12.2%,15561.0,,15561.0,7200.0,7200.0,,,,,8361.0,,Short Delivery | Forecast Bullseye,"Dispatch 12% of committed (1,000 vs 8,200). MTO item — demand is order-driven. Forecast hit dead-on (0% variance) — strong demand sensing. Action: recover shortfall of 7,200 units.",Healthy Stock,"Produced 0 units against committed 8,200 units.",Ops accepted Sales forecast in full. No capacity gap at plan stage.,,56664.0,,,,106200.0,,,,,,,
SSWD-12mm,WP M04 B01 J3 FG,Regular,11300.0,11300.0,,11300.0,,100%,10749.0,15200.0,,,25949.0,MTS,9400.0,83.2%,16549.0,230.0,16319.0,1900.0,1900.0,,,,14419.0,,,Short Delivery | Forecast Bullseye,"Dispatch 83% of committed (9,400 vs 11,300). MTS item — buffer stock + green level matters. Forecast hit dead-on (0% variance) — strong demand sensing. Action: recover shortfall of 1,900 units.",Excess Inventory,"Produced 15,200 units against committed 11,300 units. Excess build-up of 14,419 units — throttle production.",Ops accepted Sales forecast in full. No capacity gap at plan stage.,99237.47,,781.0,781.0,,28025.0,,,,,,,
SS202-2,WP M04 B01 J3 RCM,Regular,4400.0,4400.0,,4400.0,,100%,1204.0,,,,1204.0,MTO,,0.0%,1204.0,,1204.0,4400.0,1204.0,,,3196.0,,,,Short Delivery | Forecast Bullseye,"Dispatch 0% of committed (0 vs 4,400). MTO item — demand is order-driven. Forecast hit dead-on (0% variance) — strong demand sensing. Action: recover shortfall of 4,400 units.",Production Shortfall,"Produced 0 units against committed 4,400 units. Shortfall of 3,196 units — expedite production or procure.",Ops accepted Sales forecast in full. No capacity gap at plan stage.,,,3196.0,,,,,,,,,,
SSWD-12mm,WP M04 B01 J3 TTR,Regular,1600.0,1600.0,,1600.0,,100%,2698.0,,,,2698.0,MTO,2000.0,125.0%,698.0,,698.0,,,,,,,1098.0,400.0,Over-Delivered | Forecast Bullseye,"Dispatch 125% of committed (2,000 vs 1,600). MTO item — demand is order-driven. Forecast hit dead-on (0% variance) — strong demand sensing. Action: review over-commit of 400 units.",Unsold MTO Stock,"Produced 0 units against committed 1,600 units.",Ops accepted Sales forecast in full. No capacity gap at plan stage.,,7224.28,,,,,,,5900.0,400.0,,5900.0,
SSWD-12mm,WP M04 B01 J3 WH,Regular,,,,,,,,,3200.0,3200.0,,MTS,3200.0,,-3200.0,5733.33,,,,,,,,,3200.0,Forecast Bullseye,"Dispatch 3,200 units (no committed demand). MTS item — buffer stock + green level matters. Forecast hit dead-on (0% variance) — strong demand sensing. Action: review over-commit of 3,200 units.",Stock-Out Risk,"Produced 0 units against committed 0 units. Closing -3,200 units. Green level 5,733 (-0.6x cover) — ⚠ Safety breach — replenish urgently.",Ops accepted Sales forecast in full. No capacity gap at plan stage.,,,5733.33,,,,,,47200.0,,3200.0,,47200.0
SS202-2,WP M04 B01 J3 YCA,Regular,,,,,,,2240.0,,,,2240.0,MTO,,,2240.0,,2240.0,,,,,,,2240.0,,Forecast Bullseye,Dispatch 0 units (no committed demand). MTO item — demand is order-driven. Forecast hit dead-on (0% variance) — strong demand sensing. No open commitment gap.,Unsold MTO Stock,Produced 0 units against committed 0 units.,Ops accepted Sales forecast in full. No capacity gap at plan stage.,,14895.26,,,,,,,,,,,
SSWD-12mm,WP M04 B01 J32,Regular,23500.0,23500.0,,23500.0,,100%,8135.0,29200.0,,,37335.0,MTS,26500.0,112.8%,10835.0,14833.33,,,,,,,,,3000.0,Over-Delivered | Forecast Bullseye,"Dispatch 113% of committed (26,500 vs 23,500). MTS item — buffer stock + green level matters. Forecast hit dead-on (0% variance) — strong demand sensing. Action: review over-commit of 3,000 units.",Below Safety,"Produced 29,200 units against committed 23,500 units. Closing 10,835 units. Green level 14,833 (0.7x cover) — ⚠ Safety breach — replenish urgently.",Ops accepted Sales forecast in full. No capacity gap at plan stage.,,,30198.33,29200.0,,,,,44250.0,,3000.0,,44250.0
SS202-1,WP M04 B01 J32 RCM1,Regular,600.0,600.0,,600.0,,100%,2000.0,,,,2000.0,MTO,,0.0%,2000.0,,2000.0,600.0,600.0,,,,,1400.0,,Short Delivery | Forecast Bullseye,Dispatch 0% of committed (0 vs 600). MTO item — demand is order-driven. Forecast hit dead-on (0% variance) — strong demand sensing. Action: recover shortfall of 600 units.,Healthy Stock,Produced 0 units against committed 600 units.,Ops accepted Sales forecast in full. No capacity gap at plan stage.,,7619.43,,,,,,,,,,,
SSWD-12mm,WP M04 B01 J3X (60-85) JD,Regular,43700.0,43700.0,,43700.0,,100%,,9725.0,,,9725.0,MTS,14445.0,33.1%,-4720.0,,,29255.0,,,,29255.0,,,,Short Delivery | Forecast Bullseye,"Dispatch 33% of committed (14,445 vs 43,700). MTS item — buffer stock + green level matters. Forecast hit dead-on (0% variance) — strong demand sensing. Action: recover shortfall of 29,255 units.",Production Shortfall,"Produced 9,725 units against committed 43,700 units. Shortfall of 33,975 units — expedite production or procure.",Ops accepted Sales forecast in full. No capacity gap at plan stage.,,,43700.0,9725.0,431511.25,,,,,,,,
SSWD-12mm,WP M04 B01 J3X (KOEL),Regular,2000.0,2000.0,,2000.0,,100%,2655.0,4900.0,,,7555.0,MTS,3000.0,150.0%,4555.0,3000.0,1555.0,,,,,,2555.0,,1000.0,Over-Delivered | Forecast Bullseye,"Dispatch 150% of committed (3,000 vs 2,000). MTS item — buffer stock + green level matters. Forecast hit dead-on (0% variance) — strong demand sensing. Action: review over-commit of 1,000 units.",Excess Inventory,"Produced 4,900 units against committed 2,000 units. Excess build-up of 2,555 units — throttle production.",Ops accepted Sales forecast in full. No capacity gap at plan stage.,18998.09,,2345.0,2345.0,,,,,14750.0,655.0,345.0,9661.25,5088.75
SS202-2,WP M04 B01 J3X JD,Regular,,,,,,,19621.0,,,,19621.0,MTS,,,19621.0,11583.33,8037.67,,,,,,,8037.67,,Forecast Bullseye,Dispatch 0 units (no committed demand). MTS item — buffer stock + green level matters. Forecast hit dead-on (0% variance) — strong demand sensing. No open commitment gap.,Healthy Stock,Produced 0 units against committed 0 units. Production and inventory in healthy state.,Ops accepted Sales forecast in full. No capacity gap at plan stage.,,58490.02,,,,,,,,,,,
SSWD-12mm,WP M04 B01 J3X MM,Regular,,,,,,,1055.0,5.0,,1050.0,10.0,MTO,,,10.0,,10.0,,,,,,5.0,1055.0,,Forecast Bullseye,Dispatch 0 units (no committed demand). MTO item — demand is order-driven. Forecast hit dead-on (0% variance) — strong demand sensing. No open commitment gap.,Over-Production,Produced 5 units against committed 0 units. Red flag — produced 5 units more than ordered. Investigate planning breakdown.,Ops accepted Sales forecast in full. No capacity gap at plan stage.,39.22,8274.58,,,,,,,,,,,
SS202-2,WP M04 B01 J3X OEM,Regular,,,,,,,8875.0,,,,8875.0,MTO,,,8875.0,,8875.0,,,,,,,8875.0,,Forecast Bullseye,Dispatch 0 units (no committed demand). MTO item — demand is order-driven. Forecast hit dead-on (0% variance) — strong demand sensing. No open commitment gap.,Unsold MTO Stock,Produced 0 units against committed 0 units.,Ops accepted Sales forecast in full. No capacity gap at plan stage.,,65039.46,,,,,,,,,,,
SSWD-12mm,WP M04 B01 J3X TF,Regular,8100.0,8100.0,,8100.0,,100%,11830.0,12700.0,,,24530.0,MTS,18000.0,222.2%,6530.0,11833.33,,,,,,,4596.67,,9900.0,Over-Delivered | Forecast Bullseye,"Dispatch 222% of committed (18,000 vs 8,100). MTS item — buffer stock + green level matters. Forecast hit dead-on (0% variance) — strong demand sensing. Action: review over-commit of 9,900 units.",Below Safety | Excess Inventory,"Produced 12,700 units against committed 8,100 units. Closing 6,530 units. Green level 11,833 (0.6x cover) — ⚠ Safety breach — replenish urgently. Excess build-up of 4,597 units — throttle production.",Ops accepted Sales forecast in full. No capacity gap at plan stage.,37041.04,,8103.33,8103.33,,,,,146025.0,3730.0,6170.0,55017.5,91007.5
SSWD-12mm,WP M04 B01 J3X WH,Regular,5000.0,5000.0,,5000.0,,100%,,15350.0,12250.0,11200.0,16400.0,MTS,11200.0,224.0%,5200.0,2000.0,3200.0,,,,,,8350.0,,6200.0,Over-Delivered | Forecast Bullseye,"Dispatch 224% of committed (11,200 vs 5,000). MTS item — buffer stock + green level matters. Forecast hit dead-on (0% variance) — strong demand sensing. Action: review over-commit of 6,200 units.",Excess Inventory,"Produced 15,350 units against committed 5,000 units. Excess build-up of 8,350 units — throttle production.",Ops accepted Sales forecast in full. No capacity gap at plan stage.,,,7000.0,7000.0,,,,,91450.0,,6200.0,,91450.0
SSWD-12mm,WP M04 B01 J4 (KOEL),Regular,2500.0,2500.0,,2500.0,,100%,452.0,2300.0,,,2752.0,MTO,2300.0,92.0%,452.0,,452.0,200.0,200.0,,,,252.0,,,On Target | Forecast Bullseye,"Dispatch 92% of committed (2,300 vs 2,500). MTO item — demand is order-driven. Forecast hit dead-on (0% variance) — strong demand sensing. Action: recover shortfall of 200 units.",Over-Production,"Produced 2,300 units against committed 2,500 units. Red flag — produced 252 units more than ordered. Investigate planning breakdown.",Ops accepted Sales forecast in full. No capacity gap at plan stage.,2186.51,,2048.0,2048.0,,2950.0,,,,,,,
SSWD-12mm,WP M04 B01 J4 3M,Regular,1700.0,1700.0,,3000.0,1300.0,24%,2394.0,1524.0,,,3918.0,MTO,300.0,10.0%,3618.0,,3618.0,2700.0,2700.0,,,,1524.0,,,Short Delivery | Forecast Drift (Major),"Dispatch 10% of committed (300 vs 3,000). MTO item — demand is order-driven. 🚩 Major forecast uplift of 76% — late demand surge. Action: recover shortfall of 2,700 units.",Over-Production,"Produced 1,524 units against committed 3,000 units. Red flag — produced 1,524 units more than ordered. Investigate planning breakdown.",Ops accepted Sales forecast in full. No capacity gap at plan stage.,12254.71,,,,,39825.0,,,,,,,
SS202-2,WP M04 B01 J4 AL,Regular,,,,,,,2103.0,,,,2103.0,MTO,,,2103.0,,2103.0,,,,,,,2103.0,,Forecast Bullseye,Dispatch 0 units (no committed demand). MTO item — demand is order-driven. Forecast hit dead-on (0% variance) — strong demand sensing. No open commitment gap.,Unsold MTO Stock,Produced 0 units against committed 0 units.,Ops accepted Sales forecast in full. No capacity gap at plan stage.,,18968.93,,,,,,,,,,,
SSWD-12mm,WP M04 B01 J4 FG,Regular,24200.0,24200.0,,24200.0,,100%,13227.0,24100.0,,,37327.0,MTS,20600.0,85.1%,16727.0,8464.0,8263.0,3600.0,3600.0,,,,4663.0,,,Short Delivery | Forecast Bullseye,"Dispatch 85% of committed (20,600 vs 24,200). MTS item — buffer stock + green level matters. Forecast hit dead-on (0% variance) — strong demand sensing. Action: recover shortfall of 3,600 units.",Production Surplus,"Produced 24,100 units against committed 24,200 units.",Ops accepted Sales forecast in full. No capacity gap at plan stage.,41094.6,,19437.0,19437.0,,53100.0,,,,,,,
SS202-2,WP M04 B01 J4 FG1,Regular,,,,,,,1.0,,,,1.0,MTO,,,1.0,,1.0,,,,,,,1.0,,Forecast Bullseye,Dispatch 0 units (no committed demand). MTO item — demand is order-driven. Forecast hit dead-on (0% variance) — strong demand sensing. No open commitment gap.,Unsold MTO Stock,Produced 0 units against committed 0 units.,Ops accepted Sales forecast in full. No capacity gap at plan stage.,,3.42,,,,,,,,,,,
SSWD-12mm,WP M04 B01 J4 FM,Regular,400.0,400.0,,400.0,,100%,3811.0,,,1750.0,2061.0,MTO,,0.0%,2061.0,,2061.0,400.0,400.0,,,,,3411.0,,Short Delivery | Forecast Bullseye,Dispatch 0% of committed (0 vs 400). MTO item — demand is order-driven. Forecast hit dead-on (0% variance) — strong demand sensing. Action: recover shortfall of 400 units.,Healthy Stock,Produced 0 units against committed 400 units.,Ops accepted Sales forecast in full. No capacity gap at plan stage.,,27527.45,,,,5900.0,,,,,,,
SSWD-12mm,WP M04 B01 J4 MM,Regular,,,,,,,2671.0,70.0,,2550.0,191.0,MTO,,,191.0,,191.0,,,,,,70.0,2671.0,,Forecast Bullseye,Dispatch 0 units (no committed demand). MTO item — demand is order-driven. Forecast hit dead-on (0% variance) — strong demand sensing. No open commitment gap.,Over-Production,Produced 70 units against committed 0 units. Red flag — produced 70 units more than ordered. Investigate planning breakdown.,Ops accepted Sales forecast in full. No capacity gap at plan stage.,593.19,22634.27,,,,,,,,,,,
SS202-2,WP M04 B01 J4 RCM,Regular,,,,,,,478.0,,,,478.0,MTO,,,478.0,,478.0,,,,,,,478.0,,Forecast Bullseye,Dispatch 0 units (no committed demand). MTO item — demand is order-driven. Forecast hit dead-on (0% variance) — strong demand sensing. No open commitment gap.,Unsold MTO Stock,Produced 0 units against committed 0 units.,Ops accepted Sales forecast in full. No capacity gap at plan stage.,,1434.0,,,,,,,,,,,
,WP M04 B01 J4 RCM1,Regular,,,,,,,394.0,,,,394.0,TBC,,,394.0,,394.0,,,,,,,394.0,,Forecast Bullseye,Dispatch 0 units (no committed demand). Forecast hit dead-on (0% variance) — strong demand sensing. No open commitment gap.,Healthy Stock,Produced 0 units against committed 0 units.,Ops accepted Sales forecast in full. No capacity gap at plan stage.,,3057.26,,,,,,,,,,,
SSWD-12mm,WP M04 B01 J4 TF,Regular,800.0,800.0,,800.0,,100%,2151.0,1500.0,,,3651.0,MTO,1500.0,187.5%,2151.0,,2151.0,,,,,,1500.0,1351.0,700.0,Over-Delivered | Forecast Bullseye,"Dispatch 188% of committed (1,500 vs 800). MTO item — demand is order-driven. Forecast hit dead-on (0% variance) — strong demand sensing. Action: review over-commit of 700 units.",Over-Production,"Produced 1,500 units against committed 800 units. Red flag — produced 1,500 units more than ordered. Investigate planning breakdown.",Ops accepted Sales forecast in full. No capacity gap at plan stage.,12919.98,11636.6,,,,,,,10325.0,700.0,,10325.0,
SSWD-12mm,WP M04 B01 J4 WH,Regular,3100.0,3100.0,,3100.0,,100%,,1650.0,11405.0,4000.0,9055.0,MTS,4000.0,129.0%,5055.0,2000.0,3055.0,,,,,,,,900.0,Over-Delivered | Forecast Bullseye,"Dispatch 129% of committed (4,000 vs 3,100). MTS item — buffer stock + green level matters. Forecast hit dead-on (0% variance) — strong demand sensing. Action: review over-commit of 900 units.",Healthy Stock,"Produced 1,650 units against committed 3,100 units. Production and inventory in healthy state.",Ops accepted Sales forecast in full. No capacity gap at plan stage.,,,5100.0,1650.0,,,,,13275.0,,900.0,,13275.0
SSWD-12mm,WP M04 B01 J4 YCA,Regular,,,,,,,3105.0,,,3105.0,,MTO,,,0.0,,,,,,,,,3105.0,,Forecast Bullseye,Dispatch 0 units (no committed demand). MTO item — demand is order-driven. Forecast hit dead-on (0% variance) — strong demand sensing. No open commitment gap.,Healthy Stock,Produced 0 units against committed 0 units. Production and inventory in healthy state.,Ops accepted Sales forecast in full. No capacity gap at plan stage.,,24608.86,,,,,,,,,,,
SSWD-12mm,WP M04 B01 J45A (KOEL),Regular,8200.0,8200.0,,8200.0,,100%,1099.0,9900.0,,,10999.0,MTS,8000.0,97.6%,2999.0,3000.0,,200.0,200.0,,,,,,,On Target | Forecast Bullseye,"Dispatch 98% of committed (8,000 vs 8,200). MTS item — buffer stock + green level matters. Forecast hit dead-on (0% variance) — strong demand sensing. Action: recover shortfall of 200 units.",Below Safety,"Produced 9,900 units against committed 8,200 units. Closing 2,999 units. Green level 3,000 (1.0x cover) — ⚠ Safety breach — replenish urgently.",Ops accepted Sales forecast in full. No capacity gap at plan stage.,,,10101.0,9900.0,,2950.0,,,,,,,
SS202-1,WP M04 B01 J45A 3M,Regular,,,,,,,26.0,,,,26.0,MTO,,,26.0,,26.0,,,,,,,26.0,,Forecast Bullseye,Dispatch 0 units (no committed demand). MTO item — demand is order-driven. Forecast hit dead-on (0% variance) — strong demand sensing. No open commitment gap.,Unsold MTO Stock,Produced 0 units against committed 0 units.,Ops accepted Sales forecast in full. No capacity gap at plan stage.,,148.84,,,,,,,,,,,
SSWD-12mm,WP M04 B01 J45A FG,Regular,5100.0,5100.0,,5100.0,,100%,11447.0,5000.0,2000.0,,18447.0,MTS,9450.0,185.3%,8997.0,2731.0,6266.0,,,,,,5000.0,3616.0,4350.0,Over-Delivered | Forecast Bullseye,"Dispatch 185% of committed (9,450 vs 5,100). MTS item — buffer stock + green level matters. Forecast hit dead-on (0% variance) — strong demand sensing. Action: review over-commit of 4,350 units.",Excess Inventory,"Produced 5,000 units against committed 5,100 units. Excess build-up of 5,000 units — throttle production.",Ops accepted Sales forecast in full. No capacity gap at plan stage.,30210.9,21848.52,,,,,,,64162.5,4350.0,,64162.5,
SSWD-12mm,WP M04 B01 J45A OEM,Regular,10000.0,10000.0,,10000.0,,100%,19157.0,12000.0,,2000.0,29157.0,MTS,16000.0,160.0%,13157.0,15020.0,,,,,,,6137.0,,6000.0,Over-Delivered | Forecast Bullseye,"Dispatch 160% of committed (16,000 vs 10,000). MTS item — buffer stock + green level matters. Forecast hit dead-on (0% variance) — strong demand sensing. Action: review over-commit of 6,000 units.",Below Safety | Excess Inventory,"Produced 12,000 units against committed 10,000 units. Closing 13,157 units. Green level 15,020 (0.9x cover) — ⚠ Safety breach — replenish urgently. Excess build-up of 6,137 units — throttle production.",Ops accepted Sales forecast in full. No capacity gap at plan stage.,36346.51,,5863.0,5863.0,,,,,88500.0,6000.0,,88500.0,
SSWD-12mm,WP M04 B01 J45A WH,Regular,8000.0,8000.0,,8000.0,,100%,,15000.0,20000.0,20000.0,15000.0,MTS,20000.0,250.0%,-5000.0,6533.33,,,,,,,466.67,,12000.0,Over-Delivered | Forecast Bullseye,"Dispatch 250% of committed (20,000 vs 8,000). MTS item — buffer stock + green level matters. Forecast hit dead-on (0% variance) — strong demand sensing. Action: review over-commit of 12,000 units.",Stock-Out Risk | Production Surplus,"Produced 15,000 units against committed 8,000 units. Closing -5,000 units. Green level 6,533 (-0.8x cover) — ⚠ Safety breach — replenish urgently.",Ops accepted Sales forecast in full. No capacity gap at plan stage.,,,14533.33,14533.33,,,,,177000.0,,12000.0,,177000.0
SSWD-12mm,WP M04 B01 J4X (KOEL),Regular,400.0,400.0,,400.0,,100%,37.0,550.0,,,587.0,MTO,200.0,50.0%,387.0,,387.0,200.0,200.0,,,,187.0,,,Short Delivery | Forecast Bullseye,Dispatch 50% of committed (200 vs 400). MTO item — demand is order-driven. Forecast hit dead-on (0% variance) — strong demand sensing. Action: recover shortfall of 200 units.,Over-Production,Produced 550 units against committed 400 units. Red flag — produced 187 units more than ordered. Investigate planning breakdown.,Ops accepted Sales forecast in full. No capacity gap at plan stage.,1713.31,,363.0,363.0,,2950.0,,,,,,,
SSWD-12mm,WP M04 B01 J4X FM,Regular,,,,,,,742.0,7.0,,735.0,14.0,MTO,,,14.0,,14.0,,,,,,7.0,742.0,,Forecast Bullseye,Dispatch 0 units (no committed demand). MTO item — demand is order-driven. Forecast hit dead-on (0% variance) — strong demand sensing. No open commitment gap.,Over-Production,Produced 7 units against committed 0 units. Red flag — produced 7 units more than ordered. Investigate planning breakdown.,Ops accepted Sales forecast in full. No capacity gap at plan stage.,60.39,6401.19,,,,,,,,,,,
SSWD-12mm,WP M04 B01 J4X WH,Regular,4000.0,4000.0,,4000.0,,100%,,4200.0,4000.0,4000.0,4200.0,MTS,4000.0,100.0%,200.0,2000.0,,,,,,,,,,On Target | Forecast Bullseye,"Dispatch 100% of committed (4,000 vs 4,000). MTS item — buffer stock + green level matters. Forecast hit dead-on (0% variance) — strong demand sensing. No open commitment gap.",Stock-Out Risk,"Produced 4,200 units against committed 4,000 units. Closing 200 units. Green level 2,000 (0.1x cover) — ⚠ Safety breach — replenish urgently.",Ops accepted Sales forecast in full. No capacity gap at plan stage.,,,6000.0,4200.0,,,,,,,,,
SS202-2,WP M04 B01 J4X YCA,Regular,,,,,,,2077.0,,,,2077.0,MTO,,,2077.0,,2077.0,,,,,,,2077.0,,Forecast Bullseye,Dispatch 0 units (no committed demand). MTO item — demand is order-driven. Forecast hit dead-on (0% variance) — strong demand sensing. No open commitment gap.,Unsold MTO Stock,Produced 0 units against committed 0 units.,Ops accepted Sales forecast in full. No capacity gap at plan stage.,,18042.36,,,,,,,,,,,
SS202-2,WP M04 B01 J5 (KOEL),Regular,100.0,100.0,,100.0,,100%,7719.0,,,,7719.0,MTO,,0.0%,7719.0,,7719.0,100.0,100.0,,,,,7619.0,,Short Delivery | Forecast Bullseye,Dispatch 0% of committed (0 vs 100). MTO item — demand is order-driven. Forecast hit dead-on (0% variance) — strong demand sensing. Action: recover shortfall of 100 units.,Healthy Stock,Produced 0 units against committed 100 units.,Ops accepted Sales forecast in full. No capacity gap at plan stage.,,55597.37,,,,,,,,,,,
SSWD-12mm,WP M04 B01 J5 FG,Regular,,,,,,,1249.0,,,1225.0,24.0,MTO,,,24.0,,24.0,,,,,,,1249.0,,Forecast Bullseye,Dispatch 0 units (no committed demand). MTO item — demand is order-driven. Forecast hit dead-on (0% variance) — strong demand sensing. No open commitment gap.,Unsold MTO Stock,Produced 0 units against committed 0 units.,Ops accepted Sales forecast in full. No capacity gap at plan stage.,,11783.29,,,,,,,,,,,
,WP M04 B01 J5 OEM,Regular,,,,,,,5.0,,,,5.0,TBC,,,5.0,,5.0,,,,,,,5.0,,Forecast Bullseye,Dispatch 0 units (no committed demand). Forecast hit dead-on (0% variance) — strong demand sensing. No open commitment gap.,Healthy Stock,Produced 0 units against committed 0 units.,Ops accepted Sales forecast in full. No capacity gap at plan stage.,,43.87,,,,,,,,,,,
SSWD-12mm,WP M04 B01 J5 WH,Regular,600.0,600.0,,600.0,,100%,,1000.0,2025.0,800.0,2225.0,MTO,800.0,133.3%,1425.0,,1425.0,,,,,,400.0,,200.0,Over-Delivered | Forecast Bullseye,Dispatch 133% of committed (800 vs 600). MTO item — demand is order-driven. Forecast hit dead-on (0% variance) — strong demand sensing. Action: review over-commit of 200 units.,Over-Production,"Produced 1,000 units against committed 600 units. Red flag — produced 400 units more than ordered. Investigate planning breakdown.",Ops accepted Sales forecast in full. No capacity gap at plan stage.,,,600.0,600.0,,,,,2950.0,,200.0,,2950.0
SS202-2 TM,WP M04 B01 J560 (SS),Regular,,,,,,,3937.0,,,,3937.0,MTO,,,3937.0,,3937.0,,,,,,,3937.0,,Forecast Bullseye,Dispatch 0 units (no committed demand). MTO item — demand is order-driven. Forecast hit dead-on (0% variance) — strong demand sensing. No open commitment gap.,Unsold MTO Stock,Produced 0 units against committed 0 units.,Ops accepted Sales forecast in full. No capacity gap at plan stage.,,127021.64,,,,,,,,,,,
SSWD-12mm,WP M04 B01 J575S WH,Regular,,,,,,,,400.0,400.0,400.0,400.0,MTO,400.0,,0.0,,,,,,,,400.0,,400.0,Forecast Bullseye,Dispatch 400 units (no committed demand). MTO item — demand is order-driven. Forecast hit dead-on (0% variance) — strong demand sensing. Action: review over-commit of 400 units.,Over-Production,Produced 400 units against committed 0 units. Red flag — produced 400 units more than ordered. Investigate planning breakdown.,Ops accepted Sales forecast in full. No capacity gap at plan stage.,,,,,,,,,5900.0,,400.0,,5900.0
SS202-2,WP M04 B01 J5X OEM,Regular,,,,,,,100.0,,,,100.0,MTO,,,100.0,,100.0,,,,,,,100.0,,Forecast Bullseye,Dispatch 0 units (no committed demand). MTO item — demand is order-driven. Forecast hit dead-on (0% variance) — strong demand sensing. No open commitment gap.,Unsold MTO Stock,Produced 0 units against committed 0 units.,Ops accepted Sales forecast in full. No capacity gap at plan stage.,,985.57,,,,,,,,,,,
,WP M04 B01 J5X OEM1,Regular,,,,,,,5.0,,,,5.0,TBC,,,5.0,,5.0,,,,,,,5.0,,Forecast Bullseye,Dispatch 0 units (no committed demand). Forecast hit dead-on (0% variance) — strong demand sensing. No open commitment gap.,Healthy Stock,Produced 0 units against committed 0 units.,Ops accepted Sales forecast in full. No capacity gap at plan stage.,,44.96,,,,,,,,,,,
SS202-2,WP M04 B01 J5X RCM,Regular,3000.0,3000.0,,3000.0,,100%,1143.0,,,,1143.0,MTO,,0.0%,1143.0,,1143.0,3000.0,1143.0,,,1857.0,,,,Short Delivery | Forecast Bullseye,"Dispatch 0% of committed (0 vs 3,000). MTO item — demand is order-driven. Forecast hit dead-on (0% variance) — strong demand sensing. Action: recover shortfall of 3,000 units.",Production Shortfall,"Produced 0 units against committed 3,000 units. Shortfall of 1,857 units — expedite production or procure.",Ops accepted Sales forecast in full. No capacity gap at plan stage.,,,1857.0,,,,,,,,,,
SSWD-12mm,WP M04 B01 J5X WH,Regular,1000.0,1000.0,,1000.0,,100%,,3619.0,2800.0,2800.0,3619.0,MTO,2800.0,280.0%,819.0,,819.0,,,,,,2619.0,,1800.0,Over-Delivered | Forecast Bullseye,"Dispatch 280% of committed (2,800 vs 1,000). MTO item — demand is order-driven. Forecast hit dead-on (0% variance) — strong demand sensing. Action: review over-commit of 1,800 units.",Over-Production,"Produced 3,619 units against committed 1,000 units. Red flag — produced 2,619 units more than ordered. Investigate planning breakdown.",Ops accepted Sales forecast in full. No capacity gap at plan stage.,,,1000.0,1000.0,,,,,26550.0,,1800.0,,26550.0
SSWD-12mm,WP M04 B01 J6 (KOEL),Regular,2000.0,2000.0,,2000.0,,100%,1431.0,2250.0,,,3681.0,MTS,3000.0,150.0%,681.0,2000.0,,,,,,,,,1000.0,Over-Delivered | Forecast Bullseye,"Dispatch 150% of committed (3,000 vs 2,000). MTS item — buffer stock + green level matters. Forecast hit dead-on (0% variance) — strong demand sensing. Action: review over-commit of 1,000 units.",Stock-Out Risk,"Produced 2,250 units against committed 2,000 units. Closing 681 units. Green level 2,000 (0.3x cover) — ⚠ Safety breach — replenish urgently.",Ops accepted Sales forecast in full. No capacity gap at plan stage.,,,2569.0,2250.0,,,,,14750.0,,1000.0,,14750.0
SSWD-12mm,WP M04 B01 J6 3M,Regular,2200.0,2200.0,,1000.0,-1200.0,45%,270.0,,,,270.0,MTO,2000.0,200.0%,-1730.0,,,,,,200.0,200.0,,,1000.0,Over-Delivered | Forecast Drift (Major),"Dispatch 200% of committed (2,000 vs 1,000). MTO item — demand is order-driven. 🚩 Major forecast cut of 55% — severe over-promise. Action: review over-commit of 1,000 units.",Production Shortfall,"Produced 0 units against committed 1,000 units. Shortfall of 730 units — expedite production or procure.",Ops accepted Sales forecast in full. No capacity gap at plan stage.,,,1930.0,,2950.0,,,2950.0,14750.0,,1000.0,,14750.0
SSWD-12mm,WP M04 B01 J6 MTBL,Regular,1500.0,1500.0,,1500.0,,100%,138.0,900.0,500.0,500.0,1038.0,MTO,500.0,33.3%,538.0,,538.0,1000.0,538.0,,,462.0,,,,Short Delivery | Forecast Bullseye,"Dispatch 33% of committed (500 vs 1,500). MTO item — demand is order-driven. Forecast hit dead-on (0% variance) — strong demand sensing. Action: recover shortfall of 1,000 units.",Production Shortfall,"Produced 900 units against committed 1,500 units. Shortfall of 462 units — expedite production or procure.",Ops accepted Sales forecast in full. No capacity gap at plan stage.,,,1362.0,900.0,6814.5,7935.5,,,,,,,
SS202-2,WP M04 B01 J6 TF,Regular,600.0,600.0,,600.0,,100%,270.0,,,,270.0,MTO,,0.0%,270.0,,270.0,600.0,270.0,,,330.0,,,,Short Delivery | Forecast Bullseye,Dispatch 0% of committed (0 vs 600). MTO item — demand is order-driven. Forecast hit dead-on (0% variance) — strong demand sensing. Action: recover shortfall of 600 units.,Production Shortfall,Produced 0 units against committed 600 units. Shortfall of 330 units — expedite production or procure.,Ops accepted Sales forecast in full. No capacity gap at plan stage.,,,330.0,,,,,,,,,,
SSWD-12mm,WP M04 B01 J6 WH,Regular,3200.0,3200.0,,3200.0,,100%,,139.0,2400.0,2400.0,139.0,MTO,2000.0,62.5%,-1861.0,,,1200.0,,,,1200.0,,,,Short Delivery | Forecast Bullseye,"Dispatch 62% of committed (2,000 vs 3,200). MTO item — demand is order-driven. Forecast hit dead-on (0% variance) — strong demand sensing. Action: recover shortfall of 1,200 units.",Production Shortfall,"Produced 139 units against committed 3,200 units. Shortfall of 3,061 units — expedite production or procure.",Ops accepted Sales forecast in full. No capacity gap at plan stage.,,,3200.0,139.0,17700.0,,,,,,,,
SSWD-12mm,WP M04 B01 J6 YCA,Regular,,,,,,,9195.0,40.0,,,9235.0,MTO,,,9235.0,,9235.0,,,,,,40.0,9195.0,,Forecast Bullseye,Dispatch 0 units (no committed demand). MTO item — demand is order-driven. Forecast hit dead-on (0% variance) — strong demand sensing. No open commitment gap.,Over-Production,Produced 40 units against committed 0 units. Red flag — produced 40 units more than ordered. Investigate planning breakdown.,Ops accepted Sales forecast in full. No capacity gap at plan stage.,377.99,86891.09,,,,,,,,,,,
SS202-2 TM,WP M04 B01 J610 (SS),Regular,2000.0,2000.0,,2000.0,,100%,1202.0,,,,1202.0,MTO,,0.0%,1202.0,,1202.0,2000.0,1202.0,,,798.0,,,,Short Delivery | Forecast Bullseye,"Dispatch 0% of committed (0 vs 2,000). MTO item — demand is order-driven. Forecast hit dead-on (0% variance) — strong demand sensing. Action: recover shortfall of 2,000 units.",Production Shortfall,"Produced 0 units against committed 2,000 units. Shortfall of 798 units — expedite production or procure.",Ops accepted Sales forecast in full. No capacity gap at plan stage.,,,798.0,,,,,,,,,,
SSWD-12mm,WP M04 B01 J65A AL,Regular,800.0,800.0,,800.0,,100%,818.0,,,168.0,650.0,MTO,,0.0%,650.0,,650.0,800.0,650.0,,,150.0,,18.0,,Short Delivery | Forecast Bullseye,Dispatch 0% of committed (0 vs 800). MTO item — demand is order-driven. Forecast hit dead-on (0% variance) — strong demand sensing. Action: recover shortfall of 800 units.,Production Shortfall,Produced 0 units against committed 800 units. Shortfall of 150 units — expedite production or procure.,Ops accepted Sales forecast in full. No capacity gap at plan stage.,,134.68,,,2212.5,9587.5,,,,,,,
SSWD-12mm,WP M04 B01 J65A FM,Regular,4300.0,4300.0,,4300.0,,100%,17375.0,,,,17375.0,MTS,5000.0,116.3%,12375.0,5250.0,7125.0,,,,,,,7825.0,700.0,Over-Delivered | Forecast Bullseye,"Dispatch 116% of committed (5,000 vs 4,300). MTS item — buffer stock + green level matters. Forecast hit dead-on (0% variance) — strong demand sensing. Action: review over-commit of 700 units.",Healthy Stock,"Produced 0 units against committed 4,300 units. Production and inventory in healthy state.",Ops accepted Sales forecast in full. No capacity gap at plan stage.,,56465.2,,,,,,,10325.0,700.0,,10325.0,
SSWD-12mm,WP M04 B01 J65A JD,Regular,76000.0,76000.0,,76000.0,,100%,32224.0,6900.0,,,39124.0,MTS,25000.0,32.9%,14124.0,16666.67,,51000.0,14124.0,,,36876.0,,,,Short Delivery | Forecast Bullseye,"Dispatch 33% of committed (25,000 vs 76,000). MTS item — buffer stock + green level matters. Forecast hit dead-on (0% variance) — strong demand sensing. Action: recover shortfall of 51,000 units.",Production Shortfall | Below Safety,"Produced 6,900 units against committed 76,000 units. Shortfall of 36,876 units — expedite production or procure. Closing 14,124 units. Green level 16,667 (0.8x cover) — ⚠ Safety breach — replenish urgently.",Ops accepted Sales forecast in full. No capacity gap at plan stage.,,,60442.67,6900.0,543921.0,208329.0,,,,,,,
SSWD-12mm,WP M04 B01 J65A MM,Regular,14600.0,14600.0,,14600.0,,100%,7196.0,,10000.0,10000.0,7196.0,MTS,10000.0,68.5%,-2804.0,8750.0,,4600.0,,,,4600.0,,,,Short Delivery | Forecast Bullseye,"Dispatch 68% of committed (10,000 vs 14,600). MTS item — buffer stock + green level matters. Forecast hit dead-on (0% variance) — strong demand sensing. Action: recover shortfall of 4,600 units.",Production Shortfall | Stock-Out Risk,"Produced 0 units against committed 14,600 units. Shortfall of 7,404 units — expedite production or procure. Closing -2,804 units. Green level 8,750 (-0.3x cover) — ⚠ Safety breach — replenish urgently.",Ops accepted Sales forecast in full. No capacity gap at plan stage.,,,16154.0,,67850.0,,,,,,,,
SS202-2,WP M04 B01 J65A RCM,Regular,,,,,,,500.0,,,,500.0,MTO,,,500.0,,500.0,,,,,,,500.0,,Forecast Bullseye,Dispatch 0 units (no committed demand). MTO item — demand is order-driven. Forecast hit dead-on (0% variance) — strong demand sensing. No open commitment gap.,Unsold MTO Stock,Produced 0 units against committed 0 units.,Ops accepted Sales forecast in full. No capacity gap at plan stage.,,7884.05,,,,,,,,,,,
SSWD-12mm,WP M04 B01 J65A WH,Regular,6000.0,6000.0,,6000.0,,100%,,5050.0,2568.0,2400.0,5218.0,MTS,2400.0,40.0%,2818.0,2300.0,518.0,3600.0,2818.0,,,782.0,,,,Short Delivery | Forecast Bullseye,"Dispatch 40% of committed (2,400 vs 6,000). MTS item — buffer stock + green level matters. Forecast hit dead-on (0% variance) — strong demand sensing. Action: recover shortfall of 3,600 units.",Production Shortfall,"Produced 5,050 units against committed 6,000 units. Shortfall of 782 units — expedite production or procure.",Ops accepted Sales forecast in full. No capacity gap at plan stage.,,,8300.0,5050.0,11534.5,41565.5,,,,,,,
SS202-2 TM,WP M04 B01 J660 (SS),Regular,,,,,,,1296.0,,,,1296.0,MTO,,,1296.0,,1296.0,,,,,,,1296.0,,Forecast Bullseye,Dispatch 0 units (no committed demand). MTO item — demand is order-driven. Forecast hit dead-on (0% variance) — strong demand sensing. No open commitment gap.,Unsold MTO Stock,Produced 0 units against committed 0 units.,Ops accepted Sales forecast in full. No capacity gap at plan stage.,,1296.0,,,,,,,,,,,
SSWD-12mm,WP M04 B01 J6X WH,Regular,1000.0,1000.0,,1000.0,,100%,,2900.0,2000.0,2000.0,2900.0,MTS,1200.0,120.0%,1700.0,2160.0,,,,,,,,,200.0,Over-Delivered | Forecast Bullseye,"Dispatch 120% of committed (1,200 vs 1,000). MTS item — buffer stock + green level matters. Forecast hit dead-on (0% variance) — strong demand sensing. Action: review over-commit of 200 units.",Below Safety,"Produced 2,900 units against committed 1,000 units. Closing 1,700 units. Green level 2,160 (0.8x cover) — ⚠ Safety breach — replenish urgently.",Ops accepted Sales forecast in full. No capacity gap at plan stage.,,,3160.0,2900.0,,,,,2950.0,,200.0,,2950.0
SSWD-12mm,WP M04 B01 J7 RCM,Regular,1200.0,1200.0,,1200.0,,100%,4360.0,,,298.0,4062.0,MTO,,0.0%,4062.0,,4062.0,1200.0,1200.0,,,,,3160.0,,Short Delivery | Forecast Bullseye,"Dispatch 0% of committed (0 vs 1,200). MTO item — demand is order-driven. Forecast hit dead-on (0% variance) — strong demand sensing. Action: recover shortfall of 1,200 units.",Healthy Stock,"Produced 0 units against committed 1,200 units.",Ops accepted Sales forecast in full. No capacity gap at plan stage.,,41906.02,,,,17700.0,,,,,,,
SSWD-12mm,WP M04 B01 J7 WH,Regular,,,,,,,,280.0,698.0,400.0,578.0,MTO,800.0,,-222.0,,,,,,,,280.0,,800.0,Forecast Bullseye,Dispatch 800 units (no committed demand). MTO item — demand is order-driven. Forecast hit dead-on (0% variance) — strong demand sensing. Action: review over-commit of 800 units.,Over-Production,Produced 280 units against committed 0 units. Red flag — produced 280 units more than ordered. Investigate planning breakdown.,Ops accepted Sales forecast in full. No capacity gap at plan stage.,,,,,,,,,11800.0,,800.0,,11800.0
SS202-2,WP M04 B01 J75A FG,Regular,,,,,,,850.0,,,,850.0,MTO,,,850.0,,850.0,,,,,,,850.0,,Forecast Bullseye,Dispatch 0 units (no committed demand). MTO item — demand is order-driven. Forecast hit dead-on (0% variance) — strong demand sensing. No open commitment gap.,Unsold MTO Stock,Produced 0 units against committed 0 units.,Ops accepted Sales forecast in full. No capacity gap at plan stage.,,24650.0,,,,,,,,,,,
SSWD-12mm,WP M04 B01 J75A MM,Regular,27700.0,27700.0,,27700.0,,100%,11851.0,1750.0,14000.0,14000.0,13601.0,MTS,17000.0,61.4%,-3399.0,16666.67,,10700.0,,,,10700.0,,,,Short Delivery | Forecast Bullseye,"Dispatch 61% of committed (17,000 vs 27,700). MTS item — buffer stock + green level matters. Forecast hit dead-on (0% variance) — strong demand sensing. Action: recover shortfall of 10,700 units.",Production Shortfall | Stock-Out Risk,"Produced 1,750 units against committed 27,700 units. Shortfall of 14,099 units — expedite production or procure. Closing -3,399 units. Green level 16,667 (-0.2x cover) — ⚠ Safety breach — replenish urgently.",Ops accepted Sales forecast in full. No capacity gap at plan stage.,,,32515.67,1750.0,157825.0,,,,,,,,
SSWD-12mm,WP M04 B01 J75A TF,Regular,35700.0,35700.0,,35700.0,,100%,60167.0,55050.0,,,115217.0,MTS,,0.0%,115217.0,42250.0,72967.0,35700.0,35700.0,,,,37267.0,,,Short Delivery | Forecast Bullseye,"Dispatch 0% of committed (0 vs 35,700). MTS item — buffer stock + green level matters. Forecast hit dead-on (0% variance) — strong demand sensing. Action: recover shortfall of 35,700 units.",Excess Inventory,"Produced 55,050 units against committed 35,700 units. Excess build-up of 37,267 units — throttle production.",Ops accepted Sales forecast in full. No capacity gap at plan stage.,295281.72,,17783.0,17783.0,,526575.0,,,,,,,
SSWD-12mm,WP M04 B01 J75A WH,Regular,2000.0,2000.0,,2000.0,,100%,,11500.0,4000.0,4000.0,11500.0,MTS,4000.0,200.0%,7500.0,2000.0,5500.0,,,,,,7500.0,,2000.0,Over-Delivered | Forecast Bullseye,"Dispatch 200% of committed (4,000 vs 2,000). MTS item — buffer stock + green level matters. Forecast hit dead-on (0% variance) — strong demand sensing. Action: review over-commit of 2,000 units.",Excess Inventory,"Produced 11,500 units against committed 2,000 units. Excess build-up of 7,500 units — throttle production.",Ops accepted Sales forecast in full. No capacity gap at plan stage.,,,4000.0,4000.0,,,,,29500.0,,2000.0,,29500.0
SS202-2,WP M04 B01 J85A MM,Regular,,,,,,,200.0,,,,200.0,MTO,,,200.0,,200.0,,,,,,,200.0,,Forecast Bullseye,Dispatch 0 units (no committed demand). MTO item — demand is order-driven. Forecast hit dead-on (0% variance) — strong demand sensing. No open commitment gap.,Unsold MTO Stock,Produced 0 units against committed 0 units.,Ops accepted Sales forecast in full. No capacity gap at plan stage.,,2176.0,,,,,,,,,,,
SS202-2,WP M04 B01 J9 JIO,Regular,,,,,,,715.0,,,,715.0,MTO,,,715.0,,715.0,,,,,,,715.0,,Forecast Bullseye,Dispatch 0 units (no committed demand). MTO item — demand is order-driven. Forecast hit dead-on (0% variance) — strong demand sensing. No open commitment gap.,Unsold MTO Stock,Produced 0 units against committed 0 units.,Ops accepted Sales forecast in full. No capacity gap at plan stage.,,11865.78,,,,,,,,,,,
SSWD-12mm,WP M04 B01 J9 WH,Regular,800.0,800.0,,800.0,,100%,,1000.0,1200.0,1200.0,1000.0,MTO,600.0,75.0%,400.0,,400.0,200.0,200.0,,,,200.0,,,Short Delivery | Forecast Bullseye,Dispatch 75% of committed (600 vs 800). MTO item — demand is order-driven. Forecast hit dead-on (0% variance) — strong demand sensing. Action: recover shortfall of 200 units.,Over-Production,"Produced 1,000 units against committed 800 units. Red flag — produced 200 units more than ordered. Investigate planning breakdown.",Ops accepted Sales forecast in full. No capacity gap at plan stage.,,,800.0,800.0,,2950.0,,,,,,,
SSWD-12mm,WP M04 B01 J90A RCM,Regular,10500.0,10500.0,,10500.0,,100%,468.0,14150.0,,,14618.0,MTS,1500.0,14.3%,13118.0,11416.67,1701.33,9000.0,9000.0,,,,,,,Short Delivery | Forecast Bullseye,"Dispatch 14% of committed (1,500 vs 10,500). MTS item — buffer stock + green level matters. Forecast hit dead-on (0% variance) — strong demand sensing. Action: recover shortfall of 9,000 units.",Healthy Stock,"Produced 14,150 units against committed 10,500 units. Production and inventory in healthy state.",Ops accepted Sales forecast in full. No capacity gap at plan stage.,,,21448.67,14150.0,,132750.0,,,,,,,
SSWD-14mm,WP M04 B02 J10 OEM,Regular,100.0,100.0,,100.0,,100%,1.0,,,,1.0,MTO,500.0,500.0%,-499.0,,,,,,,,,,400.0,Over-Delivered | Forecast Bullseye,Dispatch 500% of committed (500 vs 100). MTO item — demand is order-driven. Forecast hit dead-on (0% variance) — strong demand sensing. Action: review over-commit of 400 units.,Production Shortfall,Produced 0 units against committed 100 units. Shortfall of 99 units — expedite production or procure.,Ops accepted Sales forecast in full. No capacity gap at plan stage.,,,99.0,,,,,,12332.0,,400.0,,12332.0
SSWD-14mm,WP M04 B02 J1X OEM,Regular,1100.0,1100.0,,1100.0,,100%,5.0,10800.0,,,10805.0,MTO,4800.0,436.4%,6005.0,,6005.0,,,,,,9705.0,,3700.0,Over-Delivered | Forecast Bullseye,"Dispatch 436% of committed (4,800 vs 1,100). MTO item — demand is order-driven. Forecast hit dead-on (0% variance) — strong demand sensing. Action: review over-commit of 3,700 units.",Over-Production,"Produced 10,800 units against committed 1,100 units. Red flag — produced 9,705 units more than ordered. Investigate planning breakdown.",Ops accepted Sales forecast in full. No capacity gap at plan stage.,45628.45,,1095.0,1095.0,,,,,114071.0,,3700.0,,114071.0
SS304-2(14mm),WP M04 B02 J7 OEM,Regular,500.0,500.0,,500.0,,100%,1546.0,,,,1546.0,MTO,,0.0%,1546.0,,1546.0,500.0,500.0,,,,,1046.0,,Short Delivery | Forecast Bullseye,Dispatch 0% of committed (0 vs 500). MTO item — demand is order-driven. Forecast hit dead-on (0% variance) — strong demand sensing. Action: recover shortfall of 500 units.,Healthy Stock,Produced 0 units against committed 500 units.,Ops accepted Sales forecast in full. No capacity gap at plan stage.,,14979.45,,,,,,,,,,,
SS202-16,WP M04 B03 J1X AL,Regular,,,,,,,7405.0,,,,7405.0,MTO,,,7405.0,,7405.0,,,,,,,7405.0,,Forecast Bullseye,Dispatch 0 units (no committed demand). MTO item — demand is order-driven. Forecast hit dead-on (0% variance) — strong demand sensing. No open commitment gap.,Unsold MTO Stock,Produced 0 units against committed 0 units.,Ops accepted Sales forecast in full. No capacity gap at plan stage.,,50967.5,,,,,,,,,,,
SS202-16,WP M04 B03 J2X AL,Regular,18800.0,18800.0,,18800.0,,100%,6055.0,,,,6055.0,MTO,,0.0%,6055.0,,6055.0,18800.0,6055.0,,,12745.0,,,,Short Delivery | Forecast Bullseye,"Dispatch 0% of committed (0 vs 18,800). MTO item — demand is order-driven. Forecast hit dead-on (0% variance) — strong demand sensing. Action: recover shortfall of 18,800 units.",Production Shortfall,"Produced 0 units against committed 18,800 units. Shortfall of 12,745 units — expedite production or procure.",Ops accepted Sales forecast in full. No capacity gap at plan stage.,,,12745.0,,,,,,,,,,
,WP M04 B09 J00M (SS),Regular,,,,,,,400.0,,,,400.0,TBC,,,400.0,,400.0,,,,,,,400.0,,Forecast Bullseye,Dispatch 0 units (no committed demand). Forecast hit dead-on (0% variance) — strong demand sensing. No open commitment gap.,Healthy Stock,Produced 0 units against committed 0 units.,Ops accepted Sales forecast in full. No capacity gap at plan stage.,,3708.0,,,,,,,,,,,
SSWD-9mm lug locking,WP M04 B15 J00 AL,Regular,,,,,,,1400.0,1400.0,,,2800.0,TBC,,,2800.0,,2800.0,,,,,,1400.0,1400.0,,Forecast Bullseye,Dispatch 0 units (no committed demand). Forecast hit dead-on (0% variance) — strong demand sensing. No open commitment gap.,Healthy Stock,"Produced 1,400 units against committed 0 units.",Ops accepted Sales forecast in full. No capacity gap at plan stage.,3801.7,3801.7,,,,,,,,,,,
SSWD-9mm lug locking,WP M04 B15 J00 AL1,Regular,1300.0,1300.0,,1300.0,,100%,90.0,,,,90.0,MTO,100.0,7.7%,-10.0,,,1200.0,,,,1200.0,,,,Short Delivery | Forecast Bullseye,"Dispatch 8% of committed (100 vs 1,300). MTO item — demand is order-driven. Forecast hit dead-on (0% variance) — strong demand sensing. Action: recover shortfall of 1,200 units.",Production Shortfall,"Produced 0 units against committed 1,300 units. Shortfall of 1,210 units — expedite production or procure.",Ops accepted Sales forecast in full. No capacity gap at plan stage.,,,1210.0,,14364.0,,,,,,,,
SSWD-9mm lug locking,WP M04 B15 J00M TM,Regular,49000.0,49000.0,,49000.0,,100%,3255.0,57100.0,,,60355.0,MTS,56000.0,114.3%,4355.0,38600.0,,,,,,,,,7000.0,Over-Delivered | Forecast Bullseye,"Dispatch 114% of committed (56,000 vs 49,000). MTS item — buffer stock + green level matters. Forecast hit dead-on (0% variance) — strong demand sensing. Action: review over-commit of 7,000 units.",Stock-Out Risk,"Produced 57,100 units against committed 49,000 units. Closing 4,355 units. Green level 38,600 (0.1x cover) — ⚠ Safety breach — replenish urgently.",Ops accepted Sales forecast in full. No capacity gap at plan stage.,,,84345.0,57100.0,,,,,83790.0,,7000.0,,83790.0
SSWD-9mm welding,WP M04 B15 J00M W JD,Regular,40900.0,40900.0,,40900.0,,100%,14620.0,5900.0,,,20520.0,MTS,10000.0,24.4%,10520.0,10066.67,453.33,30900.0,10520.0,,,20380.0,,,,Short Delivery | Forecast Bullseye,"Dispatch 24% of committed (10,000 vs 40,900). MTS item — buffer stock + green level matters. Forecast hit dead-on (0% variance) — strong demand sensing. Action: recover shortfall of 30,900 units.",Production Shortfall,"Produced 5,900 units against committed 40,900 units. Shortfall of 20,380 units — expedite production or procure.",Ops accepted Sales forecast in full. No capacity gap at plan stage.,,,36346.67,5900.0,205022.8,105831.2,,,,,,,
SSWD-9mm welding,WP M04 B15 J00M W TM,Regular,13300.0,13300.0,,13300.0,,100%,23648.0,23800.0,,,47448.0,MTS,35000.0,263.2%,12448.0,20166.67,,,,,,,13981.33,,21700.0,Over-Delivered | Forecast Bullseye,"Dispatch 263% of committed (35,000 vs 13,300). MTS item — buffer stock + green level matters. Forecast hit dead-on (0% variance) — strong demand sensing. Action: review over-commit of 21,700 units.",Below Safety | Excess Inventory,"Produced 23,800 units against committed 13,300 units. Closing 12,448 units. Green level 20,167 (0.6x cover) — ⚠ Safety breach — replenish urgently. Excess build-up of 13,981 units — throttle production.",Ops accepted Sales forecast in full. No capacity gap at plan stage.,55372.37,,9818.67,9818.67,,,,,218302.0,10348.0,11352.0,104100.88,114201.12
SSWD-9mm welding,WP M04 B15 J00M W TM1,Regular,3000.0,3000.0,,3000.0,,100%,2789.0,,,,2789.0,MTO,1000.0,33.3%,1789.0,,1789.0,2000.0,1789.0,,,211.0,,,,Short Delivery | Forecast Bullseye,"Dispatch 33% of committed (1,000 vs 3,000). MTO item — demand is order-driven. Forecast hit dead-on (0% variance) — strong demand sensing. Action: recover shortfall of 2,000 units.",Production Shortfall,"Produced 0 units against committed 3,000 units. Shortfall of 211 units — expedite production or procure.",Ops accepted Sales forecast in full. No capacity gap at plan stage.,,,211.0,,2122.66,17997.34,,,,,,,
SSWD-9mm lug locking,WP M04 B15 J100S JD,Regular,73500.0,73500.0,,73500.0,,100%,20378.0,28000.0,,,48378.0,MTS,25000.0,34.0%,23378.0,23833.33,,48500.0,23378.0,,,25122.0,,,,Short Delivery | Forecast Bullseye,"Dispatch 34% of committed (25,000 vs 73,500). MTS item — buffer stock + green level matters. Forecast hit dead-on (0% variance) — strong demand sensing. Action: recover shortfall of 48,500 units.",Production Shortfall | Below Safety,"Produced 28,000 units against committed 73,500 units. Shortfall of 25,122 units — expedite production or procure. Closing 23,378 units. Green level 23,833 (1.0x cover) — ⚠ Safety breach — replenish urgently.",Ops accepted Sales forecast in full. No capacity gap at plan stage.,,,76955.33,28000.0,300710.34,279834.66,,,,,,,
SS202-9-WL,WP M04 B15 J186A DTL,Regular,,,,,,,100.0,,,,100.0,MTO,,,100.0,,100.0,,,,,,,100.0,,Forecast Bullseye,Dispatch 0 units (no committed demand). MTO item — demand is order-driven. Forecast hit dead-on (0% variance) — strong demand sensing. No open commitment gap.,Unsold MTO Stock,Produced 0 units against committed 0 units.,Ops accepted Sales forecast in full. No capacity gap at plan stage.,,1212.46,,,,,,,,,,,
SSWD-9mm lug locking,WP M04 B15 J45A TF,Regular,11900.0,11900.0,,11900.0,,100%,1074.0,18150.0,,,19224.0,MTS,12000.0,100.8%,7224.0,14916.67,,,,,,,,,100.0,On Target | Forecast Bullseye,"Dispatch 101% of committed (12,000 vs 11,900). MTS item — buffer stock + green level matters. Forecast hit dead-on (0% variance) — strong demand sensing. Action: review over-commit of 100 units.",Stock-Out Risk,"Produced 18,150 units against committed 11,900 units. Closing 7,224 units. Green level 14,917 (0.5x cover) — ⚠ Safety breach — replenish urgently.",Ops accepted Sales forecast in full. No capacity gap at plan stage.,,,25742.67,18150.0,,,,,1197.0,,100.0,,1197.0
SSWD-9mm welding,WP M04 B15 J45A W MH,Regular,3700.0,3700.0,,3700.0,,100%,371.0,,,,371.0,MTO,500.0,13.5%,-129.0,,,3200.0,,,,3200.0,,,,Short Delivery | Forecast Bullseye,"Dispatch 14% of committed (500 vs 3,700). MTO item — demand is order-driven. Forecast hit dead-on (0% variance) — strong demand sensing. Action: recover shortfall of 3,200 units.",Production Shortfall,"Produced 0 units against committed 3,700 units. Shortfall of 3,329 units — expedite production or procure.",Ops accepted Sales forecast in full. No capacity gap at plan stage.,,,3329.0,,32192.0,,,,,,,,
SS202-9-WL,WP M04 B15 J7 DTL,Regular,,,,,,,1750.0,,,,1750.0,MTO,,,1750.0,,1750.0,,,,,,,1750.0,,Forecast Bullseye,Dispatch 0 units (no committed demand). MTO item — demand is order-driven. Forecast hit dead-on (0% variance) — strong demand sensing. No open commitment gap.,Unsold MTO Stock,Produced 0 units against committed 0 units.,Ops accepted Sales forecast in full. No capacity gap at plan stage.,,34737.5,,,,,,,,,,,
SSWD-12mm,WP M06 B01 104 LAC,Regular,,,,,,,,268.0,,,268.0,MTO,,,268.0,,268.0,,,,,,268.0,,,Forecast Bullseye,Dispatch 0 units (no committed demand). MTO item — demand is order-driven. Forecast hit dead-on (0% variance) — strong demand sensing. No open commitment gap.,Over-Production,Produced 268 units against committed 0 units. Red flag — produced 268 units more than ordered. Investigate planning breakdown.,Ops accepted Sales forecast in full. No capacity gap at plan stage.,,,,,,,,,,,,,
SSWD-12mm,WP M06 B01 J00 WH,Regular,,,,,,,,,1000.0,1000.0,,MTO,1000.0,,-1000.0,,,,,,,,,,1000.0,Forecast Bullseye,"Dispatch 1,000 units (no committed demand). MTO item — demand is order-driven. Forecast hit dead-on (0% variance) — strong demand sensing. Action: review over-commit of 1,000 units.",Healthy Stock,Produced 0 units against committed 0 units.,Ops accepted Sales forecast in full. No capacity gap at plan stage.,,,,,,,,,14750.0,,1000.0,,14750.0
SSWD-12mm,WP M06 B01 J000 WH,Regular,,,,,,,,,1500.0,1500.0,,MTO,1500.0,,-1500.0,,,,,,,,,,1500.0,Forecast Bullseye,"Dispatch 1,500 units (no committed demand). MTO item — demand is order-driven. Forecast hit dead-on (0% variance) — strong demand sensing. Action: review over-commit of 1,500 units.",Healthy Stock,Produced 0 units against committed 0 units.,Ops accepted Sales forecast in full. No capacity gap at plan stage.,,,,,,,,,22125.0,,1500.0,,22125.0
SSWD-12mm,WP M06 B01 J110A WH,Regular,,,,,,,,1400.0,1200.0,1200.0,1400.0,MTO,1200.0,,200.0,,200.0,,,,,,1400.0,,1200.0,Forecast Bullseye,"Dispatch 1,200 units (no committed demand). MTO item — demand is order-driven. Forecast hit dead-on (0% variance) — strong demand sensing. Action: review over-commit of 1,200 units.",Over-Production,"Produced 1,400 units against committed 0 units. Red flag — produced 1,400 units more than ordered. Investigate planning breakdown.",Ops accepted Sales forecast in full. No capacity gap at plan stage.,,,,,,,,,17700.0,,1200.0,,17700.0
SSWD-12mm,WP M06 B01 J2X WH,Regular,,,,,,,,,250.0,250.0,,MTO,250.0,,-250.0,,,,,,,,,,250.0,Forecast Bullseye,Dispatch 250 units (no committed demand). MTO item — demand is order-driven. Forecast hit dead-on (0% variance) — strong demand sensing. Action: review over-commit of 250 units.,Healthy Stock,Produced 0 units against committed 0 units.,Ops accepted Sales forecast in full. No capacity gap at plan stage.,,,,,,,,,3687.5,,250.0,,3687.5
SSWD-12mm,WP M06 B01 J3 WH,Regular,5000.0,5000.0,,5000.0,,100%,,6350.0,2600.0,2600.0,6350.0,MTO,2550.0,51.0%,3800.0,,3800.0,2450.0,2450.0,,,,1350.0,,,Short Delivery | Forecast Bullseye,"Dispatch 51% of committed (2,550 vs 5,000). MTO item — demand is order-driven. Forecast hit dead-on (0% variance) — strong demand sensing. Action: recover shortfall of 2,450 units.",Over-Production,"Produced 6,350 units against committed 5,000 units. Red flag — produced 1,350 units more than ordered. Investigate planning breakdown.",Ops accepted Sales forecast in full. No capacity gap at plan stage.,,,5000.0,5000.0,,36137.5,,,,,,,
SSWD-12mm,WP M06 B01 J3X WH,Regular,,,,,,,,500.0,1570.0,1570.0,500.0,MTO,2050.0,,-1550.0,,,,,,,,500.0,,2050.0,Forecast Bullseye,"Dispatch 2,050 units (no committed demand). MTO item — demand is order-driven. Forecast hit dead-on (0% variance) — strong demand sensing. Action: review over-commit of 2,050 units.",Over-Production,Produced 500 units against committed 0 units. Red flag — produced 500 units more than ordered. Investigate planning breakdown.,Ops accepted Sales forecast in full. No capacity gap at plan stage.,,,,,,,,,30237.5,,2050.0,,30237.5
SSWD-12mm,WP M06 B01 J4 WH,Regular,1000.0,1000.0,,1000.0,,100%,,1600.0,350.0,350.0,1600.0,MTO,350.0,35.0%,1250.0,,1250.0,650.0,650.0,,,,600.0,,,Short Delivery | Forecast Bullseye,"Dispatch 35% of committed (350 vs 1,000). MTO item — demand is order-driven. Forecast hit dead-on (0% variance) — strong demand sensing. Action: recover shortfall of 650 units.",Over-Production,"Produced 1,600 units against committed 1,000 units. Red flag — produced 600 units more than ordered. Investigate planning breakdown.",Ops accepted Sales forecast in full. No capacity gap at plan stage.,,,1000.0,1000.0,,9587.5,,,,,,,
SSWD-12mm,WP M06 B01 J5 WH,Regular,1300.0,1300.0,,1300.0,,100%,,800.0,800.0,800.0,800.0,MTO,800.0,61.5%,0.0,,,500.0,,,,500.0,,,,Short Delivery | Forecast Bullseye,"Dispatch 62% of committed (800 vs 1,300). MTO item — demand is order-driven. Forecast hit dead-on (0% variance) — strong demand sensing. Action: recover shortfall of 500 units.",Production Shortfall,"Produced 800 units against committed 1,300 units. Shortfall of 500 units — expedite production or procure.",Ops accepted Sales forecast in full. No capacity gap at plan stage.,,,1300.0,800.0,7375.0,,,,,,,,
SSWD-12mm,WP M06 B01 J6X WH,Regular,,,,,,,,,200.0,200.0,,MTO,200.0,,-200.0,,,,,,,,,,200.0,Forecast Bullseye,Dispatch 200 units (no committed demand). MTO item — demand is order-driven. Forecast hit dead-on (0% variance) — strong demand sensing. Action: review over-commit of 200 units.,Healthy Stock,Produced 0 units against committed 0 units.,Ops accepted Sales forecast in full. No capacity gap at plan stage.,,,,,,,,,2950.0,,200.0,,2950.0
SSWD-12mm,WP M06 B01 J9 WH,Regular,100.0,100.0,,100.0,,100%,,200.0,50.0,50.0,200.0,MTO,50.0,50.0%,150.0,,150.0,50.0,50.0,,,,100.0,,,Short Delivery | Forecast Bullseye,Dispatch 50% of committed (50 vs 100). MTO item — demand is order-driven. Forecast hit dead-on (0% variance) — strong demand sensing. Action: recover shortfall of 50 units.,Over-Production,Produced 200 units against committed 100 units. Red flag — produced 100 units more than ordered. Investigate planning breakdown.,Ops accepted Sales forecast in full. No capacity gap at plan stage.,,,100.0,100.0,,737.5,,,,,,,
,WP M20 B01 J185A JIO,Regular,,,,,,,300.0,,,,300.0,TBC,,,300.0,,300.0,,,,,,,300.0,,Forecast Bullseye,Dispatch 0 units (no committed demand). Forecast hit dead-on (0% variance) — strong demand sensing. No open commitment gap.,Healthy Stock,Produced 0 units against committed 0 units.,Ops accepted Sales forecast in full. No capacity gap at plan stage.,,300.0,,,,,,,,,,,
SSWD-12mm,WPM01B01J45A 47mm SIMP,Regular,25400.0,25400.0,,25400.0,,100%,17565.0,38000.0,,,55565.0,MTS,22400.0,88.2%,33165.0,32833.33,331.67,3000.0,3000.0,,,,,,,Short Delivery | Forecast Bullseye,"Dispatch 88% of committed (22,400 vs 25,400). MTS item — buffer stock + green level matters. Forecast hit dead-on (0% variance) — strong demand sensing. Action: recover shortfall of 3,000 units.",Healthy Stock,"Produced 38,000 units against committed 25,400 units. Production and inventory in healthy state.",Ops accepted Sales forecast in full. No capacity gap at plan stage.,,,40668.33,38000.0,,44250.0,,,,,,,
QRC,WQ M01 B04 104 ZC,Regular,,,,,,,,50.0,30000.0,30000.0,50.0,MTO,,,50.0,,50.0,,,,,,50.0,,,Forecast Bullseye,Dispatch 0 units (no committed demand). MTO item — demand is order-driven. Forecast hit dead-on (0% variance) — strong demand sensing. No open commitment gap.,Over-Production,Produced 50 units against committed 0 units. Red flag — produced 50 units more than ordered. Investigate planning breakdown.,Ops accepted Sales forecast in full. No capacity gap at plan stage.,,,,,,,,,,,,,
QRC,WQ M01 B04 188 TEI,Regular,2700.0,2700.0,,2700.0,,100%,150.0,2650.0,,,2800.0,MTO,,0.0%,2800.0,,2800.0,2700.0,2700.0,,,,100.0,,,Short Delivery | Forecast Bullseye,"Dispatch 0% of committed (0 vs 2,700). MTO item — demand is order-driven. Forecast hit dead-on (0% variance) — strong demand sensing. Action: recover shortfall of 2,700 units.",Over-Production,"Produced 2,650 units against committed 2,700 units. Red flag — produced 100 units more than ordered. Investigate planning breakdown.",Ops accepted Sales forecast in full. No capacity gap at plan stage.,2284.61,,2550.0,2550.0,,108000.0,,,,,,,
,WQ M03 B04 104 OEM,Regular,,,,,,,5900.0,,,,5900.0,TBC,,,5900.0,,5900.0,,,,,,,5900.0,,Forecast Bullseye,Dispatch 0 units (no committed demand). Forecast hit dead-on (0% variance) — strong demand sensing. No open commitment gap.,Healthy Stock,Produced 0 units against committed 0 units.,Ops accepted Sales forecast in full. No capacity gap at plan stage.,,100792.06,,,,,,,,,,,
QRC,WQ M03 B04 104 ZC,Regular,,,,,,,,1499.0,,,1499.0,MTO,,,1499.0,,1499.0,,,,,,1499.0,,,Forecast Bullseye,Dispatch 0 units (no committed demand). MTO item — demand is order-driven. Forecast hit dead-on (0% variance) — strong demand sensing. No open commitment gap.,Over-Production,"Produced 1,499 units against committed 0 units. Red flag — produced 1,499 units more than ordered. Investigate planning breakdown.",Ops accepted Sales forecast in full. No capacity gap at plan stage.,,,,,,,,,,,,,
QRC 304,WQ M03 B04 128,Regular,1400.0,1400.0,,1400.0,,100%,3295.0,,,,3295.0,MTO,,0.0%,3295.0,,3295.0,1400.0,1400.0,,,,,1895.0,,Short Delivery | Forecast Bullseye,"Dispatch 0% of committed (0 vs 1,400). MTO item — demand is order-driven. Forecast hit dead-on (0% variance) — strong demand sensing. Action: recover shortfall of 1,400 units.",Healthy Stock,"Produced 0 units against committed 1,400 units.",Ops accepted Sales forecast in full. No capacity gap at plan stage.,,33862.15,,,,,,,,,,,
QRC,WQ M03 B04 136 OEM,Regular,,,,,,,,25.0,,,25.0,MTO,20.0,,5.0,,5.0,,,,,,25.0,,20.0,Forecast Bullseye,Dispatch 20 units (no committed demand). MTO item — demand is order-driven. Forecast hit dead-on (0% variance) — strong demand sensing. Action: review over-commit of 20 units.,Over-Production,Produced 25 units against committed 0 units. Red flag — produced 25 units more than ordered. Investigate planning breakdown.,Ops accepted Sales forecast in full. No capacity gap at plan stage.,,,,,,,,,800.0,,20.0,,800.0
QRC,WQ M03 B04 152 OEM,Regular,,,,,,,150.0,150.0,,,300.0,TBC,,,300.0,,300.0,,,,,,150.0,150.0,,Forecast Bullseye,Dispatch 0 units (no committed demand). Forecast hit dead-on (0% variance) — strong demand sensing. No open commitment gap.,Healthy Stock,Produced 150 units against committed 0 units.,Ops accepted Sales forecast in full. No capacity gap at plan stage.,2933.37,2933.37,,,,,,,,,,,
QRC,WQ M03 B04 248 WH,Regular,,,,,,,,400.0,,,400.0,MTO,,,400.0,,400.0,,,,,,400.0,,,Forecast Bullseye,Dispatch 0 units (no committed demand). MTO item — demand is order-driven. Forecast hit dead-on (0% variance) — strong demand sensing. No open commitment gap.,Over-Production,Produced 400 units against committed 0 units. Red flag — produced 400 units more than ordered. Investigate planning breakdown.,Ops accepted Sales forecast in full. No capacity gap at plan stage.,,,,,,,,,,,,,
,WQ M03 B04 88 RO,Regular,,,,,,,300.0,,,,300.0,TBC,,,300.0,,300.0,,,,,,,300.0,,Forecast Bullseye,Dispatch 0 units (no committed demand). Forecast hit dead-on (0% variance) — strong demand sensing. No open commitment gap.,Healthy Stock,Produced 0 units against committed 0 units.,Ops accepted Sales forecast in full. No capacity gap at plan stage.,,4241.52,,,,,,,,,,,
QRC,WQ M14 B04 188 CF,Regular,,,,,,,50.0,50.0,,,100.0,MTO,,,100.0,,100.0,,,,,,50.0,50.0,,Forecast Bullseye,Dispatch 0 units (no committed demand). MTO item — demand is order-driven. Forecast hit dead-on (0% variance) — strong demand sensing. No open commitment gap.,Over-Production,Produced 50 units against committed 0 units. Red flag — produced 50 units more than ordered. Investigate planning breakdown.,Ops accepted Sales forecast in full. No capacity gap at plan stage.,1081.36,1081.36,,,,,,,,,,,
QRC,WQ M14 B04 51-127 RWC,Regular,,,,,,,,4600.0,4500.0,4500.0,4600.0,MTO,,,4600.0,,4600.0,,,,,,4600.0,,,Forecast Bullseye,Dispatch 0 units (no committed demand). MTO item — demand is order-driven. Forecast hit dead-on (0% variance) — strong demand sensing. No open commitment gap.,Over-Production,"Produced 4,600 units against committed 0 units. Red flag — produced 4,600 units more than ordered. Investigate planning breakdown.",Ops accepted Sales forecast in full. No capacity gap at plan stage.,,,,,,,,,,,,,
QRC,WQ M14 B04 63-361 RWC,Regular,,,,,,,,121500.0,108000.0,108000.0,121500.0,MTO,,,121500.0,,121500.0,,,,,,121500.0,,,Forecast Bullseye,Dispatch 0 units (no committed demand). MTO item — demand is order-driven. Forecast hit dead-on (0% variance) — strong demand sensing. No open commitment gap.,Over-Production,"Produced 121,500 units against committed 0 units. Red flag — produced 121,500 units more than ordered. Investigate planning breakdown.",Ops accepted Sales forecast in full. No capacity gap at plan stage.,,,,,,,,,,,,,
HD CTWD-16mm,WTL M02 B03 212 TE,Regular,,,,,,,,1600.0,1600.0,1600.0,1600.0,MTO,,,1600.0,,1600.0,,,,,,1600.0,,,Forecast Bullseye,Dispatch 0 units (no committed demand). MTO item — demand is order-driven. Forecast hit dead-on (0% variance) — strong demand sensing. No open commitment gap.,Over-Production,"Produced 1,600 units against committed 0 units. Red flag — produced 1,600 units more than ordered. Investigate planning breakdown.",Ops accepted Sales forecast in full. No capacity gap at plan stage.,,,,,,,,,,,,,
HD CTWD-16mm,WTL M02 B03 262 TE,Regular,,,,,,,,200.0,1100.0,1100.0,200.0,MTO,,,200.0,,200.0,,,,,,200.0,,,Forecast Bullseye,Dispatch 0 units (no committed demand). MTO item — demand is order-driven. Forecast hit dead-on (0% variance) — strong demand sensing. No open commitment gap.,Over-Production,Produced 200 units against committed 0 units. Red flag — produced 200 units more than ordered. Investigate planning breakdown.,Ops accepted Sales forecast in full. No capacity gap at plan stage.,,,,,,,,,,,,,
HD CTWD-16mm,WTL M02 B03 312 TE,Regular,,,,,,,,2050.0,2200.0,2200.0,2050.0,MTO,,,2050.0,,2050.0,,,,,,2050.0,,,Forecast Bullseye,Dispatch 0 units (no committed demand). MTO item — demand is order-driven. Forecast hit dead-on (0% variance) — strong demand sensing. No open commitment gap.,Over-Production,"Produced 2,050 units against committed 0 units. Red flag — produced 2,050 units more than ordered. Investigate planning breakdown.",Ops accepted Sales forecast in full. No capacity gap at plan stage.,,,,,,,,,,,,,
HD CTWD-16mm,WTL M02 B03 362 TE,Regular,,,,,,,,2100.0,1000.0,1000.0,2100.0,MTO,,,2100.0,,2100.0,,,,,,2100.0,,,Forecast Bullseye,Dispatch 0 units (no committed demand). MTO item — demand is order-driven. Forecast hit dead-on (0% variance) — strong demand sensing. No open commitment gap.,Over-Production,"Produced 2,100 units against committed 0 units. Red flag — produced 2,100 units more than ordered. Investigate planning breakdown.",Ops accepted Sales forecast in full. No capacity gap at plan stage.,,,,,,,,,,,,,
HD CTWD-16mm,WTL M02 B03 412 TE,Regular,,,,,,,,750.0,500.0,500.0,750.0,MTO,,,750.0,,750.0,,,,,,750.0,,,Forecast Bullseye,Dispatch 0 units (no committed demand). MTO item — demand is order-driven. Forecast hit dead-on (0% variance) — strong demand sensing. No open commitment gap.,Over-Production,Produced 750 units against committed 0 units. Red flag — produced 750 units more than ordered. Investigate planning breakdown.,Ops accepted Sales forecast in full. No capacity gap at plan stage.,,,,,,,,,,,,,
HD CTWD-16mm,WTL M02 B03 462 TE,Regular,,,,,,,,400.0,400.0,400.0,400.0,MTO,,,400.0,,400.0,,,,,,400.0,,,Forecast Bullseye,Dispatch 0 units (no committed demand). MTO item — demand is order-driven. Forecast hit dead-on (0% variance) — strong demand sensing. No open commitment gap.,Over-Production,Produced 400 units against committed 0 units. Red flag — produced 400 units more than ordered. Investigate planning breakdown.,Ops accepted Sales forecast in full. No capacity gap at plan stage.,,,,,,,,,,,,,
HD CTWD-14mm,WTL M03 B02 06 OEM,Regular,37600.0,37600.0,,37600.0,,100%,400.0,22450.0,,,22850.0,MTO,22400.0,59.6%,450.0,,450.0,15200.0,450.0,,,14750.0,,,,Short Delivery | Forecast Bullseye,"Dispatch 60% of committed (22,400 vs 37,600). MTO item — demand is order-driven. Forecast hit dead-on (0% variance) — strong demand sensing. Action: recover shortfall of 15,200 units.",Production Shortfall,"Produced 22,450 units against committed 37,600 units. Shortfall of 14,750 units — expedite production or procure.",Ops accepted Sales forecast in full. No capacity gap at plan stage.,,,37200.0,22450.0,1257732.5,38371.5,,,,,,,
HD CTWD-14mm,WTL M03 B02 10 GEX,Regular,,,,,,,,8000.0,,,8000.0,MTO,,,8000.0,,8000.0,,,,,,8000.0,,,Forecast Bullseye,Dispatch 0 units (no committed demand). MTO item — demand is order-driven. Forecast hit dead-on (0% variance) — strong demand sensing. No open commitment gap.,Over-Production,"Produced 8,000 units against committed 0 units. Red flag — produced 8,000 units more than ordered. Investigate planning breakdown.",Ops accepted Sales forecast in full. No capacity gap at plan stage.,,,,,,,,,,,,,
HD CTWD-14mm,WTL M03 B02 10 OEM,Regular,2000.0,2000.0,,2000.0,,100%,400.0,39550.0,,,39950.0,MTO,39400.0,1970.0%,550.0,,550.0,,,,,,37950.0,,37400.0,Over-Delivered | Forecast Bullseye,"Dispatch 1970% of committed (39,400 vs 2,000). MTO item — demand is order-driven. Forecast hit dead-on (0% variance) — strong demand sensing. Action: review over-commit of 37,400 units.",Over-Production,"Produced 39,550 units against committed 2,000 units. Red flag — produced 37,950 units more than ordered. Investigate planning breakdown.",Ops accepted Sales forecast in full. No capacity gap at plan stage.,680584.67,,1600.0,1600.0,,,,,3189098.0,,37400.0,,3189098.0
HD CTWD-14mm,WTL M03 B02 10 TE,Regular,,,,,,,,850.0,800.0,800.0,850.0,MTO,,,850.0,,850.0,,,,,,850.0,,,Forecast Bullseye,Dispatch 0 units (no committed demand). MTO item — demand is order-driven. Forecast hit dead-on (0% variance) — strong demand sensing. No open commitment gap.,Over-Production,Produced 850 units against committed 0 units. Red flag — produced 850 units more than ordered. Investigate planning breakdown.,Ops accepted Sales forecast in full. No capacity gap at plan stage.,,,,,,,,,,,,,
HD CTWD-14mm,WTL M03 B02 12 JD,Regular,10800.0,10800.0,,10800.0,,100%,4150.0,1500.0,,,5650.0,MTO,1500.0,13.9%,4150.0,,4150.0,9300.0,4150.0,,,5150.0,,,,Short Delivery | Forecast Bullseye,"Dispatch 14% of committed (1,500 vs 10,800). MTO item — demand is order-driven. Forecast hit dead-on (0% variance) — strong demand sensing. Action: recover shortfall of 9,300 units.",Production Shortfall,"Produced 1,500 units against committed 10,800 units. Shortfall of 5,150 units — expedite production or procure.",Ops accepted Sales forecast in full. No capacity gap at plan stage.,,,6650.0,1500.0,439140.5,353870.5,,,,,,,
HD CTWD-14mm,WTL M03 B02 12 OEM,Regular,200.0,200.0,,200.0,,100%,437.0,100.0,,,537.0,MTO,300.0,150.0%,237.0,,237.0,,,,,,100.0,237.0,100.0,Over-Delivered | Forecast Bullseye,Dispatch 150% of committed (300 vs 200). MTO item — demand is order-driven. Forecast hit dead-on (0% variance) — strong demand sensing. Action: review over-commit of 100 units.,Over-Production,Produced 100 units against committed 200 units. Red flag — produced 100 units more than ordered. Investigate planning breakdown.,Ops accepted Sales forecast in full. No capacity gap at plan stage.,1854.6,4395.4,,,,,,,8527.0,100.0,,8527.0,
HD CTWD-14mm,WTL M03 B02 16 GEX,Regular,,,,,,,,600.0,,,600.0,MTO,,,600.0,,600.0,,,,,,600.0,,,Forecast Bullseye,Dispatch 0 units (no committed demand). MTO item — demand is order-driven. Forecast hit dead-on (0% variance) — strong demand sensing. No open commitment gap.,Over-Production,Produced 600 units against committed 0 units. Red flag — produced 600 units more than ordered. Investigate planning breakdown.,Ops accepted Sales forecast in full. No capacity gap at plan stage.,,,,,,,,,,,,,
HD CTWD-14mm,WTL M03 B02 16 OEM,Regular,1000.0,1000.0,,1000.0,,100%,3000.0,500.0,,,3500.0,MTO,400.0,40.0%,3100.0,,3100.0,600.0,600.0,,,,500.0,2000.0,,Short Delivery | Forecast Bullseye,"Dispatch 40% of committed (400 vs 1,000). MTO item — demand is order-driven. Forecast hit dead-on (0% variance) — strong demand sensing. Action: recover shortfall of 600 units.",Over-Production,"Produced 500 units against committed 1,000 units. Red flag — produced 500 units more than ordered. Investigate planning breakdown.",Ops accepted Sales forecast in full. No capacity gap at plan stage.,9833.24,39332.94,,,,51162.0,,,,,,,
HD CTWD-14mm,WTL M03 B02 20 OEM,Regular,800.0,800.0,,800.0,,100%,78.0,900.0,,,978.0,MTO,,0.0%,978.0,,978.0,800.0,800.0,,,,178.0,,,Short Delivery | Forecast Bullseye,Dispatch 0% of committed (0 vs 800). MTO item — demand is order-driven. Forecast hit dead-on (0% variance) — strong demand sensing. Action: recover shortfall of 800 units.,Over-Production,Produced 900 units against committed 800 units. Red flag — produced 178 units more than ordered. Investigate planning breakdown.,Ops accepted Sales forecast in full. No capacity gap at plan stage.,3485.05,,722.0,722.0,,68216.0,,,,,,,
HD CTWD-14mm,WTL M03 B02 20 TE,Regular,,,,,,,,400.0,400.0,400.0,400.0,MTO,,,400.0,,400.0,,,,,,400.0,,,Forecast Bullseye,Dispatch 0 units (no committed demand). MTO item — demand is order-driven. Forecast hit dead-on (0% variance) — strong demand sensing. No open commitment gap.,Over-Production,Produced 400 units against committed 0 units. Red flag — produced 400 units more than ordered. Investigate planning breakdown.,Ops accepted Sales forecast in full. No capacity gap at plan stage.,,,,,,,,,,,,,
HD CTWD-14mm,WTL M03 B02 24 TE,Regular,,,,,,,,300.0,300.0,300.0,300.0,MTO,,,300.0,,300.0,,,,,,300.0,,,Forecast Bullseye,Dispatch 0 units (no committed demand). MTO item — demand is order-driven. Forecast hit dead-on (0% variance) — strong demand sensing. No open commitment gap.,Over-Production,Produced 300 units against committed 0 units. Red flag — produced 300 units more than ordered. Investigate planning breakdown.,Ops accepted Sales forecast in full. No capacity gap at plan stage.,,,,,,,,,,,,,
HD CTWD-14mm,WTL M03 B02 28 OEM,Regular,2400.0,2400.0,,2400.0,,100%,,3100.0,,,3100.0,MTO,3000.0,125.0%,100.0,,100.0,,,,,,700.0,,600.0,Over-Delivered | Forecast Bullseye,"Dispatch 125% of committed (3,000 vs 2,400). MTO item — demand is order-driven. Forecast hit dead-on (0% variance) — strong demand sensing. Action: review over-commit of 600 units.",Over-Production,"Produced 3,100 units against committed 2,400 units. Red flag — produced 700 units more than ordered. Investigate planning breakdown.",Ops accepted Sales forecast in full. No capacity gap at plan stage.,,,2400.0,2400.0,,,,,51162.0,,600.0,,51162.0
HD CTWD-14mm,WTL M03 B02 32 HP,Regular,,,,,,,,14.0,,,14.0,TBC,,,14.0,,14.0,,,,,,14.0,,,Forecast Bullseye,Dispatch 0 units (no committed demand). Forecast hit dead-on (0% variance) — strong demand sensing. No open commitment gap.,Healthy Stock,Produced 14 units against committed 0 units.,Ops accepted Sales forecast in full. No capacity gap at plan stage.,,,,,,,,,,,,,
HD CTWD-14mm,WTL M03 B02 32 OEM,Regular,1600.0,1600.0,,1600.0,,100%,128.0,2100.0,,,2228.0,MTO,2000.0,125.0%,228.0,,228.0,,,,,,628.0,,400.0,Over-Delivered | Forecast Bullseye,"Dispatch 125% of committed (2,000 vs 1,600). MTO item — demand is order-driven. Forecast hit dead-on (0% variance) — strong demand sensing. Action: review over-commit of 400 units.",Over-Production,"Produced 2,100 units against committed 1,600 units. Red flag — produced 628 units more than ordered. Investigate planning breakdown.",Ops accepted Sales forecast in full. No capacity gap at plan stage.,13377.02,,1472.0,1472.0,,,,,34108.0,,400.0,,34108.0
HD CTWD-14mm,WTL M03 B02 32 UGC,Regular,12700.0,12700.0,,12700.0,,100%,9215.0,500.0,,,9715.0,MTS,2500.0,19.7%,7215.0,5050.0,2165.0,10200.0,7215.0,,,2985.0,,,,Short Delivery | Forecast Bullseye,"Dispatch 20% of committed (2,500 vs 12,700). MTS item — buffer stock + green level matters. Forecast hit dead-on (0% variance) — strong demand sensing. Action: recover shortfall of 10,200 units.",Production Shortfall,"Produced 500 units against committed 12,700 units. Shortfall of 2,985 units — expedite production or procure.",Ops accepted Sales forecast in full. No capacity gap at plan stage.,,,8535.0,500.0,254530.95,615223.05,,,,,,,
HD CTWD-14mm,WTL M03 B02 36 HP,Regular,,,,,,,,14.0,,,14.0,TBC,,,14.0,,14.0,,,,,,14.0,,,Forecast Bullseye,Dispatch 0 units (no committed demand). Forecast hit dead-on (0% variance) — strong demand sensing. No open commitment gap.,Healthy Stock,Produced 14 units against committed 0 units.,Ops accepted Sales forecast in full. No capacity gap at plan stage.,,,,,,,,,,,,,
HD CTWD-14mm,WTL M03 B02 36 OEM,Regular,2000.0,2000.0,,2000.0,,100%,245.0,2550.0,,,2795.0,MTO,2500.0,125.0%,295.0,,295.0,,,,,,795.0,,500.0,Over-Delivered | Forecast Bullseye,"Dispatch 125% of committed (2,500 vs 2,000). MTO item — demand is order-driven. Forecast hit dead-on (0% variance) — strong demand sensing. Action: review over-commit of 500 units.",Over-Production,"Produced 2,550 units against committed 2,000 units. Red flag — produced 795 units more than ordered. Investigate planning breakdown.",Ops accepted Sales forecast in full. No capacity gap at plan stage.,17118.3,,1755.0,1755.0,,,,,42635.0,,500.0,,42635.0
HD CTWD-14mm,WTL M03 B02 40 HP,Regular,,,,,,,,14.0,,,14.0,TBC,,,14.0,,14.0,,,,,,14.0,,,Forecast Bullseye,Dispatch 0 units (no committed demand). Forecast hit dead-on (0% variance) — strong demand sensing. No open commitment gap.,Healthy Stock,Produced 14 units against committed 0 units.,Ops accepted Sales forecast in full. No capacity gap at plan stage.,,,,,,,,,,,,,
HD CTWD 14 410 C3 VWD,WTL M03 B02 44 AKG,Regular,,,,,,,500.0,,,,500.0,MTO,,,500.0,,500.0,,,,,,,500.0,,Forecast Bullseye,Dispatch 0 units (no committed demand). MTO item — demand is order-driven. Forecast hit dead-on (0% variance) — strong demand sensing. No open commitment gap.,Unsold MTO Stock,Produced 0 units against committed 0 units.,Ops accepted Sales forecast in full. No capacity gap at plan stage.,,11136.1,,,,,,,,,,,
HD CTWD-14mm,WTL M03 B02 44 JD,Regular,1300.0,1300.0,,1300.0,,100%,563.0,,,,563.0,MTO,500.0,38.5%,63.0,,63.0,800.0,63.0,,,737.0,,,,Short Delivery | Forecast Bullseye,"Dispatch 38% of committed (500 vs 1,300). MTO item — demand is order-driven. Forecast hit dead-on (0% variance) — strong demand sensing. Action: recover shortfall of 800 units.",Production Shortfall,"Produced 0 units against committed 1,300 units. Shortfall of 737 units — expedite production or procure.",Ops accepted Sales forecast in full. No capacity gap at plan stage.,,,737.0,,62843.99,5372.01,,,,,,,
HD CTWD-14mm,WTL M03 B02 44 OEM,Regular,5600.0,5600.0,,5600.0,,100%,10.0,6300.0,,,6310.0,MTO,6300.0,112.5%,10.0,,10.0,,,,,,710.0,,700.0,Over-Delivered | Forecast Bullseye,"Dispatch 112% of committed (6,300 vs 5,600). MTO item — demand is order-driven. Forecast hit dead-on (0% variance) — strong demand sensing. Action: review over-commit of 700 units.",Over-Production,"Produced 6,300 units against committed 5,600 units. Red flag — produced 710 units more than ordered. Investigate planning breakdown.",Ops accepted Sales forecast in full. No capacity gap at plan stage.,15866.85,,5590.0,5590.0,,,,,59689.0,,700.0,,59689.0
HD CTWD-14mm,WTL M03 B02 48 OEM,Regular,1600.0,1600.0,,1600.0,,100%,2018.0,1850.0,,,3868.0,MTO,1800.0,112.5%,2068.0,,2068.0,,,,,,1850.0,418.0,200.0,Over-Delivered | Forecast Bullseye,"Dispatch 112% of committed (1,800 vs 1,600). MTO item — demand is order-driven. Forecast hit dead-on (0% variance) — strong demand sensing. Action: review over-commit of 200 units.",Over-Production,"Produced 1,850 units against committed 1,600 units. Red flag — produced 1,850 units more than ordered. Investigate planning breakdown.",Ops accepted Sales forecast in full. No capacity gap at plan stage.,42168.81,9527.87,,,,,,,17054.0,200.0,,17054.0,
HD CTWD-14mm,WTL M03 B02 64 OEM,Regular,400.0,400.0,,400.0,,100%,400.0,500.0,,,900.0,MTO,500.0,125.0%,400.0,,400.0,,,,,,500.0,,100.0,Over-Delivered | Forecast Bullseye,Dispatch 125% of committed (500 vs 400). MTO item — demand is order-driven. Forecast hit dead-on (0% variance) — strong demand sensing. Action: review over-commit of 100 units.,Over-Production,Produced 500 units against committed 400 units. Red flag — produced 500 units more than ordered. Investigate planning breakdown.,Ops accepted Sales forecast in full. No capacity gap at plan stage.,12287.73,,,,,,,,8527.0,,100.0,,8527.0
HD CTWD-14mm,WTL M03 B02 72 OEM,Regular,400.0,400.0,,400.0,,100%,223.0,300.0,,,523.0,MTO,300.0,75.0%,223.0,,223.0,100.0,100.0,,,,123.0,,,Short Delivery | Forecast Bullseye,Dispatch 75% of committed (300 vs 400). MTO item — demand is order-driven. Forecast hit dead-on (0% variance) — strong demand sensing. Action: recover shortfall of 100 units.,Over-Production,Produced 300 units against committed 400 units. Red flag — produced 123 units more than ordered. Investigate planning breakdown.,Ops accepted Sales forecast in full. No capacity gap at plan stage.,3114.18,,177.0,177.0,,8527.0,,,,,,,
HD CTWD-14mm,WTL M03 B02 80 OEM,Regular,800.0,800.0,,800.0,,100%,1200.0,500.0,,,1700.0,MTO,900.0,112.5%,800.0,,800.0,,,,,,500.0,400.0,100.0,Over-Delivered | Forecast Bullseye,Dispatch 112% of committed (900 vs 800). MTO item — demand is order-driven. Forecast hit dead-on (0% variance) — strong demand sensing. Action: review over-commit of 100 units.,Over-Production,Produced 500 units against committed 800 units. Red flag — produced 500 units more than ordered. Investigate planning breakdown.,Ops accepted Sales forecast in full. No capacity gap at plan stage.,13126.19,10500.96,,,,,,,8527.0,100.0,,8527.0,
HD CTWD-14mm,WTL M03 B02 88 OEM,Regular,400.0,400.0,,400.0,,100%,1043.0,,,,1043.0,MTO,400.0,100.0%,643.0,,643.0,,,,,,,643.0,,On Target | Forecast Bullseye,Dispatch 100% of committed (400 vs 400). MTO item — demand is order-driven. Forecast hit dead-on (0% variance) — strong demand sensing. No open commitment gap.,Unsold MTO Stock,Produced 0 units against committed 400 units.,Ops accepted Sales forecast in full. No capacity gap at plan stage.,,17285.5,,,,,,,,,,,
,WTL M03 B03 1322 OEM,Regular,,,,,,,4.0,,,,4.0,TBC,,,4.0,,4.0,,,,,,,4.0,,Forecast Bullseye,Dispatch 0 units (no committed demand). Forecast hit dead-on (0% variance) — strong demand sensing. No open commitment gap.,Healthy Stock,Produced 0 units against committed 0 units.,Ops accepted Sales forecast in full. No capacity gap at plan stage.,,272.89,,,,,,,,,,,
HD CTWD-16mm,WTL M03 B03 212 CM,Regular,,,,,,,,10.0,,,10.0,MTO,10.0,,0.0,,,,,,,,10.0,,10.0,Forecast Bullseye,Dispatch 10 units (no committed demand). MTO item — demand is order-driven. Forecast hit dead-on (0% variance) — strong demand sensing. Action: review over-commit of 10 units.,Over-Production,Produced 10 units against committed 0 units. Red flag — produced 10 units more than ordered. Investigate planning breakdown.,Ops accepted Sales forecast in full. No capacity gap at plan stage.,,,,,,,,,784.8,,10.0,,784.8
,WTL M03 B03 212 JBM,Regular,,,,,,,538.0,,,,538.0,TBC,,,538.0,,538.0,,,,,,,538.0,,Forecast Bullseye,Dispatch 0 units (no committed demand). Forecast hit dead-on (0% variance) — strong demand sensing. No open commitment gap.,Healthy Stock,Produced 0 units against committed 0 units.,Ops accepted Sales forecast in full. No capacity gap at plan stage.,,17103.19,,,,,,,,,,,
HD CTWD 16 410 10,WTL M03 B03 212 MM,Regular,600.0,600.0,,600.0,,100%,521.0,,,,521.0,MTO,,0.0%,521.0,,521.0,600.0,521.0,,,79.0,,,,Short Delivery | Forecast Bullseye,Dispatch 0% of committed (0 vs 600). MTO item — demand is order-driven. Forecast hit dead-on (0% variance) — strong demand sensing. Action: recover shortfall of 600 units.,Production Shortfall,Produced 0 units against committed 600 units. Shortfall of 79 units — expedite production or procure.,Ops accepted Sales forecast in full. No capacity gap at plan stage.,,,79.0,,,,,,,,,,
HD CTWD 16 410 10,WTL M03 B03 262 AL,Regular,5400.0,5400.0,,5400.0,,100%,652.0,,,,652.0,MTO,,0.0%,652.0,,652.0,5400.0,652.0,,,4748.0,,,,Short Delivery | Forecast Bullseye,"Dispatch 0% of committed (0 vs 5,400). MTO item — demand is order-driven. Forecast hit dead-on (0% variance) — strong demand sensing. Action: recover shortfall of 5,400 units.",Production Shortfall,"Produced 0 units against committed 5,400 units. Shortfall of 4,748 units — expedite production or procure.",Ops accepted Sales forecast in full. No capacity gap at plan stage.,,,4748.0,,,,,,,,,,
HD CTWD-16mm,WTL M03 B03 262 AL NEW,Regular,2800.0,2800.0,,2800.0,,100%,3400.0,5000.0,,,8400.0,MTS,5900.0,210.7%,2500.0,2833.33,,,,,,,2766.67,,3100.0,Over-Delivered | Forecast Bullseye,"Dispatch 211% of committed (5,900 vs 2,800). MTS item — buffer stock + green level matters. Forecast hit dead-on (0% variance) — strong demand sensing. Action: review over-commit of 3,100 units.",Below Safety | Excess Inventory,"Produced 5,000 units against committed 2,800 units. Closing 2,500 units. Green level 2,833 (0.9x cover) — ⚠ Safety breach — replenish urgently. Excess build-up of 2,767 units — throttle production.",Ops accepted Sales forecast in full. No capacity gap at plan stage.,98189.58,,2233.33,2233.33,,,,,243288.0,600.0,2500.0,47088.0,196200.0
HD CTWD 16 410 10,WTL M03 B03 262 EE,Regular,800.0,800.0,,800.0,,100%,1688.0,,,,1688.0,MTO,,0.0%,1688.0,,1688.0,800.0,800.0,,,,,888.0,,Short Delivery | Forecast Bullseye,Dispatch 0% of committed (0 vs 800). MTO item — demand is order-driven. Forecast hit dead-on (0% variance) — strong demand sensing. Action: recover shortfall of 800 units.,Healthy Stock,Produced 0 units against committed 800 units.,Ops accepted Sales forecast in full. No capacity gap at plan stage.,,27387.51,,,,,,,,,,,
HD CTWD 16 304,WTL M03 B03 262 FL,Regular,2800.0,2800.0,,2800.0,,100%,986.0,,,,986.0,MTO,,0.0%,986.0,,986.0,2800.0,986.0,,,1814.0,,,,Short Delivery | Forecast Bullseye,"Dispatch 0% of committed (0 vs 2,800). MTO item — demand is order-driven. Forecast hit dead-on (0% variance) — strong demand sensing. Action: recover shortfall of 2,800 units.",Production Shortfall,"Produced 0 units against committed 2,800 units. Shortfall of 1,814 units — expedite production or procure.",Ops accepted Sales forecast in full. No capacity gap at plan stage.,,,1814.0,,,,,,,,,,
HD CTWD-16mm,WTL M03 B03 262 MM,Regular,4100.0,4100.0,,4100.0,,100%,1063.0,4950.0,4000.0,4000.0,6013.0,MTS,4000.0,97.6%,2013.0,5200.0,,100.0,100.0,,,,,,,On Target | Forecast Bullseye,"Dispatch 98% of committed (4,000 vs 4,100). MTS item — buffer stock + green level matters. Forecast hit dead-on (0% variance) — strong demand sensing. Action: recover shortfall of 100 units.",Stock-Out Risk,"Produced 4,950 units against committed 4,100 units. Closing 2,013 units. Green level 5,200 (0.4x cover) — ⚠ Safety breach — replenish urgently.",Ops accepted Sales forecast in full. No capacity gap at plan stage.,,,8237.0,4950.0,,7848.0,,,,,,,
HD CTWD-16mm,WTL M03 B03 262 WH1,Regular,,,,,,,,5.0,,,5.0,TBC,,,5.0,,5.0,,,,,,5.0,,,Forecast Bullseye,Dispatch 0 units (no committed demand). Forecast hit dead-on (0% variance) — strong demand sensing. No open commitment gap.,Healthy Stock,Produced 5 units against committed 0 units.,Ops accepted Sales forecast in full. No capacity gap at plan stage.,,,,,,,,,,,,,
HD CTWD-16mm,WTL M03 B03 312 AL NEW,Regular,31600.0,31600.0,,2500000.0,2468400.0,0%,2619.0,30650.0,,,33269.0,MTS,33800.0,1.4%,-531.0,30066.67,,2466200.0,,2466200.0,,,,,,Short Delivery | Forecast Drift (Major),"Dispatch 1% of committed (33,800 vs 2,500,000). MTS item — buffer stock + green level matters. 🚩 Major forecast uplift of 7811% — late demand surge. Action: recover shortfall of 2,466,200 units.",Production Shortfall | Stock-Out Risk,"Produced 30,650 units against committed 2,500,000 units. Shortfall of 2,466,731 units — expedite production or procure. Closing -531 units. Green level 30,067 (-0.0x cover) — ⚠ Safety breach — replenish urgently.",Ops accepted Sales forecast in full. No capacity gap at plan stage.,,,59047.67,30650.0,,,193547376.0,,,,,,
HD CTWD-16mm,WTL M03 B03 312 AL1,Regular,53000.0,53000.0,,53000.0,,100%,120.0,,,,120.0,MTO,,0.0%,120.0,,120.0,53000.0,120.0,,,52880.0,,,,Short Delivery | Forecast Bullseye,"Dispatch 0% of committed (0 vs 53,000). MTO item — demand is order-driven. Forecast hit dead-on (0% variance) — strong demand sensing. Action: recover shortfall of 53,000 units.",Production Shortfall,"Produced 0 units against committed 53,000 units. Shortfall of 52,880 units — expedite production or procure.",Ops accepted Sales forecast in full. No capacity gap at plan stage.,,,52880.0,,4150022.4,9417.6,,,,,,,
HD CTWD 16 410 10,WTL M03 B03 312 EE,Regular,400.0,400.0,,400.0,,100%,28.0,,,,28.0,MTO,,0.0%,28.0,,28.0,400.0,28.0,,,372.0,,,,Short Delivery | Forecast Bullseye,Dispatch 0% of committed (0 vs 400). MTO item — demand is order-driven. Forecast hit dead-on (0% variance) — strong demand sensing. Action: recover shortfall of 400 units.,Production Shortfall,Produced 0 units against committed 400 units. Shortfall of 372 units — expedite production or procure.,Ops accepted Sales forecast in full. No capacity gap at plan stage.,,,372.0,,,,,,,,,,
HD CTWD-16mm,WTL M03 B03 312 GEX,Regular,,,,,,,,9000.0,,,9000.0,MTO,,,9000.0,,9000.0,,,,,,9000.0,,,Forecast Bullseye,Dispatch 0 units (no committed demand). MTO item — demand is order-driven. Forecast hit dead-on (0% variance) — strong demand sensing. No open commitment gap.,Over-Production,"Produced 9,000 units against committed 0 units. Red flag — produced 9,000 units more than ordered. Investigate planning breakdown.",Ops accepted Sales forecast in full. No capacity gap at plan stage.,,,,,,,,,,,,,
HD CTWD-16mm,WTL M03 B03 312 MM,Regular,2700.0,2700.0,,2700.0,,100%,4118.0,4550.0,4000.0,4000.0,8668.0,MTS,4000.0,148.1%,4668.0,4550.0,118.0,,,,,,1418.0,,1300.0,Over-Delivered | Forecast Bullseye,"Dispatch 148% of committed (4,000 vs 2,700). MTS item — buffer stock + green level matters. Forecast hit dead-on (0% variance) — strong demand sensing. Action: review over-commit of 1,300 units.",Excess Inventory,"Produced 4,550 units against committed 2,700 units. Excess build-up of 1,418 units — throttle production.",Ops accepted Sales forecast in full. No capacity gap at plan stage.,51618.46,,3132.0,3132.0,,,,,102024.0,1300.0,,102024.0,
HD CTWD-16mm,WTL M03 B03 312 MTR,Regular,,,,,,,,3000.0,3000.0,3000.0,3000.0,MTO,,,3000.0,,3000.0,,,,,,3000.0,,,Forecast Bullseye,Dispatch 0 units (no committed demand). MTO item — demand is order-driven. Forecast hit dead-on (0% variance) — strong demand sensing. No open commitment gap.,Over-Production,"Produced 3,000 units against committed 0 units. Red flag — produced 3,000 units more than ordered. Investigate planning breakdown.",Ops accepted Sales forecast in full. No capacity gap at plan stage.,,,,,,,,,,,,,
HD CTWD-16mm,WTL M03 B03 312 TM,Regular,,,,,,,145.0,,,,145.0,MTO,20.0,,125.0,,125.0,,,,,,,145.0,20.0,Forecast Bullseye,Dispatch 20 units (no committed demand). MTO item — demand is order-driven. Forecast hit dead-on (0% variance) — strong demand sensing. Action: review over-commit of 20 units.,Unsold MTO Stock,Produced 0 units against committed 0 units.,Ops accepted Sales forecast in full. No capacity gap at plan stage.,,4664.91,,,,,,,1569.6,20.0,,1569.6,
HD CTWD-16mm,WTL M03 B03 312 WH,Regular,,,,,,,,,,,,MTO,3.0,,-3.0,,,,,,,,,,3.0,Forecast Bullseye,Dispatch 3 units (no committed demand). MTO item — demand is order-driven. Forecast hit dead-on (0% variance) — strong demand sensing. Action: review over-commit of 3 units.,Healthy Stock,Produced 0 units against committed 0 units.,Ops accepted Sales forecast in full. No capacity gap at plan stage.,,,,,,,,,235.44,,3.0,,235.44
,WTL M03 B03 362 MM,Regular,,,,,,,5.0,,,,5.0,TBC,,,5.0,,5.0,,,,,,,5.0,,Forecast Bullseye,Dispatch 0 units (no committed demand). Forecast hit dead-on (0% variance) — strong demand sensing. No open commitment gap.,Healthy Stock,Produced 0 units against committed 0 units.,Ops accepted Sales forecast in full. No capacity gap at plan stage.,,268.4,,,,,,,,,,,
HD CTWD-16mm,WTL M03 B03 362 MTR,Regular,,,,,,,,1000.0,1000.0,1000.0,1000.0,MTO,,,1000.0,,1000.0,,,,,,1000.0,,,Forecast Bullseye,Dispatch 0 units (no committed demand). MTO item — demand is order-driven. Forecast hit dead-on (0% variance) — strong demand sensing. No open commitment gap.,Over-Production,"Produced 1,000 units against committed 0 units. Red flag — produced 1,000 units more than ordered. Investigate planning breakdown.",Ops accepted Sales forecast in full. No capacity gap at plan stage.,,,,,,,,,,,,,
HD CTWD 16 410 10,WTL M03 B03 362 SRB,Regular,,,,,,,34.0,,,,34.0,MTO,,,34.0,,34.0,,,,,,,34.0,,Forecast Bullseye,Dispatch 0 units (no committed demand). MTO item — demand is order-driven. Forecast hit dead-on (0% variance) — strong demand sensing. No open commitment gap.,Unsold MTO Stock,Produced 0 units against committed 0 units.,Ops accepted Sales forecast in full. No capacity gap at plan stage.,,34.0,,,,,,,,,,,
HD CTWD-16mm,WTL M03 B03 362 TM,Regular,,,,,,,145.0,,,,145.0,MTO,20.0,,125.0,,125.0,,,,,,,145.0,20.0,Forecast Bullseye,Dispatch 20 units (no committed demand). MTO item — demand is order-driven. Forecast hit dead-on (0% variance) — strong demand sensing. Action: review over-commit of 20 units.,Unsold MTO Stock,Produced 0 units against committed 0 units.,Ops accepted Sales forecast in full. No capacity gap at plan stage.,,4804.37,,,,,,,1569.6,20.0,,1569.6,
HD CTWD-16mm,WTL M03 B03 362 WH,Regular,,,,,,,,50.0,50.0,50.0,50.0,MTO,50.0,,0.0,,,,,,,,50.0,,50.0,Forecast Bullseye,Dispatch 50 units (no committed demand). MTO item — demand is order-driven. Forecast hit dead-on (0% variance) — strong demand sensing. Action: review over-commit of 50 units.,Over-Production,Produced 50 units against committed 0 units. Red flag — produced 50 units more than ordered. Investigate planning breakdown.,Ops accepted Sales forecast in full. No capacity gap at plan stage.,,,,,,,,,3924.0,,50.0,,3924.0
,WTL M03 B03 412 MM,Regular,,,,,,,5.0,,,,5.0,TBC,,,5.0,,5.0,,,,,,,5.0,,Forecast Bullseye,Dispatch 0 units (no committed demand). Forecast hit dead-on (0% variance) — strong demand sensing. No open commitment gap.,Healthy Stock,Produced 0 units against committed 0 units.,Ops accepted Sales forecast in full. No capacity gap at plan stage.,,276.64,,,,,,,,,,,
HD CTWD-16mm,WTL M03 B03 412 MTR,Regular,,,,,,,,1000.0,1000.0,1000.0,1000.0,MTO,,,1000.0,,1000.0,,,,,,1000.0,,,Forecast Bullseye,Dispatch 0 units (no committed demand). MTO item — demand is order-driven. Forecast hit dead-on (0% variance) — strong demand sensing. No open commitment gap.,Over-Production,"Produced 1,000 units against committed 0 units. Red flag — produced 1,000 units more than ordered. Investigate planning breakdown.",Ops accepted Sales forecast in full. No capacity gap at plan stage.,,,,,,,,,,,,,
HD CTWD 16 410 10,WTL M03 B03 412 OEM,Regular,200.0,200.0,,200.0,,100%,1710.0,,,,1710.0,MTO,,0.0%,1710.0,,1710.0,200.0,200.0,,,,,1510.0,,Short Delivery | Forecast Bullseye,Dispatch 0% of committed (0 vs 200). MTO item — demand is order-driven. Forecast hit dead-on (0% variance) — strong demand sensing. Action: recover shortfall of 200 units.,Healthy Stock,Produced 0 units against committed 200 units.,Ops accepted Sales forecast in full. No capacity gap at plan stage.,,56171.98,,,,,,,,,,,
HD CTWD 16 410 10,WTL M03 B03 462 OEM,Regular,400.0,400.0,,400.0,,100%,761.0,,,,761.0,MTO,,0.0%,761.0,,761.0,400.0,400.0,,,,,361.0,,Short Delivery | Forecast Bullseye,Dispatch 0% of committed (0 vs 400). MTO item — demand is order-driven. Forecast hit dead-on (0% variance) — strong demand sensing. Action: recover shortfall of 400 units.,Healthy Stock,Produced 0 units against committed 400 units.,Ops accepted Sales forecast in full. No capacity gap at plan stage.,,12652.82,,,,,,,,,,,
HD CTWD 16 410 10,WTL M03 B03 462 SRB,Regular,,,,,,,25.0,,,,25.0,MTO,,,25.0,,25.0,,,,,,,25.0,,Forecast Bullseye,Dispatch 0 units (no committed demand). MTO item — demand is order-driven. Forecast hit dead-on (0% variance) — strong demand sensing. No open commitment gap.,Unsold MTO Stock,Produced 0 units against committed 0 units.,Ops accepted Sales forecast in full. No capacity gap at plan stage.,,25.0,,,,,,,,,,,
HD CTWD 16 410,WTL M03 B03 662 CAT,Regular,400.0,400.0,,400.0,,100%,90.0,,,,90.0,MTO,,0.0%,90.0,,90.0,400.0,90.0,,,310.0,,,,Short Delivery | Forecast Bullseye,Dispatch 0% of committed (0 vs 400). MTO item — demand is order-driven. Forecast hit dead-on (0% variance) — strong demand sensing. Action: recover shortfall of 400 units.,Production Shortfall,Produced 0 units against committed 400 units. Shortfall of 310 units — expedite production or procure.,Ops accepted Sales forecast in full. No capacity gap at plan stage.,,,310.0,,,,,,,,,,
HD CTWD-16mm,WTL M03 B03 95A OEM,Regular,,,,,,,,,12000.0,,12000.0,MTO,12000.0,,0.0,,,,,,,,,,12000.0,Forecast Bullseye,"Dispatch 12,000 units (no committed demand). MTO item — demand is order-driven. Forecast hit dead-on (0% variance) — strong demand sensing. Action: review over-commit of 12,000 units.",Healthy Stock,Produced 0 units against committed 0 units. Production and inventory in healthy state.,Ops accepted Sales forecast in full. No capacity gap at plan stage.,,,,,,,,,941760.0,,12000.0,,941760.0
HD CTWD-16mm,WTL M03 B03 95A PS,Regular,7300.0,7300.0,,7300.0,,100%,9994.0,10850.0,,12000.0,8844.0,MTS,6000.0,82.2%,2844.0,10416.67,,1300.0,1300.0,,,,3127.33,,,Short Delivery | Forecast Bullseye,"Dispatch 82% of committed (6,000 vs 7,300). MTS item — buffer stock + green level matters. Forecast hit dead-on (0% variance) — strong demand sensing. Action: recover shortfall of 1,300 units.",Stock-Out Risk | Production Surplus,"Produced 10,850 units against committed 7,300 units. Closing 2,844 units. Green level 10,417 (0.3x cover) — ⚠ Safety breach — replenish urgently.",Ops accepted Sales forecast in full. No capacity gap at plan stage.,106043.12,,7722.67,7722.67,,102024.0,,,,,,,
HD CTWD 16 410 10,WTL M03 B03 J3 EE,Regular,1000.0,1000.0,,1000.0,,100%,1089.0,,,,1089.0,MTO,,0.0%,1089.0,,1089.0,1000.0,1000.0,,,,,89.0,,Short Delivery | Forecast Bullseye,"Dispatch 0% of committed (0 vs 1,000). MTO item — demand is order-driven. Forecast hit dead-on (0% variance) — strong demand sensing. Action: recover shortfall of 1,000 units.",Healthy Stock,"Produced 0 units against committed 1,000 units.",Ops accepted Sales forecast in full. No capacity gap at plan stage.,,3000.67,,,,,,,,,,,
HD CTWD-16mm,WTL M03 B03 J4 AL1,Regular,18200.0,18200.0,,18200.0,,100%,700.0,42700.0,,,43400.0,MTS,42500.0,233.5%,900.0,20700.0,,,,,,,4500.0,,24300.0,Over-Delivered | Forecast Bullseye,"Dispatch 234% of committed (42,500 vs 18,200). MTS item — buffer stock + green level matters. Forecast hit dead-on (0% variance) — strong demand sensing. Action: review over-commit of 24,300 units.",Stock-Out Risk | Production Surplus,"Produced 42,700 units against committed 18,200 units. Closing 900 units. Green level 20,700 (0.0x cover) — ⚠ Safety breach — replenish urgently.",Ops accepted Sales forecast in full. No capacity gap at plan stage.,155049.93,,38200.0,38200.0,,,,,1907064.0,,24300.0,,1907064.0
,WTL M03 B03 J4 AL2,Regular,,,,,,,440.0,,,,440.0,TBC,,,440.0,,440.0,,,,,,,440.0,,Forecast Bullseye,Dispatch 0 units (no committed demand). Forecast hit dead-on (0% variance) — strong demand sensing. No open commitment gap.,Healthy Stock,Produced 0 units against committed 0 units.,Ops accepted Sales forecast in full. No capacity gap at plan stage.,,18546.85,,,,,,,,,,,
,WTL M06 B03 362 OEM,Regular,,,,,,,20.0,,,,20.0,TBC,,,20.0,,20.0,,,,,,,20.0,,Forecast Bullseye,Dispatch 0 units (no committed demand). Forecast hit dead-on (0% variance) — strong demand sensing. No open commitment gap.,Healthy Stock,Produced 0 units against committed 0 units.,Ops accepted Sales forecast in full. No capacity gap at plan stage.,,869.25,,,,,,,,,,,
,WTL M06 B03 462 OEM,Regular,,,,,,,20.0,,,,20.0,TBC,,,20.0,,20.0,,,,,,,20.0,,Forecast Bullseye,Dispatch 0 units (no committed demand). Forecast hit dead-on (0% variance) — strong demand sensing. No open commitment gap.,Healthy Stock,Produced 0 units against committed 0 units.,Ops accepted Sales forecast in full. No capacity gap at plan stage.,,1257.78,,,,,,,,,,,
